TotalTime;SegmentTime;XTran1;YTran1;ZTran1;XTran2;YTran2;ZTran2;
0.02;0.02;0;0;0;0;0;0
0.04;0.04;0;0;0;0;0;0
0.1406492;0.1406492;0;0;0;0;0;0
0.1812626;0.1812626;0;0;0;0;0;0
0.2079648;0.2079648;0;0;0;0;0;0
0.2239811;0.2239811;0;0;0;0;0;0
0.2442964;0.2442964;0;0;0;0;0;0
0.2744735;0.2744735;0;0;0;0;0;0
0.2994199;0.2994199;0;0;0;0;0;0
0.3237144;0.3237144;0;0;0;0;0;0
0.3546157;0.3546157;0;0;0;0;0;0
0.3787434;0.3787434;0;0;0;0;0;0
0.4127698;0.4127698;0;0;0;0;0;0
0.4371727;0.4371727;0;0;0;0;0;0
0.4589711;0.4589711;0;0;0;0;0;0
0.4926588;0.4926588;0;0;0;0;0;0
0.5239367;0.5239367;0;0;0;0;0;0
0.5635537;0.5635537;0;0;0;0;0;0
0.6020703;0.6020703;0;0;0;0;0;0
0.6308077;0.6308077;0;0;0;0;0;0
0.6647609;0.6647609;0;0;0;0;0;0
0.7013813;0.7013813;0;0;0;0;0;0
0.7349176;0.7349176;0;0;0;0;0;0
0.7645959;0.7645959;0;0;0;0;0;0
0.7861166;0.7861166;0;0;0;0;0;0
0.8123558;0.8123558;0;0;0;0;0;0
0.8317771;0.8317771;0;0;0;0;0;0
0.8593577;0.8593577;0;0;0;0;0;0
0.885583;0.885583;0;0;0;0;0;0
0.9114906;0.9114906;0;0;0;0;0;0
0.9323789;0.9323789;0;0;0;0;0;0
0.9556584;0.9556584;0;0;0;0;0;0
0.9879299;0.9879299;0;0;0;0;0;0
1.010341;1.010341;0;0;0;0;0;0
1.03092;1.03092;0;0;0;0;0;0
1.049663;1.049663;0;0;0;0;0;0
1.077506;1.077506;0;0;0;0;0;0
1.099418;1.099418;0;0;0;0;0;0
1.123573;1.123573;0;0;0;0;0;0
1.153683;1.153683;0;0;0;0;0;0
1.178036;1.178036;0;0;0;0;0;0
1.20155;1.20155;0;0;0;0;0;0
1.223639;1.223639;0;0;0;0;0;0
1.243568;1.243568;0;0;0;0;0;0
1.268672;1.268672;0;0;0;0;0;0
1.294438;1.294438;0;0;0;0;0;0
1.316599;1.316599;0;0;0;0;0;0
1.33376;1.33376;0;0;0;0;0;0
1.357066;1.357066;0;0;0;0;0;0
1.385689;1.385689;0;0;0;0;0;0
1.411883;1.411883;0;0;0;0;0;0
1.42607;1.42607;0;0;0;0;0;0
1.451931;1.451931;0;0;0;0;0;0
1.478583;1.478583;0;0;0;0;0;0
1.499097;1.499097;0;0;0;0;0;0
1.522285;1.522285;0;0;0;0;0;0
1.545767;1.545767;0;0;0;0;0;0
1.565745;1.565745;0;0;0;0;0;0
1.588716;1.588716;0;0;0;0;0;0
1.612476;1.612476;0;0;0;0;0;0
1.634548;1.634548;0;0;0;0;0;0
1.657793;1.657793;0;0;0;0;0;0
1.684245;1.684245;0;0;0;0;0;0
1.703947;1.703947;0;0;0;0;0;0
1.728288;1.728288;0;0;0;0;0;0
1.753766;1.753766;0;0;0;0;0;0
1.774833;1.774833;0;0;0;0;0;0
1.797959;1.797959;0;0;0;0;0;0
1.82074;1.82074;0;0;0;0;0;0
1.848815;1.848815;0;0;0;0;0;0
1.86337;1.86337;0;0;0;0;0;0
1.891096;1.891096;0;0;0;0;0;0
1.909963;1.909963;0;0;0;0;0;0
1.92752;1.92752;0;0;0;0;0;0
1.954967;1.954967;0;0;0;0;0;0
1.9778;1.9778;0;0;0;0;0;0
1.999973;1.999973;0;0;0;0;0;0
2.023661;2.023661;0;0;0;0;0;0
2.047971;2.047971;0;0;0;0;0;0
2.068302;2.068302;0;0;0;0;0;0
2.094207;2.094207;0;0;0;0;0;0
2.111592;2.111592;0;0;0;0;0;0
2.141013;2.141013;0;0;0;0;0;0
2.156423;2.156423;0;0;0;0;0;0
2.183944;2.183944;0;0;0;0;0;0
2.206064;2.206064;0;0;0;0;0;0
2.225311;2.225311;0;0;0;0;0;0
2.250988;2.250988;0;0;0;0;0;0
2.275895;2.275895;0;0;0;0;0;0
2.297602;2.297602;0;0;0;0;0;0
2.316951;2.316951;0;0;0;0;0;0
2.343688;2.343688;0;0;0;0;0;0
2.363101;2.363101;0;0;0;0;0;0
2.384989;2.384989;0;0;0;0;0;0
2.41031;2.41031;0;0;0;0;0;0
2.434687;2.434687;0;0;0;0;0;0
2.455169;2.455169;0;0;0;0;0;0
2.474383;2.474383;0;0;0;0;0;0
2.499089;2.499089;0;0;0;0;0;0
2.528222;2.528222;0;0;0;0;0;0
2.544309;2.544309;0;0;0;0;0;0
2.568264;2.568264;0;0;0;0;0;0
2.588416;2.588416;0;0;0;0;0;0
2.613549;2.613549;0;0;0;0;0;0
2.636381;2.636381;0;0;0;0;0;0
2.660151;2.660151;0;0;0;0;0;0
2.680512;2.680512;0;0;0;0;0;0
2.700403;2.700403;0;0;0;0;0;0
2.724026;2.724026;0;0;0;0;0;0
2.74403;2.74403;0;0;0;0;0;0
2.765578;2.765578;0;0;0;0;0;0
2.789331;2.789331;0;0;0;0;0;0
2.814434;2.814434;0;0;0;0;0;0
2.837949;2.837949;0;0;0;0;0;0
2.85714;2.85714;0;0;0;0;0;0
2.883179;2.883179;0;0;0;0;0;0
2.908958;2.908958;0;0;0;0;0;0
2.930759;2.930759;0;0;0;0;0;0
2.958261;2.958261;0;0;0;0;0;0
2.978289;2.978289;0;0;0;0;0;0
3.004104;3.004104;0;0;0;0;0;0
3.025703;3.025703;0;0;0;0;0;0
3.059231;3.059231;0;0;0;0;0;0
3.081912;3.081912;0;0;0;0;0;0
3.098616;3.098616;0;0;0;0;0;0
3.111715;3.111715;0;0;0;0;0;0
3.134478;3.134478;0;0;0;0;0;0
3.159293;3.159293;0;0;0;0;0;0
3.192566;3.192566;0;0;0;0;0;0
3.209065;3.209065;0;0;0;0;0;0
3.241905;3.241905;0;0;0;0;0;0
3.260238;3.260238;0;0;0;0;0;0
3.276284;3.276284;0;0;0;0;0;0
3.300881;3.300881;0;0;0;0;0;0
3.320926;3.320926;0;0;0;0;0;0
3.343234;3.343234;0;0;0;0;0;0
3.365688;3.365688;0;0;0;0;0;0
3.389649;3.389649;0;0;0;0;0;0
3.409963;3.409963;0;0;0;0;0;0
3.435601;3.435601;0;0;0;0;0;0
3.455945;3.455945;0;0;0;0;0;0
3.479732;3.479732;0;0;0;0;0;0
3.501035;3.501035;0;0;0;0;0;0
3.52388;3.52388;0;0;0;0;0;0
3.54718;3.54718;0;0;0;0;0;0
3.572264;3.572264;0;0;0;0;0;0
3.597662;3.597662;0;0;0;0;0;0
3.619027;3.619027;0;0;0;0;0;0
3.642212;3.642212;0;0;0;0;0;0
3.667732;3.667732;0;0;0;0;0;0
3.69131;3.69131;0;0;0;0;0;0
3.715311;3.715311;0;0;0;0;0;0
3.746542;3.746542;0;0;0;0;0;0
3.768146;3.768146;0;0;0;0;0;0
3.789256;3.789256;0;0;0;0;0;0
3.82129;3.82129;0;0;0;0;0;0
3.84285;3.84285;0;0;0;0;0;0
3.873891;3.873891;0;0;0;0;0;0
3.902061;3.902061;0;0;0;0;0;0
3.920283;3.920283;0;0;0;0;0;0
3.94493;3.94493;0;0;0;0;0;0
3.969124;3.969124;0;0;0;0;0;0
3.989174;3.989174;0;0;0;0;0;0
4.013824;4.013824;0;0;0;0;0;0
4.033767;4.033767;0;0;0;0;0;0
4.061074;4.061074;0;0;0;0;0;0
4.084397;4.084397;0;0;0;0;0;0
4.107769;4.107769;0;0;0;0;0;0
4.132918;4.132918;0;0;0;0;0;0
4.154622;4.154622;0;0;0;0;0;0
4.177325;4.177325;0;0;0;0;0;0
4.200872;4.200872;0;0;0;0;0;0
4.222848;4.222848;0;0;0;0;0;0
4.244779;4.244779;0;0;0;0;0;0
4.268709;4.268709;0;0;0;0;0;0
4.296106;4.296106;0;0;0;0;0;0
4.319107;4.319107;0;0;0;0;0;0
4.353754;4.353754;0;0;0;0;0;0
4.370027;4.370027;0;0;0;0;0;0
4.390878;4.390878;0;0;0;0;0;0
4.417881;4.417881;0;0;0;0;0;0
4.444466;4.444466;0;0;0;0;0;0
4.466299;4.466299;0;0;0;0;0;0
4.49402;4.49402;0;0;0;0;0;0
4.51899;4.51899;0;0;0;0;0;0
4.541333;4.541333;0;0;0;0;0;0
4.563735;4.563735;0;0;0;0;0;0
4.586813;4.586813;0;0;0;0;0;0
4.611409;4.611409;0;0;0;0;0;0
4.633025;4.633025;0;0;0;0;0;0
4.65552;4.65552;0;0;0;0;0;0
4.675646;4.675646;0;0;0;0;0;0
4.697265;4.697265;0;0;0;0;0;0
4.725374;4.725374;0;0;0;0;0;0
4.743554;4.743554;0;0;0;0;0;0
4.772057;4.772057;0;0;0;0;0;0
4.796845;4.796845;0;0;0;0;0;0
4.819788;4.819788;0;0;0;0;0;0
4.843845;4.843845;0;0;0;0;0;0
4.867779;4.867779;0;0;0;0;0;0
4.89493;4.89493;0;0;0;0;0;0
4.922035;4.922035;0;0;0;0;0;0
4.943228;4.943228;0;0;0;0;0;0
4.968136;4.968136;0;0;0;0;0;0
4.99566;4.99566;0;0;0;0;0;0
5.0194;5.0194;0;0;0;0;0;0
5.041953;5.041953;0;0;0;0;0;0
5.068103;5.068103;0;0;0;0;0;0
5.095534;5.095534;0;0;0;0;0;0
5.11787;5.11787;0;0;0;0;0;0
5.143007;5.143007;0;0;0;0;0;0
5.165491;5.165491;0;0;0;0;0;0
5.19329;5.19329;0;0;0;0;0;0
5.218266;5.218266;0;0;0;0;0;0
5.241019;5.241019;0;0;0;0;0;0
5.26555;5.26555;0;0;0;0;0;0
5.291231;5.291231;0;0;0;0;0;0
5.317378;5.317378;0;0;0;0;0;0
5.3406;5.3406;0;0;0;0;0;0
5.365461;5.365461;0;0;0;0;0;0
5.387028;5.387028;0;0;0;0;0;0
5.41654;5.41654;0;0;0;0;0;0
5.439805;5.439805;0;0;0;0;0;0
5.463402;5.463402;0;0;0;0;0;0
5.48612;5.48612;0;0;0;0;0;0
5.509564;5.509564;0;0;0;0;0;0
5.538801;5.538801;0;0;0;0;0;0
5.555812;5.555812;0;0;0;0;0;0
5.585371;5.585371;0;0;0;0;0;0
5.602502;5.602502;0;0;0;0;0;0
5.631503;5.631503;0;0;0;0;0;0
5.666693;5.666693;0;0;0;0;0;0
5.678447;5.678447;0;0;0;0;0;0
5.704844;5.704844;0;0;0;0;0;0
5.729741;5.729741;0;0;0;0;0;0
5.751585;5.751585;0;0;0;0;0;0
5.772911;5.772911;0;0;0;0;0;0
5.797432;5.797432;0;0;0;0;0;0
5.820364;5.820364;0;0;0;0;0;0
5.843214;5.843214;0;0;0;0;0;0
5.866922;5.866922;0;0;0;0;0;0
5.888062;5.888062;0;0;0;0;0;0
5.91086;5.91086;0;0;0;0;0;0
5.932527;5.932527;0;0;0;0;0;0
5.957151;5.957151;0;0;0;0;0;0
5.977557;5.977557;0;0;0;0;0;0
6.000411;6.000411;0;0;0;0;0;0
6.026972;6.026972;0;0;0;0;0;0
6.04512;6.04512;0;0;0;0;0;0
6.071877;6.071877;0;0;0;0;0;0
6.09563;6.09563;0;0;0;0;0;0
6.114047;6.114047;0;0;0;0;0;0
6.139647;6.139647;0;0;0;0;0;0
6.162321;6.162321;0;0;0;0;0;0
6.188337;6.188337;0;0;0;0;0;0
6.210804;6.210804;0;0;0;0;0;0
6.225279;6.225279;0;0;0;0;0;0
6.255323;6.255323;0;0;0;0;0;0
6.277094;6.277094;0;0;0;0;0;0
6.301635;6.301635;0;0;0;0;0;0
6.31495;6.31495;0;0;0;0;0;0
6.343129;6.343129;0;0;0;0;0;0
6.356734;6.356734;0;0;0;0;0;0
6.3834;6.3834;0;0;0;0;0;0
6.418113;6.418113;0;0;0;0;0;0
6.441957;6.441957;0;0;0;0;0;0
6.46443;6.46443;0;0;0;0;0;0
6.485911;6.485911;0;0;0;0;0;0
6.507339;6.507339;0;0;0;0;0;0
6.529363;6.529363;0;0;0;0;0;0
6.551313;6.551313;0;0;0;0;0;0
6.575762;6.575762;0;0;0;0;0;0
6.596521;6.596521;0;0;0;0;0;0
6.614162;6.614162;0;0;0;0;0;0
6.641815;6.641815;0;0;0;0;0;0
6.66215;6.66215;0;0;0;0;0;0
6.68866;6.68866;0;0;0;0;0;0
6.706306;6.706306;0;0;0;0;0;0
6.723556;6.723556;0;0;0;0;0;0
6.750981;6.750981;0;0;0;0;0;0
6.772286;6.772286;0;0;0;0;0;0
6.801326;6.801326;0;0;0;0;0;0
6.818388;6.818388;0;0;0;0;0;0
6.841075;6.841075;0;0;0;0;0;0
6.862633;6.862633;0;0;0;0;0;0
6.884089;6.884089;0;0;0;0;0;0
6.901917;6.901917;0;0;0;0;0;0
6.933135;6.933135;0;0;0;0;0;0
6.94642;6.94642;0;0;0;0;0;0
6.97583;6.97583;0;0;0;0;0;0
7.00111;7.00111;0;0;0;0;0;0
7.020051;7.020051;0;0;0;0;0;0
7.042747;7.042747;0;0;0;0;0;0
7.063308;7.063308;0;0;0;0;0;0
7.086619;7.086619;0;0;0;0;0;0
7.109434;7.109434;0;0;0;0;0;0
7.138862;7.138862;0;0;0;0;0;0
7.162963;7.162963;0;0;0;0;0;0
7.187646;7.187646;0;0;0;0;0;0
7.20329;7.20329;0;0;0;0;0;0
7.235874;7.235874;-0.01861666;1.346231;0.1585665;0;0;0
7.257017;7.257017;-0.002800763;1.345551;0.1751853;0;0;0
7.277269;7.277269;0.002820686;1.339247;0.1893677;0;0;0
7.306109;7.306109;0.008509293;1.328794;0.2031371;0;0;0
7.330626;7.330626;0.009729654;1.321472;0.2118827;0;0;0
7.352953;7.352953;0.008347034;1.317356;0.2180085;0;0;0
7.375363;7.375363;0.005237401;1.312991;0.22261;0;0;0
7.398519;7.398519;-0.0002839565;1.308411;0.2274008;0;0;0
7.421844;7.421844;-0.006191343;1.305836;0.2327802;0;0;0
7.450766;7.450766;-0.009749562;1.305531;0.2364081;0;0;0
7.472691;7.472691;-0.01398176;1.306599;0.2382495;0;0;0
7.498642;7.498642;-0.01589051;1.307419;0.2390721;0;0;0
7.512831;7.512831;-0.01934989;1.310306;0.2400724;0;0;0
7.544647;7.544647;-0.0224387;1.311992;0.2406089;0;0;0
7.565712;7.565712;-0.0258857;1.313865;0.2406226;0;0;0
7.59041;7.59041;-0.03086846;1.316037;0.2399711;0;0;0
7.621027;7.621027;-0.0337621;1.317176;0.2382409;0;0;0
7.649329;7.649329;-0.03618956;1.318273;0.2359486;0;0;0
7.670914;7.670914;-0.03824861;1.320196;0.2316525;0;0;0
7.696305;7.696305;-0.03849615;1.320784;0.227685;0;0;0
7.717717;7.717717;-0.03799705;1.319831;0.2230261;0;0;0
7.741881;7.741881;-0.03500852;1.318309;0.2187676;0;0;0
7.769742;7.769742;-0.03246635;1.318046;0.2140942;0;0;0
7.793949;7.793949;-0.03055848;1.317367;0.2098754;0;0;0
7.807178;7.807178;-0.02919434;1.316461;0.2036821;0;0;0
7.834897;7.834897;-0.02628992;1.313848;0.1986557;0;0;0
7.856504;7.856504;-0.02406771;1.314394;0.1924413;0;0;0
7.880496;7.880496;-0.02181537;1.314559;0.1819056;0;0;0
7.908879;7.908879;-0.01982716;1.312799;0.173595;0;0;0
7.930604;7.930604;-0.01840021;1.309298;0.1666403;0;0;0
7.955155;7.955155;-0.01774827;1.307064;0.1626216;0;0;0
7.971546;7.971546;-0.01582484;1.301176;0.1524994;0;0;0
7.998966;7.998966;-0.0123716;1.296412;0.145218;0;0;0
8.022773;8.022773;-0.00835824;1.288642;0.1367985;0;0;0
8.053056;8.053056;-0.00668478;1.285644;0.1340423;0;0;0
8.071008;8.071008;-0.001372397;1.274931;0.1245851;0;0;0
8.102141;8.102141;0.003203869;1.266769;0.1193134;0;0;0
8.121847;8.121847;0.008569285;1.258756;0.114656;0;0;0
8.147665;8.147665;0.01427661;1.251607;0.1104113;0;0;0
8.165792;8.165792;0.01709843;1.246734;0.1084194;0;0;0
8.183377;8.183377;0.02484074;1.238328;0.1020287;0;0;0
8.213575;8.213575;0.02812061;1.233037;0.09583339;0;0;0
8.235765;8.235765;0.03423667;1.225503;0.0911231;0;0;0
8.260634;8.260634;0.03690168;1.219012;0.08692821;0;0;0
8.293063;8.293063;0.03907008;1.213307;0.08357809;0;0;0
8.306882;8.306882;0.03992106;1.209329;0.08119182;0;0;0
8.32757;8.32757;0.04085517;1.197675;0.07563676;0;0;0
8.358369;8.358369;0.03931619;1.191702;0.07164484;0;0;0
8.387491;8.387491;0.0385712;1.18777;0.06869242;0;0;0
8.412395;8.412395;0.03896256;1.184271;0.06581645;0;0;0
8.4314;8.4314;0.04010335;1.180629;0.06326737;0;0;0
8.456528;8.456528;0.04134512;1.178551;0.06191466;0;0;0
8.481635;8.481635;0.04110572;1.176593;0.0616496;0;0;0
8.500761;8.500761;0.04313366;1.172768;0.05999549;0;0;0
8.530058;8.530058;0.04358935;1.172798;0.05888649;0;0;0
8.549391;8.549391;0.04509094;1.172455;0.0565245;0;0;0
8.576895;8.576895;0.05044423;1.171874;0.04974154;0;0;0
8.605916;8.605916;0.05244751;1.174026;0.04264393;0;0;0
8.636158;8.636158;0.05569301;1.174372;0.03652788;0;0;0
8.656947;8.656947;0.05933265;1.174771;0.02955787;0;0;0
8.678378;8.678378;0.0623321;1.174627;0.02297528;0;0;0
8.701303;8.701303;0.06514718;1.17376;0.01656939;0;0;0
8.728289;8.728289;0.06793627;1.173786;0.009710703;0;0;0
8.75102;8.75102;0.07395753;1.165812;0.003901996;0;0;0
8.771193;8.771193;0.08010636;1.156713;-0.002146993;0;0;0
8.798509;8.798509;0.08164608;1.151978;-0.006432906;0;0;0
8.823254;8.823254;0.08446653;1.14075;-0.02209152;0;0;0
8.851111;8.851111;0.08397343;1.138749;-0.02587709;0;0;0
8.867613;8.867613;0.0831479;1.13373;-0.02918863;0;0;0
8.890676;8.890676;0.07886156;1.122906;-0.03575997;0;0;0
8.919053;8.919053;0.07676064;1.119972;-0.03781389;0;0;0
8.94072;8.94072;0.07779017;1.117599;-0.03853779;0;0;0
8.966535;8.966535;0.07535803;1.12112;-0.04058687;0;0;0
8.980993;8.980993;0.07052782;1.122045;-0.04359783;0;0;0
9.004865;9.004865;0;0;0;0;0;0
9.033282;9.033282;0;0;0;0;0;0
9.050177;9.050177;0;0;0;0;0;0
9.082829;9.082829;0;0;0;0;0;0
9.106571;9.106571;0;0;0;0;0;0
9.128148;9.128148;0;0;0;0;0;0
9.151453;9.151453;0;0;0;0;0;0
9.176032;9.176032;0;0;0;0;0;0
9.194388;9.194388;0;0;0;0;0;0
9.220051;9.220051;0;0;0;0;0;0
9.243275;9.243275;0;0;0;0;0;0
9.267942;9.267942;0;0;0;0;0;0
9.296041;9.296041;0;0;0;0;0;0
9.319464;9.319464;0;0;0;0;0;0
9.344761;9.344761;0;0;0;0;0;0
9.369808;9.369808;0;0;0;0;0;0
9.394522;9.394522;0;0;0;0;0;0
9.41848;9.41848;0;0;0;0;0;0
9.442723;9.442723;0;0;0;0;0;0
9.466063;9.466063;0;0;0;0;0;0
9.49031;9.49031;0;0;0;0;0;0
9.512993;9.512993;0;0;0;0;0;0
9.537654;9.537654;0;0;0;0;0;0
9.557573;9.557573;0;0;0;0;0;0
9.588434;9.588434;0;0;0;0;0;0
9.602761;9.602761;0;0;0;0;0;0
9.630718;9.630718;0;0;0;0;0;0
9.653464;9.653464;0;0;0;0;0;0
9.676289;9.676289;0;0;0;0;0;0
9.696402;9.696402;0;0;0;0;0;0
9.722133;9.722133;0;0;0;0;0;0
9.745763;9.745763;0;0;0;0;0;0
9.772572;9.772572;0;0;0;0;0;0
9.798223;9.798223;0;0;0;0;0;0
9.817353;9.817353;0;0;0;0;0;0
9.840181;9.840181;0;0;0;0;0;0
9.867401;9.867401;0;0;0;0;0;0
9.892599;9.892599;0;0;0;0;0;0
9.907431;9.907431;0;0;0;0;0;0
9.931782;9.931782;0;0;0;0;0;0
9.954703;9.954703;0;0;0;0;0;0
9.977736;9.977736;0;0;0;0;0;0
9.999509;9.999509;0;0;0;0;0;0
10.02139;10.02139;0;0;0;0;0;0
10.04374;10.04374;0;0;0;0;0;0
10.06023;10.06023;0;0;0;0;0;0
10.08861;10.08861;0;0;0;0;0;0
10.11506;10.11506;0;0;0;0;0;0
10.13975;10.13975;0;0;0;0;0;0
10.15629;10.15629;0;0;0;0;0;0
10.17965;10.17965;0;0;0;0;0;0
10.21512;10.21512;0;0;0;0;0;0
10.23403;10.23403;0;0;0;0;0;0
10.25671;10.25671;0;0;0;0;0;0
10.27902;10.27902;0;0;0;0;0;0
10.30114;10.30114;0;0;0;0;0;0
10.33544;10.33544;0;0;0;0;0;0
10.35693;10.35693;0;0;0;0;0;0
10.3796;10.3796;0;0;0;0;0;0
10.40189;10.40189;0;0;0;0;0;0
10.4171;10.4171;0;0;0;0;0;0
10.4349;10.4349;0;0;0;0;0;0
10.46762;10.46762;0;0;0;0;0;0
10.48733;10.48733;0;0;0;0;0;0
10.50928;10.50928;0;0;0;0;0;0
10.53093;10.53093;0.01924269;1.054848;0.1967815;0;0;0
10.55469;10.55469;0.02004183;1.052455;0.1955742;0;0;0
10.56994;10.56994;0.02752851;1.040143;0.1919578;0;0;0
10.60098;10.60098;0.03334451;1.031877;0.1878822;0;0;0
10.62416;10.62416;0.04390865;1.022473;0.1783953;0;0;0
10.65238;10.65238;0.05021654;1.016812;0.1712236;0;0;0
10.67427;10.67427;0.0568534;1.01058;0.1638925;0;0;0
10.69763;10.69763;0.0628712;1.006644;0.1583512;0;0;0
10.71962;10.71962;0.07058751;1.004291;0.1534289;0;0;0
10.74321;10.74321;0.07816104;1.002435;0.151784;0;0;0
10.76638;10.76638;0.08368617;1.000137;0.1518562;0;0;0
10.78897;10.78897;0.08663346;0.9986148;0.1526157;0;0;0
10.81298;10.81298;0.08624773;0.998821;0.1560188;0;0;0
10.83836;10.83836;0.08367707;1.003892;0.1653487;0;0;0
10.86239;10.86239;0.0826057;1.008823;0.1741988;0;0;0
10.88416;10.88416;0.07981226;1.01024;0.1869672;0;0;0
10.91269;10.91269;0.07752354;1.01239;0.1963187;0;0;0
10.9303;10.9303;0.07677651;1.016872;0.2031932;0;0;0
10.95309;10.95309;0.07888645;1.021835;0.2098384;0;0;0
10.97901;10.97901;0.08191478;1.025922;0.2149275;0;0;0
10.99934;10.99934;0.08496772;1.027887;0.2172364;0;0;0
11.02121;11.02121;0.08760676;1.028247;0.216007;0;0;0
11.04689;11.04689;0.09129234;1.026188;0.211871;0;0;0
11.07938;11.07938;0.0916294;1.023203;0.2074456;0;0;0
11.10565;11.10565;0.09181733;1.021457;0.2031;0;0;0
11.13191;11.13191;0.09458503;1.020296;0.2000541;0;0;0
11.15244;11.15244;0.09766316;1.019749;0.1977368;0;0;0
11.17068;11.17068;0.1014401;1.01887;0.1967993;0;0;0
11.19628;11.19628;0.1033339;1.018212;0.1970002;0;0;0
11.21376;11.21376;0.1054933;1.013522;0.1991562;0;0;0
11.24046;11.24046;0.1044928;1.006834;0.2027208;0;0;0
11.26461;11.26461;0.1026765;0.9998665;0.2082115;0;0;0
11.29646;11.29646;0.1020873;0.9956365;0.2126363;0;0;0
11.32154;11.32154;0.1014268;0.9910259;0.2172723;0;0;0
11.34338;11.34338;0.09917676;0.9859178;0.2221;0;0;0
11.36649;11.36649;0.09563049;0.9815911;0.2263834;0;0;0
11.38751;11.38751;0.09237307;0.9779971;0.2299177;0;0;0
11.41315;11.41315;0.08947557;0.9766459;0.2346078;0;0;0
11.43822;11.43822;0.08841743;0.9759753;0.2383584;0;0;0
11.46489;11.46489;0.08867928;0.9744787;0.242169;0;0;0
11.48531;11.48531;0.09025466;0.9738796;0.2459859;0;0;0
11.50755;11.50755;0.09212171;0.9723073;0.2509184;0;0;0
11.53298;11.53298;0.09443505;0.9702227;0.2550733;0;0;0
11.55438;11.55438;0.09719749;0.9664086;0.2594305;0;0;0
11.57697;11.57697;0.09821759;0.9616178;0.2641723;0;0;0
11.60531;11.60531;0.09927597;0.9566348;0.2659149;0;0;0
11.6283;11.6283;0.1008759;0.9523911;0.266952;0;0;0
11.65071;11.65071;0.1021397;0.9466915;0.2677302;0;0;0
11.67412;11.67412;0.1042188;0.9406309;0.2674339;0;0;0
11.69663;11.69663;0.1056374;0.932593;0.266728;0;0;0
11.71852;11.71852;0.1051066;0.9246324;0.2656676;0;0;0
11.74139;11.74139;0.1036971;0.9180539;0.2660822;0;0;0
11.76392;11.76392;0.1018039;0.9138719;0.2664592;0;0;0
11.78872;11.78872;0.09794377;0.9082495;0.2661928;0;0;0
11.80972;11.80972;0.09304269;0.9000196;0.2657806;0;0;0
11.83224;11.83224;0.09097254;0.8919647;0.2645459;0;0;0
11.8574;11.8574;0.09001341;0.8826677;0.2628032;0;0;0
11.88418;11.88418;0.08992162;0.8748431;0.2607939;0;0;0
11.91015;11.91015;0.0904751;0.8695744;0.2602301;0;0;0
11.92968;11.92968;0.09115116;0.8649779;0.261324;0;0;0
11.95306;11.95306;0.09158184;0.8599192;0.2625243;0;0;0
11.97911;11.97911;0.09229966;0.8552028;0.2641364;0;0;0
11.9981;11.9981;0.09321125;0.8504554;0.2654037;0;0;0
12.01758;12.01758;0.0942784;0.8452604;0.2674624;0;0;0
12.03948;12.03948;0.09464604;0.8397504;0.2698435;0;0;0
12.06274;12.06274;0.09517583;0.8318226;0.271317;0;0;0
12.08638;12.08638;0.09387498;0.8266611;0.273347;0;0;0
12.10675;12.10675;0.09323531;0.8210187;0.2753957;0;0;0
12.12986;12.12986;0.09292544;0.814838;0.2774702;0;0;0
12.15075;12.15075;0.09241669;0.8087658;0.2791828;0;0;0
12.17407;12.17407;0.09145889;0.8046143;0.2810465;0;0;0
12.20004;12.20004;0.09019156;0.8003193;0.2826754;0;0;0
12.22076;12.22076;0.08982192;0.7975705;0.2850897;0;0;0
12.24189;12.24189;0.08922717;0.7943677;0.2868839;0;0;0
12.26691;12.26691;0.08842031;0.7919832;0.2884927;0;0;0
12.28613;12.28613;0.08786274;0.789685;0.2901841;0;0;0
12.30751;12.30751;0.08736673;0.7877531;0.2915667;0;0;0
12.3312;12.3312;0.08659413;0.7846334;0.2920904;0;0;0
12.35103;12.35103;0.08749685;0.7862689;0.2917102;0;0;0
12.3732;12.3732;0.08952288;0.7914429;0.2925034;0;0;0
12.40052;12.40052;0.08800186;0.797513;0.2945017;0;0;0
12.4173;12.4173;0.08537994;0.8063036;0.2959646;0;0;0
12.43907;12.43907;0.0864487;0.8103541;0.2979943;0;0;0
12.46799;12.46799;0.08613471;0.8154258;0.2964564;0;0;0
12.48456;12.48456;0.08709393;0.8196173;0.293773;0;0;0
12.50551;12.50551;0.09012474;0.8243839;0.2894868;0;0;0
12.52978;12.52978;0.09531762;0.8236362;0.2843694;0;0;0
12.55082;12.55082;0.1016399;0.8227215;0.2793205;0;0;0
12.57415;12.57415;0.1054232;0.8210145;0.2776181;0;0;0
12.59792;12.59792;0.1063864;0.8156236;0.2785571;0;0;0
12.61859;12.61859;0.1051991;0.8114792;0.279961;0;0;0
12.64107;12.64107;0.1047749;0.8120559;0.2802749;0;0;0
12.66302;12.66302;0.1014654;0.8118252;0.2822386;0;0;0
12.68646;12.68646;0;0;0;0;0;0
12.70645;12.70645;0;0;0;0;0;0
12.73318;12.73318;0;0;0;0;0;0
12.74871;12.74871;0;0;0;0;0;0
12.77483;12.77483;0;0;0;0;0;0
12.79847;12.79847;0;0;0;0;0;0
12.82212;12.82212;0;0;0;0;0;0
12.84353;12.84353;0;0;0;0;0;0
12.86979;12.86979;0;0;0;0;0;0
12.89678;12.89678;0;0;0;0;0;0
12.91974;12.91974;0;0;0;0;0;0
12.94295;12.94295;0;0;0;0;0;0
12.96629;12.96629;0;0;0;0;0;0
12.98851;12.98851;0;0;0;0;0;0
13.01271;13.01271;0.0538311;0.784155;0.2696093;0;0;0
13.03656;13.03656;0.07691842;0.79088;0.2749332;0;0;0
13.06028;13.06028;0.08074784;0.7912832;0.2744368;0;0;0
13.08575;13.08575;0.08161113;0.7920391;0.2742019;0;0;0
13.10893;13.10893;0.0830223;0.7932701;0.2750825;0;0;0
13.13251;13.13251;0.08378971;0.7938061;0.2768453;0;0;0
13.15949;13.15949;0.08355068;0.7939782;0.2794618;0;0;0
13.17216;13.17216;0.08897787;0.8052644;0.2912876;0;0;0
13.20891;13.20891;0.09015556;0.8139166;0.2971786;0;0;0
13.23;13.23;0.09003848;0.8293607;0.2989946;0;0;0
13.25266;13.25266;0.091082;0.8474338;0.2980507;0;0;0
13.27633;13.27633;0.09107898;0.8703831;0.298048;0;0;0
13.29901;13.29901;0.09083376;0.8814496;0.2973696;0;0;0
13.31606;13.31606;0.08870877;0.9048479;0.2946455;0;0;0
13.34389;13.34389;0.08628296;0.9180426;0.2926797;0;0;0
13.36727;13.36727;0.08798181;0.9271158;0.289382;0;0;0
13.38878;13.38878;0.08831239;0.934032;0.2868284;0;0;0
13.41472;13.41472;0.08949132;0.937904;0.2862591;0;0;0
13.43324;13.43324;0.09202383;0.9388551;0.2846021;0;0;0
13.47191;13.47191;0.09277841;0.9356036;0.283826;0;0;0
13.4913;13.4913;0.09449945;0.9286534;0.282759;0;0;0
13.51118;13.51118;0.09817087;0.9171067;0.2820656;0;0;0
13.53239;13.53239;0.1008655;0.9043255;0.2817065;0;0;0
13.5586;13.5586;0.1039704;0.8849275;0.2813938;0;0;0
13.57772;13.57772;0.1052741;0.8652745;0.2812126;0;0;0
13.60063;13.60063;0.1029789;0.8477756;0.2835594;0;0;0
13.62369;13.62369;0.09862867;0.8341695;0.2843287;0;0;0
13.64445;13.64445;0.09389763;0.8222703;0.2827756;0;0;0
13.66718;13.66718;0.09042747;0.8103322;0.2808746;0;0;0
13.70093;13.70093;0.08842408;0.8039106;0.2803643;0;0;0
13.71854;13.71854;0.0867358;0.7987792;0.2797728;0;0;0
13.73881;13.73881;0.08480141;0.7929089;0.2782132;0;0;0
13.76268;13.76268;0.08520465;0.7909074;0.277758;0;0;0
13.77907;13.77907;0.08680601;0.7888985;0.277289;0;0;0
13.81104;13.81104;0.08814077;0.7885942;0.2769798;0;0;0
13.83119;13.83119;0.08948079;0.7885474;0.276556;0;0;0
13.8549;13.8549;0.09026;0.7892063;0.2759815;0;0;0
13.87263;13.87263;0.0904964;0.7895758;0.2757347;0;0;0
13.89421;13.89421;0.09110504;0.7905592;0.2746119;0;0;0
13.91747;13.91747;0.09109587;0.7908608;0.2743599;0;0;0
13.93524;13.93524;0.08998015;0.7911172;0.2739255;0;0;0
13.96164;13.96164;0.08969106;0.791432;0.2739118;0;0;0
13.97927;13.97927;0.08893713;0.7921355;0.2726898;0;0;0
14.01193;14.01193;0.08876868;0.7919739;0.272121;0;0;0
14.03487;14.03487;0.08890586;0.7917534;0.2718331;0;0;0
14.05489;14.05489;0.08910277;0.7913598;0.2719049;0;0;0
14.08213;14.08213;0.08856213;0.7903955;0.2721038;0;0;0
14.09985;14.09985;0.08850709;0.789654;0.2723622;0;0;0
14.12151;14.12151;0.08914168;0.7895454;0.2722457;0;0;0
14.14482;14.14482;0.08959487;0.789177;0.2722422;0;0;0
14.16572;14.16572;0.091052;0.7898521;0.2716956;0;0;0
14.18895;14.18895;0.09216423;0.7905667;0.2714682;0;0;0
14.21367;14.21367;0.09259629;0.7909955;0.2715113;0;0;0
14.22878;14.22878;0.0919127;0.7911965;0.2718757;0;0;0
14.255;14.255;0.09111349;0.7910705;0.271931;0;0;0
14.27804;14.27804;0.09001338;0.790651;0.2718454;0;0;0
14.30337;14.30337;0.08916503;0.7902801;0.2712962;0;0;0
14.32333;14.32333;0.08865526;0.7902045;0.2702369;0;0;0
14.34458;14.34458;0.08825459;0.7901773;0.2688925;0;0;0
14.36843;14.36843;0.08782911;0.7901145;0.2676455;0;0;0
14.39077;14.39077;0.08711231;0.7900022;0.2662312;0;0;0
14.41237;14.41237;0.08661045;0.7902886;0.2646813;0;0;0
14.43379;14.43379;0.08603394;0.790315;0.2636275;0;0;0
14.45553;14.45553;0.08548108;0.790395;0.2628955;0;0;0
14.48379;14.48379;0.08547239;0.7908695;0.2621029;0;0;0
14.50225;14.50225;0.08588836;0.7913896;0.2611919;0;0;0
14.52675;14.52675;0.08630988;0.7915499;0.2602203;0;0;0
14.54807;14.54807;0.08570012;0.7912244;0.2593948;0;0;0
14.57074;14.57074;0.08456708;0.790395;0.2588234;0;0;0
14.59942;14.59942;0.08385749;0.7894235;0.2589056;0;0;0
14.61629;14.61629;0.08375352;0.7889792;0.2589949;0;0;0
14.6449;14.6449;0.08422075;0.7885941;0.2594796;0;0;0
14.66534;14.66534;0.08497941;0.7884325;0.2594539;0;0;0
14.68575;14.68575;0.08564753;0.7882428;0.2595203;0;0;0
14.71096;14.71096;0.08650938;0.7881711;0.2596204;0;0;0
14.73298;14.73298;0.08715282;0.7881346;0.2596213;0;0;0
14.75835;14.75835;0.08903412;0.7880743;0.2599885;0;0;0
14.78634;14.78634;0.08981744;0.7878768;0.2600679;0;0;0
14.81925;14.81925;0.0902063;0.7876164;0.2603235;0;0;0
14.83196;14.83196;0.09112202;0.7876494;0.2604522;0;0;0
14.85346;14.85346;0.0918185;0.7873346;0.260832;0;0;0
14.8912;14.8912;0.09271086;0.7870325;0.2610469;0;0;0
14.90905;14.90905;0.09376233;0.7867539;0.26122;0;0;0
14.93127;14.93127;0.09440643;0.7862719;0.2612767;0;0;0
14.95439;14.95439;0.09447698;0.7850477;0.2622019;0;0;0
14.98595;14.98595;0.09577797;0.7856342;0.2626084;0;0;0
15.01122;15.01122;0.09786753;0.7867875;0.2626609;0;0;0
15.03245;15.03245;0.09985957;0.787429;0.2628926;0;0;0
15.05371;15.05371;0.1012636;0.7872508;0.263352;0;0;0
15.07604;15.07604;0.1018005;0.7869099;0.2635996;0;0;0
15.08943;15.08943;0.1033833;0.7876492;0.2625168;0;0;0
15.11762;15.11762;0.1050626;0.7894987;0.2601749;0;0;0
15.13256;15.13256;0.1069288;0.7925055;0.257971;0;0;0
15.1607;15.1607;0.1076512;0.7948787;0.2568221;0;0;0
15.18429;15.18429;0.108174;0.7987748;0.2557567;0;0;0
15.21007;15.21007;0.1082022;0.8032571;0.2547311;0;0;0
15.23125;15.23125;0.1081191;0.8099951;0.2535633;0;0;0
15.25244;15.25244;0.1072896;0.8187907;0.2525879;0;0;0
15.276;15.276;0.1046805;0.8331249;0.2504161;0;0;0
15.31198;15.31198;0.1020776;0.8428486;0.2490073;0;0;0
15.33295;15.33295;0.1000547;0.8500261;0.2483436;0;0;0
15.35353;15.35353;0.09954436;0.8556027;0.2480895;0;0;0
15.37766;15.37766;0.1007099;0.8594975;0.2483591;0;0;0
15.40087;15.40087;0.1029719;0.8597988;0.2485874;0;0;0
15.43465;15.43465;0.1053781;0.8557161;0.2492032;0;0;0
15.45063;15.45063;0.108379;0.8462321;0.2518654;0;0;0
15.47437;15.47437;0.1098831;0.8324418;0.2553912;0;0;0
15.49714;15.49714;0.109971;0.8172073;0.257458;0;0;0
15.52258;15.52258;0.1098412;0.8050551;0.2582026;0;0;0
15.5493;15.5493;0.1103644;0.8021002;0.2580554;0;0;0
15.57346;15.57346;0.1105243;0.8009797;0.2575175;0;0;0
15.60137;15.60137;0.1106779;0.8009416;0.2565804;0;0;0
15.61975;15.61975;0.110818;0.8017848;0.2555263;0;0;0
15.64265;15.64265;0.1108796;0.8026609;0.2544787;0;0;0
15.67032;15.67032;0.1111027;0.8032923;0.253446;0;0;0
15.69326;15.69326;0.1118973;0.8041607;0.25213;0;0;0
15.71266;15.71266;0.1135804;0.8045794;0.2504016;0;0;0
15.7438;15.7438;0.1151326;0.8055426;0.2488963;0;0;0
15.76742;15.76742;0.116439;0.8064018;0.2469467;0;0;0
15.78688;15.78688;0.1172962;0.8069217;0.2453035;0;0;0
15.80911;15.80911;0.1177163;0.8064383;0.244643;0;0;0
15.83224;15.83224;0.1184529;0.806035;0.24384;0;0;0
15.85716;15.85716;0.1186144;0.8062049;0.2432795;0;0;0
15.88272;15.88272;0.1185025;0.8058601;0.243286;0;0;0
15.9043;15.9043;0.118402;0.8054569;0.2432187;0;0;0
15.92851;15.92851;0.1184037;0.8054801;0.243244;0;0;0
15.95175;15.95175;0.1183806;0.8047193;0.2427417;0;0;0
15.97369;15.97369;0.1180235;0.8038867;0.2413151;0;0;0
16.00194;16.00194;0.1182223;0.8040509;0.2399656;0;0;0
16.01979;16.01979;0.1187088;0.8045844;0.2387742;0;0;0
16.04456;16.04456;0.1188001;0.8050625;0.2377544;0;0;0
16.06819;16.06819;0.11873;0.8054496;0.2369414;0;0;0
16.08753;16.08753;0.1182386;0.8057104;0.2364341;0;0;0
16.10977;16.10977;0.118069;0.8065666;0.2367175;0;0;0
16.1297;16.1297;0.1173137;0.8066428;0.2365765;0;0;0
16.15462;16.15462;0.1173176;0.806487;0.2366314;0;0;0
16.19299;16.19299;0.1178669;0.8068415;0.2370709;0;0;0
16.20988;16.20988;0.1185623;0.8072918;0.2373644;0;0;0
16.22502;16.22502;0.1190557;0.8074764;0.2378789;0;0;0
16.25421;16.25421;0.1189026;0.8076017;0.2379867;0;0;0
16.26917;16.26917;0.1181149;0.8074633;0.2379305;0;0;0
16.30129;16.30129;0.1177364;0.8077575;0.2374794;0;0;0
16.32416;16.32416;0.1171562;0.8077058;0.237035;0;0;0
16.34859;16.34859;0.1164322;0.8078594;0.2364517;0;0;0
16.36716;16.36716;0.1154665;0.8079752;0.2357239;0;0;0
16.39497;16.39497;0.1145544;0.8086121;0.2354404;0;0;0
16.41783;16.41783;0.1139525;0.8087788;0.2346321;0;0;0
16.44022;16.44022;0.1133766;0.8093951;0.2336525;0;0;0
16.46436;16.46436;0.1127046;0.8097225;0.2328101;0;0;0
16.48703;16.48703;0.1109466;0.8098645;0.2317797;0;0;0
16.51056;16.51056;0.1092518;0.8100511;0.2303666;0;0;0
16.66191;16.66191;0.09329344;0.8070987;0.2250662;0;0;0
16.76109;16.76109;0.0896787;0.8156831;0.2076236;0;0;0
16.8161;16.8161;0.08319561;0.8174448;0.2012648;0;0;0
16.84317;16.84317;0.08129963;0.8176494;0.1985362;0;0;0
16.85439;16.85439;0.08024921;0.8181172;0.1971257;0;0;0
16.88049;16.88049;0.07952688;0.8197189;0.1957285;0;0;0
16.90837;16.90837;0.07947055;0.8212217;0.1951577;0;0;0
16.93286;16.93286;0.07949545;0.8230931;0.1941462;0;0;0
16.9553;16.9553;0.07954171;0.8237242;0.1936939;0;0;0
16.98163;16.98163;0.07922894;0.8250301;0.1927806;0;0;0
17.01355;17.01355;0.08037222;0.8275077;0.1902944;0;0;0
17.05091;17.05091;0.08037285;0.8282334;0.1888756;0;0;0
17.0816;17.0816;0.08023793;0.8291709;0.1874201;0;0;0
17.10929;17.10929;0.08064636;0.8300129;0.185916;0;0;0
17.14453;17.14453;0.08239713;0.8301487;0.1852643;0;0;0
17.18402;17.18402;0.08343311;0.8300912;0.1861742;0;0;0
17.21543;17.21543;0.08482411;0.8307288;0.1870491;0;0;0
17.24397;17.24397;0.08553393;0.8311509;0.1873806;0;0;0
17.26207;17.26207;0.0890478;0.8324633;0.1889284;0;0;0
17.31103;17.31103;0.09008352;0.831962;0.1915979;0;0;0
17.3329;17.3329;0.09072212;0.8322757;0.1920726;0;0;0
17.35726;17.35726;0.09301282;0.8329675;0.1948834;0;0;0
17.3864;17.3864;0.09441596;0.8336083;0.1971135;0;0;0
17.41156;17.41156;0.09611844;0.8350791;0.1992917;0;0;0
17.44407;17.44407;0.09809758;0.8327234;0.2044795;0;0;0
17.47536;17.47536;0.09851562;0.8307326;0.2095931;0;0;0
17.49816;17.49816;0.09902373;0.8308999;0.2112632;0;0;0
17.52305;17.52305;0.1008574;0.8313857;0.2187863;0;0;0
17.55346;17.55346;0.1021595;0.8319373;0.2218238;0;0;0
17.57556;17.57556;0.1026308;0.8317081;0.2230361;0;0;0
17.59293;17.59293;0.1042305;0.8325828;0.2270738;0;0;0
17.62353;17.62353;0.1080389;0.8343333;0.2329118;0;0;0
17.65565;17.65565;0.1096401;0.8350024;0.2354273;0;0;0
17.67115;17.67115;0.1151027;0.8374554;0.240676;0;0;0
17.70681;17.70681;0.1168411;0.8379623;0.2408035;0;0;0
17.73327;17.73327;0.1187356;0.8386689;0.2396221;0;0;0
17.75447;17.75447;0.1190647;0.8383901;0.2384939;0;0;0
17.78016;17.78016;0.118195;0.8361003;0.2306913;0;0;0
17.80996;17.80996;0.1176316;0.8343662;0.227887;0;0;0
17.83254;17.83254;0.117378;0.8330233;0.2247838;0;0;0
17.86424;17.86424;0.1174467;0.8327701;0.2237605;0;0;0
17.88175;17.88175;0.1175323;0.8318245;0.2214894;0;0;0
17.91268;17.91268;0.1173843;0.8311699;0.2204748;0;0;0
17.94519;17.94519;0.1167317;0.8306381;0.2202104;0;0;0
17.96722;17.96722;0.1158054;0.829849;0.2200648;0;0;0
17.99828;17.99828;0.1154382;0.8296299;0.2200264;0;0;0
18.02336;18.02336;0.1138704;0.8286353;0.2197717;0;0;0
18.05886;18.05886;0.1129048;0.8275837;0.2198533;0;0;0
18.07974;18.07974;0.1122508;0.8273126;0.2196416;0;0;0
18.11084;18.11084;0.1119138;0.8269609;0.2187895;0;0;0
18.1339;18.1339;0.1114526;0.8267127;0.2179874;0;0;0
18.16572;18.16572;0.1110619;0.8269493;0.2172702;0;0;0
18.19071;18.19071;0.1110737;0.827756;0.2170034;0;0;0
18.22201;18.22201;0.1112783;0.8287131;0.2170872;0;0;0
18.25168;18.25168;0.1116459;0.829311;0.2171954;0;0;0
18.27496;18.27496;0.111832;0.8295261;0.2172469;0;0;0
18.2934;18.2934;0.112338;0.8293576;0.217682;0;0;0
18.33109;18.33109;0.1122139;0.8288312;0.2179789;0;0;0
18.35386;18.35386;0.1115982;0.8276583;0.2184162;0;0;0
18.38538;18.38538;0.1111062;0.8264205;0.2187734;0;0;0
18.41076;18.41076;0.110991;0.8258326;0.2188594;0;0;0
18.43694;18.43694;0.1111312;0.825361;0.2189043;0;0;0
18.46757;18.46757;0.1112718;0.8251272;0.2190526;0;0;0
18.49836;18.49836;0.111675;0.825127;0.2192374;0;0;0
18.52678;18.52678;0.1119841;0.8251463;0.2194456;0;0;0
18.55295;18.55295;0.1118948;0.8248171;0.2194937;0;0;0
18.58007;18.58007;0.1116666;0.8241455;0.2194386;0;0;0
18.60912;18.60912;0.111599;0.8238183;0.2193742;0;0;0
18.63245;18.63245;0.1118382;0.8237807;0.2194015;0;0;0
18.66416;18.66416;0.1122268;0.8241289;0.2193686;0;0;0
18.68745;18.68745;0.1123135;0.824283;0.219047;0;0;0
18.71694;18.71694;0.1124265;0.8242577;0.2185173;0;0;0
18.746;18.746;0.1126155;0.8243439;0.2177992;0;0;0
18.76707;18.76707;0.1126981;0.8244544;0.2166132;0;0;0
18.79819;18.79819;0.1126846;0.8248724;0.2156113;0;0;0
18.82318;18.82318;0.1124183;0.8256046;0.2149427;0;0;0
18.8539;18.8539;0.1124153;0.8260101;0.2147657;0;0;0
18.87129;18.87129;0.112008;0.8269248;0.2139984;0;0;0
18.90604;18.90604;0.1117705;0.8267902;0.213634;0;0;0
18.93291;18.93291;0.1117935;0.8265712;0.213944;0;0;0
18.95525;18.95525;0.1121271;0.8267392;0.2140146;0;0;0
18.9858;18.9858;0.1124021;0.8267615;0.2142488;0;0;0
19.01129;19.01129;0.1123243;0.8265777;0.2150264;0;0;0
19.04342;19.04342;0.1121859;0.8259432;0.2154652;0;0;0
19.06665;19.06665;0.1120429;0.8253599;0.2157385;0;0;0
19.09764;19.09764;0.1119879;0.8252595;0.2162054;0;0;0
19.12094;19.12094;0.1120641;0.825451;0.2165455;0;0;0
19.15604;19.15604;0.1121962;0.8257155;0.21666;0;0;0
19.18963;19.18963;0.1123401;0.8259079;0.2166973;0;0;0
19.22286;19.22286;0.1127495;0.8270622;0.2163778;0;0;0
19.29941;19.29941;0.1122948;0.8274336;0.2169745;0;0;0
19.34237;19.34237;0.1127453;0.8275624;0.2173803;0;0;0
19.3666;19.3666;0.1126382;0.8271945;0.2180348;0;0;0
19.38149;19.38149;0.1125248;0.8267909;0.2185229;0;0;0
19.40113;19.40113;0.1124381;0.8265747;0.2191537;0;0;0
19.42981;19.42981;0.1128134;0.8269156;0.2196735;0;0;0
19.45308;19.45308;0.1129328;0.8272057;0.2206361;0;0;0
19.48114;19.48114;0.111816;0.8266857;0.222367;0;0;0
19.50969;19.50969;0.1112468;0.8266573;0.2238016;0;0;0
19.53237;19.53237;0.1110317;0.8271776;0.2256828;0;0;0
19.55564;19.55564;0.1114205;0.8277678;0.2283416;0;0;0
19.58208;19.58208;0.1120856;0.8288097;0.2319252;0;0;0
19.61129;19.61129;0.1129544;0.8296965;0.2345029;0;0;0
19.63522;19.63522;0.1132632;0.8314347;0.2382323;0;0;0
19.66288;19.66288;0.1134784;0.8324506;0.2412299;0;0;0
19.68576;19.68576;0.1131179;0.8330981;0.2441782;0;0;0
19.70782;19.70782;0.1123698;0.8333848;0.2472028;0;0;0
19.73642;19.73642;0.1117769;0.8333678;0.2504368;0;0;0
19.7601;19.7601;0.1109934;0.8333824;0.2538882;0;0;0
19.77888;19.77888;0.1098794;0.8326298;0.2573896;0;0;0
19.80209;19.80209;0.1090309;0.8325767;0.2610607;0;0;0
19.82262;19.82262;0.1084577;0.8327891;0.2642574;0;0;0
19.84503;19.84503;0.108228;0.8329955;0.2677337;0;0;0
19.86935;19.86935;0.1079893;0.8329976;0.2706096;0;0;0
19.88878;19.88878;0.1067448;0.8325192;0.2761092;0;0;0
19.91646;19.91646;0.1063905;0.8324401;0.279249;0;0;0
19.9333;19.9333;0.1064103;0.8322227;0.2843131;0;0;0
19.96152;19.96152;0.1062304;0.8318961;0.2865924;0;0;0
19.98087;19.98087;0.1058415;0.8313472;0.2929758;0;0;0
20.00659;20.00659;0.1051239;0.8310238;0.2972331;0;0;0
20.02878;20.02878;0.105034;0.8311207;0.301686;0;0;0
20.05101;20.05101;0.1046501;0.831059;0.3067108;0;0;0
20.07507;20.07507;0.1044653;0.8312072;0.3109165;0;0;0
20.09713;20.09713;0.1037953;0.8310559;0.3156329;0;0;0
20.1175;20.1175;0.1039106;0.8317175;0.319656;0;0;0
20.1408;20.1408;0.103881;0.8326801;0.3242167;0;0;0
20.16492;20.16492;0.1036458;0.8335075;0.3287267;0;0;0
20.18603;20.18603;0.103377;0.8341866;0.3331952;0;0;0
20.21169;20.21169;0.1028887;0.8351382;0.3372916;0;0;0
20.23106;20.23106;0.1023634;0.8357081;0.3413783;0;0;0
20.25595;20.25595;0.101827;0.8360368;0.345659;0;0;0
20.27649;20.27649;0.1014574;0.8367692;0.3507597;0;0;0
20.29897;20.29897;0.1005706;0.8381729;0.3573927;0;0;0
20.32381;20.32381;0.1008574;0.8408575;0.3641058;0;0;0
20.34971;20.34971;0.1014145;0.8424961;0.3689384;0;0;0
20.37144;20.37144;0.1016872;0.8435658;0.3734499;0;0;0
20.39924;20.39924;0.1019235;0.8445683;0.3771179;0;0;0
20.41734;20.41734;0.1032445;0.8466593;0.3803152;0;0;0
20.44076;20.44076;0.1042011;0.8483018;0.3827159;0;0;0
20.46528;20.46528;0.1047492;0.8487611;0.3839943;0;0;0
20.48509;20.48509;0.10561;0.8495105;0.3851522;0;0;0
20.50647;20.50647;0.1064928;0.8499337;0.3861936;0;0;0
20.52834;20.52834;0.1068537;0.8499586;0.387622;0;0;0
20.55024;20.55024;0.1070401;0.8498877;0.3897083;0;0;0
20.57242;20.57242;0.107331;0.8503056;0.3923402;0;0;0
20.59579;20.59579;0.1074665;0.8505891;0.3946006;0;0;0
20.61821;20.61821;0.1074217;0.8516151;0.3974221;0;0;0
20.63961;20.63961;0.1074337;0.8524356;0.3996568;0;0;0
20.6619;20.6619;0.1074287;0.8531257;0.4022097;0;0;0
20.68501;20.68501;0.1073042;0.8534246;0.4045559;0;0;0
20.71151;20.71151;0.1073526;0.8535836;0.4058828;0;0;0
20.72959;20.72959;0.1072044;0.8536273;0.4071514;0;0;0
20.75079;20.75079;0.1072831;0.8533293;0.4073212;0;0;0
20.77319;20.77319;0.1073007;0.8531992;0.4072954;0;0;0
20.79058;20.79058;0.1073978;0.8526134;0.4059076;0;0;0
20.82033;20.82033;0.1073403;0.8522589;0.4043266;0;0;0
20.84186;20.84186;0.1070319;0.8515946;0.4023359;0;0;0
20.86545;20.86545;0.1070411;0.8514887;0.3992079;0;0;0
20.88752;20.88752;0.1070721;0.8503361;0.3948982;0;0;0
20.9118;20.9118;0.1068561;0.848889;0.3877554;0;0;0
20.93886;20.93886;0.1055292;0.8459156;0.3794224;0;0;0
20.96077;20.96077;0.1048614;0.8438742;0.3709538;0;0;0
20.98381;20.98381;0.10525;0.8419966;0.3619972;0;0;0
21.00699;21.00699;0.1055852;0.8401042;0.351322;0;0;0
21.03164;21.03164;0.1061971;0.8386548;0.3408329;0;0;0
21.05287;21.05287;0.1069258;0.8374786;0.3308838;0;0;0
21.07713;21.07713;0.1076184;0.8372684;0.3249774;0;0;0
21.095;21.095;0.1099637;0.8371649;0.3119188;0;0;0
21.12156;21.12156;0.1112398;0.8369247;0.3034204;0;0;0
21.14514;21.14514;0.1129106;0.8378023;0.2951335;0;0;0
21.16734;21.16734;0.1131548;0.8374918;0.2855537;0;0;0
21.19213;21.19213;0.1141851;0.8366205;0.2778443;0;0;0
21.22221;21.22221;0.115122;0.836147;0.2717678;0;0;0
21.2423;21.2423;0.1163503;0.8362153;0.2660671;0;0;0
21.26752;21.26752;0.1175865;0.8371376;0.260512;0;0;0
21.29072;21.29072;0.1181123;0.8384271;0.2560085;0;0;0
21.31245;21.31245;0.1187715;0.8394262;0.2512958;0;0;0
21.33165;21.33165;0.1194342;0.8398619;0.2459964;0;0;0
21.36065;21.36065;0.1197859;0.839492;0.2425113;0;0;0
21.37645;21.37645;0.1197837;0.8388515;0.2394891;0;0;0
21.40012;21.40012;0.1189229;0.8379401;0.2358476;0;0;0
21.41848;21.41848;0.1178504;0.8377351;0.2325239;0;0;0
21.4408;21.4408;0.1171542;0.8377396;0.2303979;0;0;0
21.45716;21.45716;0.1156965;0.836638;0.2237335;0;0;0
21.48727;21.48727;0.1153782;0.8361708;0.2219591;0;0;0
21.50114;21.50114;0.1151799;0.8356954;0.2208882;0;0;0
21.51824;21.51824;0.1157154;0.8363392;0.2199647;0;0;0
21.54874;21.54874;0.1159646;0.83647;0.2196776;0;0;0
21.57478;21.57478;0.1158933;0.8364898;0.219463;0;0;0
21.59689;21.59689;0.1157068;0.8366685;0.219661;0;0;0
21.61876;21.61876;0.1154832;0.8367025;0.220136;0;0;0
21.64301;21.64301;0.1151755;0.8367866;0.2208629;0;0;0
21.66513;21.66513;0.1150526;0.8368205;0.2212936;0;0;0
21.68312;21.68312;0.1143923;0.8364519;0.2225717;0;0;0
21.713;21.713;0.1138565;0.8363325;0.2232345;0;0;0
21.73777;21.73777;0.1133927;0.8363228;0.2242156;0;0;0
21.76395;21.76395;0.1136557;0.8375496;0.2259615;0;0;0
21.79673;21.79673;0.1138525;0.838364;0.2275232;0;0;0
21.823;21.823;0.1145664;0.8393713;0.2315585;0;0;0
21.84977;21.84977;0.114764;0.8396423;0.2329672;0;0;0
21.86841;21.86841;0.1145525;0.8400407;0.2338283;0;0;0
21.89798;21.89798;0.1145228;0.8402706;0.2339499;0;0;0
21.92846;21.92846;0.1147812;0.8407563;0.2332582;0;0;0
21.94266;21.94266;0.115111;0.8408543;0.2324373;0;0;0
21.96251;21.96251;0.1153819;0.8410105;0.2310102;0;0;0
21.98637;21.98637;0.1158384;0.8414217;0.2294762;0;0;0
22.00925;22.00925;0.1160139;0.8410775;0.227855;0;0;0
22.03142;22.03142;0.1156306;0.8409302;0.2255228;0;0;0
22.0547;22.0547;0.1143025;0.8394065;0.2208491;0;0;0
22.07938;22.07938;0.1138212;0.8381627;0.2178971;0;0;0
22.10648;22.10648;0.1143492;0.8386084;0.2172166;0;0;0
22.12356;22.12356;0.1152055;0.8403232;0.2170422;0;0;0
22.14711;22.14711;0.1162186;0.8458149;0.2171904;0;0;0
22.17503;22.17503;0.1163263;0.8470308;0.2173273;0;0;0
22.19948;22.19948;0.1166896;0.8482823;0.2172031;0;0;0
22.22565;22.22565;0.1171342;0.8498638;0.2167351;0;0;0
22.24782;22.24782;0.11706;0.8505669;0.2155123;0;0;0
22.27774;22.27774;0.1167975;0.850286;0.2144668;0;0;0
22.30187;22.30187;0.1162991;0.8482919;0.2137874;0;0;0
22.32062;22.32062;0.1158255;0.8462934;0.2137781;0;0;0
22.34196;22.34196;0.1142874;0.8412191;0.2155364;0;0;0
22.36954;22.36954;0.1126161;0.8374387;0.2163838;0;0;0
22.39026;22.39026;0.1113008;0.833998;0.2163843;0;0;0
22.41625;22.41625;0.1110742;0.8330711;0.2161167;0;0;0
22.43892;22.43892;0.1111073;0.8331823;0.2160923;0;0;0
22.46136;22.46136;0.11116;0.8332689;0.2163157;0;0;0
22.48585;22.48585;0.1115111;0.8338468;0.2164508;0;0;0
22.51101;22.51101;0.1121882;0.8349872;0.2169489;0;0;0
22.53207;22.53207;0.1126705;0.8357496;0.217416;0;0;0
22.55889;22.55889;0.1130646;0.8363509;0.2174536;0;0;0
22.57644;22.57644;0.1132612;0.8366387;0.2174029;0;0;0
22.59323;22.59323;0.1133897;0.8373322;0.2174165;0;0;0
22.62342;22.62342;0.1134475;0.8377545;0.2174333;0;0;0
22.64467;22.64467;0.1130791;0.8375432;0.2177936;0;0;0
22.67774;22.67774;0.1126825;0.8371738;0.2179683;0;0;0
22.6961;22.6961;0.1123932;0.8368518;0.2180568;0;0;0
22.72135;22.72135;0.1122142;0.8363069;0.2180183;0;0;0
22.73972;22.73972;0.1120361;0.8359795;0.2179291;0;0;0
22.76867;22.76867;0.1117924;0.8355979;0.2179632;0;0;0
22.78706;22.78706;0.1117092;0.8354697;0.217991;0;0;0
22.80321;22.80321;0.1118624;0.8353634;0.2181694;0;0;0
22.83232;22.83232;0.111916;0.8353496;0.2181092;0;0;0
22.8487;22.8487;0.1118607;0.8350933;0.2180505;0;0;0
22.87708;22.87708;0.1117983;0.8349574;0.2180025;0;0;0
22.89328;22.89328;0.1114973;0.8346757;0.2177404;0;0;0
22.92602;22.92602;0.1112183;0.8344932;0.2176587;0;0;0
22.94495;22.94495;0.110884;0.8344297;0.2176713;0;0;0
22.96743;22.96743;0.1105088;0.8342472;0.2176636;0;0;0
22.9899;22.9899;0.1102073;0.8340547;0.2175554;0;0;0
23.0113;23.0113;0.1101068;0.8341145;0.2174152;0;0;0
23.0339;23.0339;0.1100292;0.8341023;0.2173015;0;0;0
23.05855;23.05855;0.110014;0.833933;0.2171795;0;0;0
23.08276;23.08276;0.1100736;0.8337967;0.216928;0;0;0
23.10052;23.10052;0.1100864;0.8337398;0.2166175;0;0;0
23.12595;23.12595;0.1100843;0.8340116;0.2162595;0;0;0
23.1505;23.1505;0.1099915;0.8342679;0.2161788;0;0;0
23.16854;23.16854;0.1099165;0.8343382;0.2163431;0;0;0
23.18941;23.18941;0.1099679;0.8343745;0.2166077;0;0;0
23.21398;23.21398;0.1105314;0.8347327;0.2172081;0;0;0
23.24877;23.24877;0.1109461;0.8347771;0.2174775;0;0;0
23.26987;0.0211005;0.1112003;0.8346983;0.217715;0;0;0
23.29024;0.0414663;0.1110778;0.8342695;0.218002;0;0;0
23.31424;0.0654677;0.1108651;0.8340005;0.2181962;0;0;0
23.33671;0.0879349;0.1109987;0.8345624;0.2181181;0;0;0
23.35242;0.1036531;0.1113874;0.8350113;0.2178126;0;0;0
23.3763;0.1275281;0.1117215;0.8353358;0.2170517;0;0;0
23.40741;0.1586395;0.1114979;0.83525;0.2166715;0;0;0
23.43151;0.1827452;0.1113052;0.8352035;0.216481;0;0;0
23.44616;0.1973901;0.1112208;0.8353676;0.2164931;0;0;0
23.46327;0.2144999;0.1114853;0.8356671;0.2166503;0;0;0
23.48566;0.23689;0.1121414;0.8358967;0.2170601;0;0;0
23.51014;0.2613667;0.1128697;0.8359704;0.2175164;0;0;0
23.53524;0.2864693;0.1134306;0.8354394;0.217616;0;0;0
23.57045;0.3216826;0.1134095;0.8351966;0.2176378;0;0;0
23.596;0.347228;0.1132445;0.8351349;0.21755;0;0;0
23.61843;0.3696555;0.1129962;0.8349291;0.2173136;0;0;0
23.63993;0.3911594;0.1127857;0.8350292;0.216962;0;0;0
23.67476;0.4259912;0.1129434;0.8352978;0.2169563;0;0;0
23.69857;0.4498047;0.1130326;0.8353993;0.2170152;0;0;0
23.72799;0.4792163;0.1131405;0.8359182;0.216763;0;0;0
23.75208;0.5033166;0.1132066;0.8361164;0.216631;0;0;0
23.77221;0.5234374;0.1133503;0.836234;0.2164772;0;0;0
23.79268;0.5439124;0.1136102;0.8364605;0.2162614;0;0;0
23.81057;0.5617998;0.1140261;0.8368489;0.2161148;0;0;0
23.83966;0.5908878;0.1144079;0.8371158;0.2159596;0;0;0
23.86157;0.6127998;0.1145913;0.8371887;0.2159108;0;0;0
23.8827;0.633929;0.1146366;0.8371252;0.2160019;0;0;0
23.9002;0.6514317;0.1146541;0.8370356;0.2161234;0;0;0
23.92034;0.6715753;0.1146165;0.8367534;0.2162876;0;0;0
23.95223;0.703467;0.1146204;0.8365192;0.2161782;0;0;0
23.9751;0.7263307;0.1146352;0.8363771;0.2159987;0;0;0
23.994;0.7452363;0.1146454;0.8362544;0.2157007;0;0;0
24.00957;0.7608042;0.1146499;0.8362002;0.2154358;0;0;0
24.03309;0.7843253;0.1145546;0.8362085;0.2148444;0;0;0
24.06501;0.8162451;0.1144485;0.8363063;0.2147609;0;0;0
24.08454;0.8357731;0.1144051;0.836374;0.2147057;0;0;0
24.11217;0.8633987;0.1144567;0.8364313;0.2146216;0;0;0
24.1328;0.8840339;0.1146078;0.8366637;0.2145373;0;0;0
24.15282;0.9040526;0.1147487;0.8368479;0.2144833;0;0;0
24.17802;0.929257;0.1150444;0.8370091;0.2142997;0;0;0
24.20481;0.9560422;0.1154283;0.8370178;0.2143345;0;0;0
24.23323;0.9844643;0.1157219;0.8368429;0.2146248;0;0;0
24.2574;1.008636;0.1157793;0.8365594;0.2147807;0;0;0
24.27426;1.025496;0.1155747;0.8361232;0.2146596;0;0;0
24.2993;1.050534;0.1151031;0.8356767;0.2141409;0;0;0
24.32416;1.075389;0.1149041;0.8357773;0.2140955;0;0;0
24.34892;1.100151;0.1149469;0.8360753;0.2143511;0;0;0
24.37305;1.12428;0.1153381;0.8365135;0.2142986;0;0;0
24.39676;1.147994;0.1158609;0.837019;0.2141543;0;0;0
24.4194;1.170627;0.1161044;0.8373893;0.214328;0;0;0
24.44304;1.194275;0.1163623;0.8374879;0.2144454;0;0;0
24.46923;1.220467;0.1162106;0.8374377;0.2146803;0;0;0
24.49483;1.246066;0.1159213;0.8370761;0.2148571;0;0;0
24.52238;1.273612;0.1157962;0.8367558;0.2151735;0;0;0
24.54132;1.292558;0.1159634;0.8365178;0.2154674;0;0;0
24.56502;1.316254;0.1161088;0.8364816;0.2157079;0;0;0
24.59166;1.34289;0.1163508;0.8365755;0.2160058;0;0;0
24.61278;1.364007;0.1167202;0.8368941;0.2161923;0;0;0
24.63305;1.384286;0.1168744;0.8367045;0.2162856;0;0;0
24.65887;1.410097;0.1167344;0.8362855;0.2161073;0;0;0
24.68323;1.434458;0.1164833;0.8361291;0.2159885;0;0;0
24.70745;1.458675;0.1162855;0.836034;0.2158706;0;0;0
24.72887;1.480102;0.1159787;0.8358841;0.2155427;0;0;0
24.75186;1.503088;0.1154729;0.8357885;0.2153062;0;0;0
24.77667;1.527898;0.1150198;0.8356744;0.2152606;0;0;0
24.79875;1.549983;0.1148635;0.8358929;0.2152634;0;0;0
24.8208;1.572031;0.1151455;0.8363311;0.2152509;0;0;0
24.8475;1.598727;0.1154899;0.8368401;0.2153308;0;0;0
24.87518;1.626411;0.1157522;0.8370266;0.2154839;0;0;0
24.90293;1.654159;0.1159529;0.8368852;0.2158753;0;0;0
24.91951;1.670734;0.1161474;0.8366338;0.2161258;0;0;0
24.94026;1.691485;0.1162988;0.8365167;0.2161967;0;0;0
24.96327;1.714495;0.1165335;0.8362757;0.2162182;0;0;0
24.98618;1.737404;0.1166739;0.8360603;0.2160877;0;0;0
25.01294;1.764169;0.1166009;0.8358898;0.2159275;0;0;0
25.03134;1.782565;0.1163209;0.8356779;0.2157682;0;0;0
25.05687;1.808102;0.1160412;0.8354563;0.2156551;0;0;0
25.07396;1.825187;0.1159022;0.8354744;0.2154033;0;0;0
25.09946;1.850694;0.1158693;0.8356416;0.215124;0;0;0
25.11827;1.869503;0.1158716;0.8358005;0.2150593;0;0;0
25.14573;1.896956;0.116023;0.8359818;0.2149738;0;0;0
25.16816;1.919387;0.1162093;0.8358709;0.2149797;0;0;0
25.18989;1.941123;0.1163258;0.8357784;0.2149962;0;0;0
25.21379;1.965019;0.1163507;0.8356898;0.2149974;0;0;0
25.2367;1.987927;0.1161797;0.8354792;0.2148998;0;0;0
25.26131;2.012537;0.1159767;0.8352013;0.2148852;0;0;0
25.28697;2.038197;0.1158647;0.8350067;0.2147844;0;0;0
25.30923;2.060459;0.1157266;0.8349982;0.2147147;0;0;0
25.32872;2.079952;0.1155581;0.8350629;0.2146788;0;0;0
25.35742;2.108654;0.1156299;0.835269;0.2146157;0;0;0
25.37771;2.128938;0.1156882;0.8353583;0.2145946;0;0;0
25.39879;2.150022;0.1155841;0.8353101;0.2146186;0;0;0
25.42005;2.171276;0.1157024;0.8353941;0.2145734;0;0;0
25.44647;2.197701;0.1158618;0.8354841;0.2145431;0;0;0
25.46625;2.217479;0.1158914;0.8355188;0.2145086;0;0;0
25.48689;2.238117;0.1157687;0.8356129;0.2144829;0;0;0
25.50931;2.260537;0.1155356;0.8356291;0.2145743;0;0;0
25.53124;2.282468;0.115406;0.835533;0.214795;0;0;0
25.55408;2.305306;0.1155044;0.835501;0.2150611;0;0;0
25.57426;2.325493;0.1157826;0.8354604;0.2152867;0;0;0
25.59693;2.34816;0.116054;0.835449;0.2155361;0;0;0
25.62188;2.373106;0.116089;0.8353354;0.2155695;0;0;0
25.64298;2.39421;0.1158888;0.8352422;0.2155192;0;0;0
25.66418;2.415404;0.1153843;0.8349404;0.2154234;0;0;0
25.69061;2.441839;0.1149497;0.8347361;0.2151937;0;0;0
25.70877;2.460001;0.1150975;0.8347227;0.2150237;0;0;0
25.73189;2.483115;0.1151796;0.8347149;0.214866;0;0;0
25.75408;2.505308;0.1152885;0.8348224;0.2149236;0;0;0
25.77708;2.52831;0.1155078;0.8350939;0.2150774;0;0;0
25.79973;2.55096;0.115642;0.8354329;0.215238;0;0;0
25.82611;2.577332;0.1162039;0.8356847;0.2154672;0;0;0
25.84419;2.595413;0.1163853;0.8357428;0.215562;0;0;0
25.8599;2.611127;0.116529;0.8356295;0.2155669;0;0;0
25.88887;2.640102;0.1164073;0.8355058;0.2154505;0;0;0
25.91014;2.661363;0.1161592;0.8351165;0.2153502;0;0;0
25.93227;2.683496;0.1159775;0.8349853;0.2151503;0;0;0
25.95696;2.708186;0.11582;0.8347609;0.2149915;0;0;0
25.98015;2.731375;0.1155836;0.8344998;0.2149632;0;0;0
25.99947;2.750697;0.1153998;0.8344139;0.2149319;0;0;0
26.02228;2.773512;0.1154133;0.8344446;0.2149876;0;0;0
26.04446;2.795686;0.1155134;0.8344672;0.2150658;0;0;0
26.06634;2.817569;0.1155909;0.8345003;0.2152376;0;0;0
26.08861;2.839834;0.1156008;0.8345218;0.215383;0;0;0
26.1117;2.862929;0.1156115;0.8345214;0.2154387;0;0;0
26.12682;2.878051;0.1154729;0.834437;0.2154943;0;0;0
26.15679;2.908015;0.115297;0.8343316;0.215621;0;0;0
26.18093;2.932163;0.1152765;0.834355;0.2157321;0;0;0
26.21084;2.962069;0.1153923;0.8344593;0.2157739;0;0;0
26.2233;2.974533;0.1157075;0.8345034;0.2157924;0;0;0
26.25236;3.003591;0.1158675;0.8345801;0.2156133;0;0;0
26.26908;3.020307;0.1157994;0.8347886;0.2154491;0;0;0
26.29034;0.0212641;0.1154578;0.8349369;0.2153314;0;0;0
26.31064;0.0415665;0.1149814;0.8349788;0.2153386;0;0;0
26.33254;0.0634598;0.1148914;0.8350995;0.2155386;0;0;0
26.36164;0.09256279;0.1151297;0.8351803;0.2156093;0;0;0
26.37805;0.1089691;0.1154054;0.8352751;0.2156264;0;0;0
26.39807;0.12899;0.115756;0.8355693;0.2157144;0;0;0
26.42283;0.1537571;0.1156785;0.8354199;0.2158492;0;0;0
26.44482;0.1757421;0.11517;0.8350416;0.2161326;0;0;0
26.46957;0.2004897;0.1147584;0.8349383;0.2165062;0;0;0
26.49242;0.2233396;0.1148122;0.8358403;0.2172787;0;0;0
26.52148;0.2524054;0.1146238;0.8366493;0.2181084;0;0;0
26.53422;0.2651413;0.1136593;0.837604;0.2209579;0;0;0
26.56293;0.2938584;0.1129917;0.8391396;0.2257929;0;0;0
26.58581;0.3167359;0.1129712;0.8410914;0.2326756;0;0;0
26.6061;0.3370221;0.1119103;0.8439989;0.2399536;0;0;0
26.63837;0.3692971;0.1099068;0.8456917;0.2486471;0;0;0
26.65052;0.3814475;0.1086027;0.845876;0.2534158;0;0;0
26.66632;0.3972493;0.1030259;0.8445355;0.2703032;0;0;0
26.6958;0.4267249;0.1015607;0.8451762;0.2816074;0;0;0
26.72049;0.4514163;0.1001133;0.8467616;0.2935142;0;0;0
26.74942;0.4803423;0.09848944;0.8479078;0.305626;0;0;0
26.76756;0.4984818;0.09668095;0.8498989;0.3169913;0;0;0
26.78765;0.5185753;0.09461781;0.85167;0.3273303;0;0;0
26.80868;0.5396031;0.09283761;0.8528054;0.3374028;0;0;0
26.83484;0.5657585;0.09138242;0.8541605;0.3470906;0;0;0
26.85398;0.5849049;0.09025602;0.8547708;0.355891;0;0;0
26.87701;0.6079316;0.08971189;0.8555526;0.3643346;0;0;0
26.89993;0.6308555;0.08923379;0.8558071;0.3714537;0;0;0
26.92049;0.6514093;0.08957118;0.8561031;0.3783526;0;0;0
26.94706;0.6779853;0.09074406;0.8582753;0.3850561;0;0;0
26.97567;0.706591;0.09077401;0.8588389;0.3902927;0;0;0
26.99939;0.7303136;0.0905323;0.8591011;0.3961892;0;0;0
27.0183;0.7492231;0.08966921;0.8558109;0.4045452;0;0;0
27.05732;0.7882424;0.08921702;0.8550696;0.4072395;0;0;0
27.08066;0.8115811;0.08994599;0.8549799;0.4090087;0;0;0
27.09898;0.8299043;0.09132524;0.8544673;0.4105528;0;0;0
27.11964;0.8505664;0.09268132;0.8538458;0.4118476;0;0;0
27.14492;0.8758472;0.09388924;0.8533213;0.4131266;0;0;0
27.17319;0.9041179;0.09482265;0.8509039;0.4136676;0;0;0
27.19466;0.9255843;0.09587972;0.8495357;0.413747;0;0;0
27.22144;0.9523626;0.09768949;0.84927;0.4135765;0;0;0
27.24629;0.9772127;0.09969486;0.8502334;0.4128991;0;0;0
27.26359;0.9945139;0.1013112;0.851175;0.4112101;0;0;0
27.28776;1.018682;0.1016537;0.851105;0.4106064;0;0;0
27.30461;1.035535;0.1026497;0.8500954;0.4088429;0;0;0
27.33839;1.069311;0.1030899;0.8495355;0.4081934;0;0;0
27.35009;1.081011;0.1038806;0.8489866;0.4080842;0;0;0
27.38044;1.111364;0.1047103;0.849039;0.4075373;0;0;0
27.4055;1.136422;0.1044968;0.8487293;0.4083143;0;0;0
27.43246;1.163379;0.1043855;0.8482416;0.4091952;0;0;0
27.45163;1.182547;0.1049249;0.8482289;0.410117;0;0;0
27.47471;1.205636;0.10526;0.848031;0.4109032;0;0;0
27.49682;1.227746;0.1059036;0.8481321;0.4113733;0;0;0
27.52;1.250923;0.1062433;0.8480185;0.4118765;0;0;0
27.54344;1.274361;0.1062744;0.8476211;0.4123077;0;0;0
27.56598;1.296902;0.105985;0.8467579;0.4125294;0;0;0
27.58765;1.318575;0.1066463;0.8467398;0.4129417;0;0;0
27.61092;1.341837;0.1078142;0.8475095;0.4140984;0;0;0
27.63433;1.365248;0.1088698;0.8485378;0.4155203;0;0;0
27.6588;1.389725;0.1102793;0.8492857;0.4162465;0;0;0
27.6825;1.41342;0.1108907;0.8495659;0.4162681;0;0;0
27.70262;1.433544;0.1116969;0.8510999;0.4182604;0;0;0
27.72796;1.458877;0.1117067;0.8517755;0.4190056;0;0;0
27.74396;1.474883;0.1117102;0.852823;0.4196595;0;0;0
27.77353;1.504451;0.1114382;0.8530581;0.4200074;0;0;0
27.79827;1.529187;0.1111855;0.8530675;0.420269;0;0;0
27.81867;1.549594;0.1109981;0.852736;0.4202688;0;0;0
27.84122;1.572136;0.1106995;0.8521682;0.4203449;0;0;0
27.86428;1.5952;0.1102239;0.8515253;0.4207587;0;0;0
27.8853;1.616218;0.1098992;0.8509938;0.4215243;0;0;0
27.90766;1.63858;0.109672;0.8503454;0.4220766;0;0;0
27.93088;1.661802;0.1096907;0.8500055;0.4223737;0;0;0
27.95388;1.684804;0.1097256;0.8494772;0.4223902;0;0;0
27.97772;1.708642;0.1093516;0.8486803;0.4224052;0;0;0
28.00015;1.731069;0.1090879;0.8482525;0.4225501;0;0;0
28.02182;1.752742;0.1089878;0.8479154;0.4226188;0;0;0
28.04566;1.776579;0.1090742;0.8479313;0.422693;0;0;0
28.06495;1.795879;0.1091394;0.847949;0.4226824;0;0;0
28.08103;1.811952;0.1090655;0.8477521;0.4224823;0;0;0
28.11038;1.841305;0.1088166;0.8473178;0.4221469;0;0;0
28.13167;1.862591;0.1086101;0.8467849;0.4216043;0;0;0
28.15317;1.8841;0.108651;0.8461574;0.4209715;0;0;0
28.17591;1.906832;0.1086941;0.8458296;0.4206759;0;0;0
28.19212;1.923043;0.1087959;0.8449001;0.4204095;0;0;0
28.2232;1.954127;0.1088991;0.8445525;0.4202881;0;0;0
28.24236;1.973287;0.1089653;0.8443355;0.4201691;0;0;0
28.25906;1.989989;0.1089805;0.8439118;0.4197868;0;0;0
28.28449;2.015413;0.1088899;0.8437321;0.4195288;0;0;0
28.31089;2.041819;0.1088555;0.843757;0.4192049;0;0;0
28.3316;2.062531;0.1089495;0.8440648;0.4191211;0;0;0
28.35132;2.082247;0.1089708;0.8442152;0.4191038;0;0;0
28.37;2.100929;0.1089446;0.8443043;0.4192037;0;0;0
28.39558;2.126509;0.1088851;0.844162;0.4192445;0;0;0
28.41779;2.148717;0.1088759;0.84394;0.4192683;0;0;0
28.43998;2.170906;0.108846;0.8437619;0.4193834;0;0;0
28.46186;2.192787;0.1087618;0.8435447;0.4195367;0;0;0
28.48625;2.217178;0.1086268;0.8434164;0.4197826;0;0;0
28.50113;2.232058;0.1084175;0.8432447;0.4198919;0;0;0
28.52255;2.253474;0.1084157;0.8431438;0.4198432;0;0;0
28.54389;2.274817;0.1084734;0.8431169;0.4198333;0;0;0
28.56918;2.300109;0.1085651;0.8431652;0.4198997;0;0;0
28.58828;2.319209;0.1087041;0.8432979;0.4199665;0;0;0
28.6106;2.341525;0.1086932;0.8432783;0.4200794;0;0;0
28.6254;2.356328;0.1085368;0.8432685;0.4205495;0;0;0
28.65702;2.387943;0.1083291;0.8430657;0.4208913;0;0;0
28.6754;2.40632;0.1081447;0.8429672;0.4212758;0;0;0
28.6993;2.430219;0.1079917;0.8431051;0.4216576;0;0;0
28.72402;2.454942;0.1079429;0.8432484;0.4220051;0;0;0
28.74166;2.472589;0.1077476;0.8432267;0.4223587;0;0;0
28.76291;2.493829;0.1075731;0.8431395;0.4226348;0;0;0
28.78447;2.515392;0.1073629;0.8430797;0.4228605;0;0;0
28.81039;2.541312;0.1072364;0.8430517;0.4229528;0;0;0
28.82426;2.555187;0.1070515;0.8429792;0.4230256;0;0;0
28.84498;2.575907;0.1068911;0.8429587;0.4231852;0;0;0
28.8698;2.600729;0.1067425;0.8429965;0.4235503;0;0;0
28.89552;2.626446;0.106622;0.842986;0.4239025;0;0;0
28.91701;2.647933;0.1065321;0.843036;0.4241115;0;0;0
28.94342;2.674343;0.1065786;0.8431147;0.4240531;0;0;0
28.96701;2.697942;0.1066799;0.8434607;0.4240421;0;0;0
28.99592;2.726845;0.1066064;0.8436119;0.4241541;0;0;0
29.02577;2.756697;0.1063987;0.8435373;0.424301;0;0;0
29.04213;2.773057;0.1060543;0.8434208;0.4246737;0;0;0
29.07025;2.801176;0.1055379;0.8431348;0.4249831;0;0;0
29.0884;2.819324;0.1051394;0.8429112;0.4251617;0;0;0
29.10327;2.834194;0.1048534;0.8428301;0.4252804;0;0;0
29.12832;2.859251;0.1046948;0.8429438;0.4254134;0;0;0
29.15101;2.881934;0.1048734;0.8432948;0.4256764;0;0;0
29.1729;2.903832;0.105064;0.8434802;0.4258021;0;0;0
29.18855;2.919481;0.1050926;0.8437293;0.426168;0;0;0
29.22034;2.951263;0.1047101;0.8435461;0.4265411;0;0;0
29.24253;2.973456;0.1044075;0.8431258;0.426631;0;0;0
29.26355;2.99448;0.1043307;0.8429853;0.4265804;0;0;0
29.28685;3.01778;0.1043817;0.8429729;0.4264471;0;0;0
29.30857;3.039499;0.1044803;0.8431754;0.4263766;0;0;0
29.32714;3.058065;0.1045353;0.8433279;0.426065;0;0;0
29.34986;3.080789;0.104588;0.8434646;0.4256985;0;0;0
29.3733;0.0234371;0.104596;0.8434529;0.4255655;0;0;0
29.39942;0.0495582;0.1040003;0.8432431;0.4258237;0;0;0
29.43174;0.0818726;0.1035711;0.8430262;0.4261543;0;0;0
29.45498;0.1051151;0.1035611;0.8429891;0.4264027;0;0;0
29.48062;0.1307581;0.1038847;0.8431331;0.4262617;0;0;0
29.4994;0.1495385;0.1042794;0.8433642;0.426095;0;0;0
29.52031;0.170446;0.1049156;0.8433596;0.4260558;0;0;0
29.54205;0.1921813;0.1061122;0.8427113;0.4257237;0;0;0
29.57026;0.2203912;0.1072237;0.84197;0.4253411;0;0;0
29.59128;0.2414181;0.1079155;0.841604;0.4250966;0;0;0
29.60394;0.254075;0.1090302;0.8407671;0.4244287;0;0;0
29.63253;0.2826651;0.1096764;0.8402753;0.4241256;0;0;0
29.65433;0.3044684;0.1101152;0.8399709;0.423852;0;0;0
29.6768;0.3269356;0.1102955;0.8397231;0.4235524;0;0;0
29.70094;0.3510791;0.110319;0.8394278;0.4231234;0;0;0
29.72674;0.3768809;0.1102614;0.839287;0.4228203;0;0;0
29.74392;0.3940578;0.1103573;0.8389738;0.4224743;0;0;0
29.77261;0.4227458;0.1105026;0.8390234;0.4224396;0;0;0
29.78519;0.4353304;0.1110152;0.8391028;0.422604;0;0;0
29.81244;0.4625759;0.1111439;0.8390265;0.4226405;0;0;0
29.84245;0.4925869;0.1110665;0.838853;0.4226449;0;0;0
29.85321;0.5033524;0.1106963;0.8386356;0.4224411;0;0;0
29.88244;0.532575;0.1107412;0.8384476;0.4226737;0;0;0
29.90063;0.5507675;0.111133;0.8383374;0.4228655;0;0;0
29.92312;0.573256;0.1118948;0.8386009;0.4230538;0;0;0
29.94483;0.5949694;0.1124461;0.8388272;0.4232351;0;0;0
29.97679;0.6269284;0.1125448;0.838923;0.4232674;0;0;0
29.99835;0.648491;0.1124696;0.8389264;0.4231677;0;0;0
30.02122;0.6713638;0.1124573;0.8388337;0.4228771;0;0;0
30.04564;0.6957836;0.1125699;0.8388004;0.4224662;0;0;0
30.07001;0.7201452;0.11266;0.8388503;0.4221011;0;0;0
30.10149;0.7516261;0.1126961;0.838846;0.4221015;0;0;0
30.1198;0.7699397;0.1127985;0.838973;0.4221182;0;0;0
30.14057;0.7907076;0.1128714;0.8390248;0.422317;0;0;0
30.16411;0.8142474;0.1128207;0.8392413;0.4225485;0;0;0
30.19516;0.8452935;0.1130595;0.8395751;0.4224828;0;0;0
30.22271;0.8728487;0.1131858;0.8397316;0.4223518;0;0;0
30.24484;0.8949744;0.1132708;0.8399132;0.4221303;0;0;0
30.26731;0.9174473;0.1132969;0.8399864;0.4218206;0;0;0
30.28952;0.9396541;0.1133837;0.8400413;0.4214627;0;0;0
30.30907;0.9592041;0.1134193;0.8400392;0.4212693;0;0;0
30.32814;0.9782811;0.1135249;0.8400842;0.4212227;0;0;0
30.34647;0.9966062;0.1138729;0.8399915;0.42133;0;0;0
30.37864;1.028776;0.1140284;0.8399528;0.4214621;0;0;0
30.39813;1.048265;0.114154;0.8399866;0.4216065;0;0;0
30.42531;1.075447;0.1142464;0.8400016;0.4217909;0;0;0
30.44355;1.093692;0.1144623;0.8400715;0.4218517;0;0;0
30.47227;1.122414;0.1146837;0.8401784;0.4218509;0;0;0
30.49431;1.144447;0.1148819;0.8403147;0.4217685;0;0;0
30.52103;1.171167;0.1150313;0.8404304;0.4216126;0;0;0
30.54062;1.19076;0.1151442;0.840495;0.4214622;0;0;0
30.56178;1.211918;0.1151769;0.8405087;0.4213639;0;0;0
30.58048;1.230616;0.1152522;0.8405107;0.4211281;0;0;0
30.60858;1.258717;0.1153235;0.8405032;0.4210661;0;0;0
30.63192;1.282061;0.1154157;0.8405498;0.4210674;0;0;0
30.65366;1.303795;0.1154509;0.8405752;0.4210979;0;0;0
30.67136;1.321496;0.1154724;0.8406866;0.4210602;0;0;0
30.70663;1.356765;0.1154703;0.8407357;0.4210415;0;0;0
30.72991;1.380048;0.1154209;0.8407943;0.4210653;0;0;0
30.75481;1.404946;0.1154016;0.8409023;0.4210225;0;0;0
30.76907;1.419209;0.115374;0.8409491;0.4208395;0;0;0
30.79791;1.448048;0.1155702;0.841041;0.4206741;0;0;0
30.81909;1.469228;0.1157017;0.8411067;0.4206314;0;0;0
30.84259;1.492724;0.1159165;0.8411638;0.4206262;0;0;0
30.86551;1.515644;0.1161421;0.8412371;0.4207008;0;0;0
30.8877;1.537831;0.1161984;0.8412626;0.4209314;0;0;0
30.91096;1.561099;0.1161544;0.8413254;0.4211617;0;0;0
30.93183;1.581965;0.1161636;0.8412633;0.4214019;0;0;0
30.95717;1.607309;0.1162784;0.84123;0.4214707;0;0;0
30.9787;1.628838;0.1165514;0.8412603;0.4215234;0;0;0
31.00709;1.657225;0.1166672;0.8412523;0.4215375;0;0;0
31.0354;1.685532;0.1166738;0.8411359;0.4214879;0;0;0
31.05095;1.701088;0.1165903;0.8410331;0.4213948;0;0;0
31.07249;1.722629;0.1164694;0.8409544;0.4213442;0;0;0
31.09678;1.746916;0.116219;0.8408158;0.4213402;0;0;0
31.11651;1.766646;0.116077;0.840728;0.4214256;0;0;0
31.14007;1.7902;0.1160482;0.8406473;0.4213889;0;0;0
31.16588;1.816015;0.1160849;0.8407013;0.4213255;0;0;0
31.17758;1.827715;0.1160256;0.8407509;0.4212454;0;0;0
31.20347;1.853606;0.1160066;0.8407663;0.4211239;0;0;0
31.22436;1.874497;0.1160689;0.8407229;0.4209346;0;0;0
31.24339;1.893525;0.1162874;0.8408309;0.4207538;0;0;0
31.26643;1.916564;0.1164646;0.840934;0.4205887;0;0;0
31.29066;1.940794;0.1166901;0.8410546;0.4204088;0;0;0
31.31185;1.961981;0.1168241;0.8410721;0.4204524;0;0;0
31.33571;1.985845;0.116815;0.8410002;0.420589;0;0;0
31.3577;2.007833;0.1167347;0.8408816;0.4208142;0;0;0
31.38452;2.034656;0.1167251;0.8407845;0.420908;0;0;0
31.401;2.05113;0.1167691;0.8407164;0.4209504;0;0;0
31.42434;2.074477;0.1167169;0.8405588;0.4208724;0;0;0
31.44467;2.094806;0.1166696;0.8403807;0.420757;0;0;0
31.46609;2.11622;0.1166158;0.8402839;0.4206264;0;0;0
31.49064;2.140775;0.1164638;0.8401879;0.4205658;0;0;0
31.51046;2.160599;0.1164816;0.8403981;0.4207115;0;0;0
31.53542;2.185555;0.1167405;0.8407231;0.4208941;0;0;0
31.55478;2.204917;0.1171629;0.8410827;0.42116;0;0;0
31.58039;2.230527;0.1174636;0.8412728;0.4214122;0;0;0
31.60065;2.250781;0.1175307;0.8414975;0.421393;0;0;0
31.62287;2.273004;0.1174284;0.8416103;0.4212503;0;0;0
31.64293;2.29307;0.1173451;0.84156;0.4211822;0;0;0
31.65945;2.309585;0.1170044;0.8412167;0.4209436;0;0;0
31.68592;2.336056;0.116806;0.8409238;0.4208056;0;0;0
31.7102;2.360334;0.1168752;0.8409351;0.4208915;0;0;0
31.73052;2.380659;0.1169695;0.8409107;0.4209512;0;0;0
31.75298;2.403116;0.1170562;0.8409932;0.4210888;0;0;0
31.77512;2.425251;0.1171948;0.8410133;0.4211782;0;0;0
31.79602;2.446158;0.1175263;0.841284;0.4212356;0;0;0
31.81865;2.468782;0.1177369;0.841529;0.4214169;0;0;0
31.84495;2.495082;0.1178581;0.8415636;0.4214515;0;0;0
31.86669;2.516827;0.1178297;0.8416696;0.4215125;0;0;0
31.88797;2.538107;0.1177;0.8417389;0.4215073;0;0;0
31.90192;2.552058;0.1174595;0.8417235;0.4215519;0;0;0
31.92462;2.574749;0.1171029;0.8414737;0.4215709;0;0;0
31.95127;2.601407;0.1169294;0.8413193;0.4215669;0;0;0
31.9677;2.617839;0.1167994;0.8411357;0.4215434;0;0;0
31.9903;2.640434;0.1167533;0.8409445;0.4215757;0;0;0
32.01176;2.6619;0.1167624;0.840874;0.4216396;0;0;0
32.03289;2.683024;0.1168444;0.8409021;0.4217271;0;0;0
32.0556;2.705735;0.1169703;0.840905;0.4217696;0;0;0
32.08058;2.730717;0.1170927;0.8409784;0.4219223;0;0;0
32.10012;2.750257;0.1171275;0.840993;0.4219785;0;0;0
32.11461;2.76475;0.1170084;0.8411436;0.4219834;0;0;0
32.14964;2.799779;0.1167445;0.8411754;0.4219438;0;0;0
32.17245;2.822582;0.1164762;0.8411735;0.4219447;0;0;0
32.18733;2.837468;0.1160828;0.84113;0.4219469;0;0;0
32.21264;2.862777;0.1158629;0.8410995;0.4219257;0;0;0
32.22665;2.876789;0.1158511;0.8412223;0.4220019;0;0;0
32.25554;2.905677;0.1159869;0.8412657;0.4219654;0;0;0
32.2777;2.927837;0.1161497;0.8414407;0.4219857;0;0;0
32.30134;0.0236352;0.1162575;0.8415728;0.4219677;0;0;0
32.32227;0.044571;0.1163326;0.8416749;0.4219848;0;0;0
32.34423;0.06653009;0.1163398;0.8417924;0.4221102;0;0;0
32.3559;0.07820269;0.1161749;0.842039;0.4224769;0;0;0
32.38631;0.1086125;0.1164437;0.8423024;0.4225431;0;0;0
32.40654;0.1288354;0.1167582;0.8425012;0.4224292;0;0;0
32.42492;0.1472221;0.117;0.8426694;0.4221031;0;0;0
32.44442;0.1667209;0.1165349;0.8427441;0.4220528;0;0;0
32.46392;0.1862239;0.1160948;0.8425953;0.4222999;0;0;0
32.48379;0.2060888;0.1155615;0.8424197;0.4227168;0;0;0
32.50256;0.2248647;0.1153726;0.8419813;0.4233473;0;0;0
32.5267;0.249002;0.1155138;0.8419532;0.4235811;0;0;0
32.54421;0.2665123;0.1165533;0.842632;0.424189;0;0;0
32.57274;0.2950473;0.1167413;0.8427185;0.4238878;0;0;0
32.59378;0.3160866;0.1165717;0.8426206;0.4231295;0;0;0
32.61626;0.3385628;0.116276;0.8425064;0.4223571;0;0;0
32.63719;0.3594991;0.1160687;0.8424321;0.4217983;0;0;0
32.65282;0.3751285;0.1155563;0.8419428;0.4199383;0;0;0
32.69799;0.4202935;0.1161069;0.84229;0.4182149;0;0;0
32.71418;0.4364858;0.1162318;0.8428656;0.4157713;0;0;0
32.74226;0.4645693;0.1158159;0.8428501;0.4129304;0;0;0
32.76643;0.4887395;0.1157776;0.8432422;0.4084497;0;0;0
32.78993;0.5122347;0.1159031;0.8443729;0.4031912;0;0;0
32.81165;0.5339524;0.1160939;0.8458033;0.3966562;0;0;0
32.83061;0.5529203;0.1155282;0.8469024;0.3904093;0;0;0
32.85178;0.5740883;0.1141235;0.846498;0.3831224;0;0;0
32.87456;0.5968705;0.1135064;0.8464029;0.3792502;0;0;0
32.89123;0.6135353;0.1124812;0.8459164;0.3693632;0;0;0
32.91605;0.6383623;0.112357;0.845435;0.3655838;0;0;0
32.93391;0.6562177;0.1132356;0.8450776;0.3585597;0;0;0
32.95573;0.6780372;0.1154298;0.8447113;0.3423172;0;0;0
32.9847;0.7070103;0.1162073;0.8447726;0.3329003;0;0;0
33.00567;0.7279791;0.1173456;0.845084;0.3229809;0;0;0
33.02738;0.7496862;0.1182313;0.8453993;0.3177767;0;0;0
33.04482;0.7671303;0.1178829;0.8429145;0.3039682;0;0;0
33.07639;0.7987;0.1186414;0.8411446;0.2946773;0;0;0
33.09454;0.8168448;0.1191928;0.8403465;0.2904362;0;0;0
33.1151;0.8374035;0.1201217;0.8369617;0.2775374;0;0;0
33.1473;0.869602;0.120119;0.834677;0.27169;0;0;0
33.16657;0.8888736;0.1204837;0.8330549;0.2663312;0;0;0
33.18883;0.9111311;0.1214699;0.8324055;0.2618085;0;0;0
33.21175;0.9340562;0.1238907;0.8316031;0.2575433;0;0;0
33.24017;0.9624696;0.1256517;0.8313303;0.2549233;0;0;0
33.26221;0.9845124;0.127153;0.8315615;0.252407;0;0;0
33.28358;1.005891;0.1281456;0.8313503;0.2497606;0;0;0
33.3053;1.027608;0.1290847;0.8313383;0.2467702;0;0;0
33.33097;1.053276;0.1295149;0.8304728;0.2441918;0;0;0
33.35357;1.075879;0.1294188;0.8296766;0.2421372;0;0;0
33.37611;1.098413;0.1293718;0.8291969;0.2411441;0;0;0
33.3954;1.117711;0.1295255;0.8278338;0.2388806;0;0;0
33.42098;1.143285;0.1303263;0.8268405;0.2376699;0;0;0
33.44792;1.170228;0.1312607;0.8260263;0.2362954;0;0;0
33.47361;1.195917;0.1316875;0.8257012;0.2358386;0;0;0
33.49427;1.216578;0.1320106;0.8261503;0.2355068;0;0;0
33.52369;1.245995;0.1319027;0.8262684;0.2352998;0;0;0
33.53619;1.258503;0.1313364;0.8261895;0.2355806;0;0;0
33.56836;1.290664;0.1307102;0.8257475;0.2362002;0;0;0
33.58699;1.309304;0.1301053;0.825287;0.2368726;0;0;0
33.60949;1.3318;0.1296425;0.8252277;0.2375094;0;0;0
33.63276;1.355064;0.128921;0.8250773;0.2386913;0;0;0
33.66289;1.385195;0.1285852;0.8247925;0.2395134;0;0;0
33.68512;1.407429;0.1282533;0.8246179;0.2400933;0;0;0
33.70667;1.428977;0.128079;0.8246487;0.2402688;0;0;0
33.72926;1.45157;0.1281005;0.8246373;0.2400978;0;0;0
33.75418;1.476483;0.1281231;0.8247796;0.239747;0;0;0
33.78056;1.502867;0.1281854;0.8249384;0.239512;0;0;0
33.79793;1.52024;0.1281214;0.824657;0.2390191;0;0;0
33.82015;1.542458;0.1286452;0.8247856;0.2378135;0;0;0
33.84255;1.564858;0.128719;0.8247247;0.2361758;0;0;0
33.86494;1.587249;0.1288546;0.8262697;0.2350084;0;0;0
33.88833;1.610637;0.1286131;0.8267969;0.233296;0;0;0
33.90966;1.631964;0.1284185;0.827333;0.2324531;0;0;0
33.93303;1.655332;0.1278638;0.8272039;0.2316529;0;0;0
33.95655;1.678861;0.1277351;0.8272577;0.2312884;0;0;0
33.97189;1.694192;0.1276235;0.8273364;0.2310746;0;0;0
33.99853;1.720835;0.1279112;0.828682;0.2300901;0;0;0
34.0295;1.751804;0.1287887;0.8298192;0.2295429;0;0;0
34.05244;1.774748;0.1291935;0.8303854;0.2291919;0;0;0
34.07622;1.798527;0.128871;0.8305466;0.2291716;0;0;0
34.09735;1.819656;0.128426;0.8293917;0.2296332;0;0;0
34.12006;1.842373;0.1274458;0.8280433;0.2291664;0;0;0
34.14973;1.872043;0.1270312;0.8278648;0.2289829;0;0;0
34.16927;1.891573;0.1266671;0.8286342;0.2282814;0;0;0
34.19536;1.917667;0.1266558;0.8283663;0.2283006;0;0;0
34.22363;1.945943;0.1268491;0.8284693;0.2281285;0;0;0
34.23928;1.961595;0.1272438;0.8287114;0.2279308;0;0;0
34.26588;1.988194;0.127755;0.8294199;0.2276618;0;0;0
34.28806;2.01037;0.1280463;0.8302155;0.2274296;0;0;0
34.3102;2.032512;0.1281572;0.8306752;0.2278813;0;0;0
34.33559;2.057904;0.1279791;0.830837;0.228288;0;0;0
34.35983;2.082136;0.1280034;0.830968;0.2285472;0;0;0
34.37844;2.10075;0.1285135;0.8311891;0.229474;0;0;0
34.40611;2.128419;0.1289706;0.8313992;0.2301209;0;0;0
34.42949;2.151795;0.1292877;0.8309764;0.230609;0;0;0
34.45277;2.175077;0.1292966;0.8305175;0.2309558;0;0;0
34.47963;2.201946;0.1292481;0.8301754;0.2313175;0;0;0
34.49803;2.22034;0.129219;0.8300639;0.2316584;0;0;0
34.52418;2.246492;0.1291845;0.8305985;0.2320894;0;0;0
34.54482;2.26713;0.1292809;0.8308705;0.2325105;0;0;0
34.57315;2.295459;0.1293234;0.8310065;0.2329321;0;0;0
34.58665;2.308961;0.1294085;0.8309751;0.233518;0;0;0
34.60957;2.331887;0.1297936;0.8311707;0.2340109;0;0;0
34.63621;2.358522;0.1304273;0.8318081;0.234336;0;0;0
34.6604;2.382715;0.1306587;0.8321087;0.2342091;0;0;0
34.68426;2.406572;0.1306231;0.832384;0.234304;0;0;0
34.70857;0.0243098;0.1303723;0.8323877;0.2345894;0;0;0
34.72898;0.0447168;0.1298901;0.8320898;0.2349507;0;0;0
34.75044;0.0661798;0.1294525;0.831807;0.2353097;0;0;0
34.77868;0.0944156;0.1292695;0.8314861;0.2361265;0;0;0
34.79957;0.1153128;0.1295315;0.8315471;0.2367123;0;0;0
34.81969;0.1354326;0.1299693;0.8313859;0.2373459;0;0;0
34.84428;0.1600243;0.1304496;0.8312971;0.2380148;0;0;0
34.86477;0.1805146;0.1308308;0.8314745;0.2389991;0;0;0
34.88814;0.2038784;0.1311859;0.8315086;0.2401178;0;0;0
34.90978;0.2255204;0.1313963;0.8314449;0.2410037;0;0;0
34.93715;0.2528863;0.1313299;0.8313776;0.2414643;0;0;0
34.9587;0.2744381;0.1306663;0.8310588;0.242186;0;0;0
34.98275;0.2984858;0.1296968;0.8305181;0.2429878;0;0;0
35.00356;0.3192934;0.1288696;0.8300362;0.2442783;0;0;0
35.03062;0.3463592;0.1283842;0.829013;0.2455772;0;0;0
35.05443;0.3701716;0.127822;0.8278112;0.2467757;0;0;0
35.07683;0.3925681;0.1273391;0.8271258;0.2474295;0;0;0
35.09558;0.4113224;0.1259571;0.8256912;0.2504456;0;0;0
35.1217;0.4374468;0.125382;0.8256536;0.2529822;0;0;0
35.14952;0.465259;0.1249124;0.8255368;0.2559049;0;0;0
35.16936;0.4851051;0.1246595;0.8260892;0.2595828;0;0;0
35.19495;0.5106912;0.1248398;0.8274076;0.2639602;0;0;0
35.22352;0.5392593;0.1250216;0.8282229;0.267123;0;0;0
35.24482;0.5605607;0.1247841;0.8288489;0.2710832;0;0;0
35.26615;0.5818876;0.1241049;0.8290468;0.2749963;0;0;0
35.293;0.6087433;0.1233222;0.829061;0.2791805;0;0;0
35.31079;0.6265358;0.1229525;0.8291022;0.2812679;0;0;0
35.33015;0.6458967;0.1223795;0.8294002;0.2879481;0;0;0
35.35761;0.6733494;0.1222441;0.8295169;0.2915373;0;0;0
35.37882;0.6945636;0.1220003;0.8294438;0.2962919;0;0;0
35.4062;0.7219452;0.121933;0.8296277;0.3007626;0;0;0
35.42973;0.7454671;0.1216906;0.8298081;0.305153;0;0;0
35.45174;0.7674844;0.1215138;0.8296605;0.3072254;0;0;0
35.46883;0.7845656;0.1205571;0.8289897;0.3134474;0;0;0
35.49776;0.813502;0.1195086;0.8282785;0.3177185;0;0;0
35.51905;0.8347889;0.1185608;0.8274586;0.3223135;0;0;0
35.54282;0.8585536;0.1182972;0.8270625;0.3249023;0;0;0
35.56108;0.8768166;0.1176298;0.8262577;0.331877;0;0;0
35.58828;0.9040129;0.1170374;0.8261063;0.3377889;0;0;0
35.61823;0.933966;0.1167222;0.8261765;0.3403533;0;0;0
35.63531;0.9510481;0.1158933;0.8259813;0.3477602;0;0;0
35.66392;0.9796602;0.1155383;0.8263546;0.353439;0;0;0
35.68855;1.004285;0.1152868;0.8268813;0.3585346;0;0;0
35.71234;1.028075;0.1149675;0.827558;0.3636815;0;0;0
35.73381;1.049543;0.114844;0.8281938;0.3680011;0;0;0
35.757;1.072731;0.1144649;0.8283463;0.3726777;0;0;0
35.77682;1.09256;0.1140541;0.8285633;0.37713;0;0;0
35.79856;1.114293;0.1133377;0.8284848;0.3797395;0;0;0
35.81536;1.131095;0.111388;0.8282739;0.3886982;0;0;0
35.8518;1.167541;0.1106919;0.8281192;0.391433;0;0;0
35.8681;1.183832;0.1095842;0.828236;0.3983646;0;0;0
35.89598;1.211715;0.1091562;0.8284026;0.4031352;0;0;0
35.92276;1.238503;0.10948;0.8290348;0.4074648;0;0;0
35.94068;1.25642;0.1101658;0.8301271;0.4119578;0;0;0
35.96181;1.277551;0.1112267;0.8314384;0.4166801;0;0;0
35.98877;1.304514;0.1122949;0.8328236;0.4202867;0;0;0
36.008;1.323739;0.1128852;0.834174;0.4238353;0;0;0
36.02874;1.344477;0.1131629;0.8343223;0.4260461;0;0;0
36.05178;1.367522;0.1141003;0.8351547;0.427832;0;0;0
36.07354;1.38928;0.1151972;0.8361866;0.4287829;0;0;0
36.09797;1.413714;0.1155548;0.8363006;0.4294832;0;0;0
36.11708;1.432826;0.1152738;0.8366099;0.4308758;0;0;0
36.13885;1.454596;0.1146441;0.8368323;0.4320777;0;0;0
36.15741;1.473145;0.1134994;0.836645;0.4345632;0;0;0
36.18649;1.50223;0.1126329;0.8359259;0.4356246;0;0;0
36.21064;1.526374;0.1124008;0.8360437;0.4369102;0;0;0
36.23013;1.545865;0.1124499;0.8364003;0.4383271;0;0;0
36.25158;1.567319;0.1134851;0.8377964;0.4392504;0;0;0
36.27925;1.594993;0.1136562;0.8381956;0.439354;0;0;0
36.29525;1.61099;0.1146153;0.8394949;0.4394707;0;0;0
36.31972;1.635467;0.1152833;0.8402961;0.4393463;0;0;0
36.34147;1.657213;0.1159333;0.8404298;0.4393646;0;0;0
36.36443;1.680172;0.1163039;0.8405878;0.4390053;0;0;0
36.37939;1.695137;0.1166269;0.8408648;0.4387527;0;0;0
36.39702;1.712763;0.1169449;0.8411763;0.4381893;0;0;0
36.42768;1.743423;0.1169254;0.8409644;0.4375944;0;0;0
36.44989;1.765633;0.1169135;0.8406534;0.4373494;0;0;0
36.47325;1.788995;0.1168545;0.8404521;0.4374958;0;0;0
36.49836;1.814109;0.1168888;0.8402581;0.4376767;0;0;0
36.52169;1.837442;0.1169513;0.8400348;0.4378629;0;0;0
36.5422;1.857949;0.1170549;0.8399426;0.4381214;0;0;0
36.56364;1.879392;0.1169781;0.8398645;0.4387279;0;0;0
36.59167;1.907423;0.1168959;0.8399241;0.4390239;0;0;0
36.61518;1.930928;0.11687;0.8399621;0.4390917;0;0;0
36.63484;1.950586;0.1168394;0.8399717;0.4392386;0;0;0
36.66061;1.976359;0.1168903;0.8401474;0.4390922;0;0;0
36.6874;2.003151;0.1168458;0.8401624;0.4387023;0;0;0
36.70783;2.023581;0.1168243;0.8402332;0.4385167;0;0;0
36.72557;2.041315;0.1171415;0.8406795;0.4382026;0;0;0
36.75367;2.069417;0.1170631;0.8405252;0.4378958;0;0;0
36.77052;2.086268;0.1161935;0.8399338;0.4368543;0;0;0
36.8093;2.125048;0.115795;0.8396161;0.4360764;0;0;0
36.83269;2.148441;0.1155759;0.8394198;0.4356199;0;0;0
36.85138;2.167127;0.1154464;0.8390661;0.4347731;0;0;0
36.87464;2.190394;0.1155014;0.8386497;0.4338399;0;0;0
36.89841;2.214161;0.1154893;0.8383093;0.4330235;0;0;0
36.9213;2.237051;0.1151794;0.8378869;0.4324448;0;0;0
36.94588;2.261636;0.115166;0.8377954;0.432048;0;0;0
36.96194;2.277695;0.1152288;0.8378726;0.430791;0;0;0
36.99482;2.310569;0.115133;0.838128;0.4295219;0;0;0
37.01888;2.334633;0.1148891;0.8383314;0.4279797;0;0;0
37.0397;2.355452;0.1146119;0.8382138;0.4259534;0;0;0
37.06277;2.378521;0.1138368;0.8373073;0.4237519;0;0;0
37.08786;2.403605;0.1136416;0.8364987;0.4217463;0;0;0
37.11081;2.42656;0.1140526;0.8360153;0.4195173;0;0;0
37.13272;2.448477;0.1143285;0.8355974;0.4167749;0;0;0
37.15911;2.474864;0.1135977;0.8340596;0.4122102;0;0;0
37.1825;2.498254;0.1133604;0.833666;0.4105527;0;0;0
37.19971;2.515465;0.1127579;0.8325677;0.4053403;0;0;0
37.22855;2.544305;0.1127366;0.8322799;0.401657;0;0;0
37.25261;2.568362;0.1129295;0.8322548;0.3987759;0;0;0
37.27466;2.590415;0.1131004;0.8322573;0.3962702;0;0;0
37.2973;2.613056;0.1133543;0.8324754;0.3939561;0;0;0
37.32013;2.635889;0.1136174;0.8324435;0.3914189;0;0;0
37.34328;2.659035;0.113761;0.832375;0.3888106;0;0;0
37.36506;2.680811;0.1138589;0.8322614;0.3855334;0;0;0
37.40486;2.720614;0.1136908;0.8318391;0.3822798;0;0;0
37.4204;2.736159;0.1134773;0.8314878;0.3795747;0;0;0
37.44337;2.759125;0.1133265;0.831364;0.3771539;0;0;0
37.46029;2.776048;0.1131641;0.8312527;0.3747323;0;0;0
37.48656;2.802323;0.1131804;0.8311164;0.3725251;0;0;0
37.50753;2.823286;0.1131058;0.8308578;0.3702608;0;0;0
37.52865;2.844407;0.1130398;0.83077;0.3679575;0;0;0
37.55423;2.869988;0.1127178;0.8304747;0.3662749;0;0;0
37.56745;2.883205;0.1117791;0.8299286;0.3622282;0;0;0
37.59807;2.913826;0.1117323;0.8299487;0.3596638;0;0;0
37.6209;2.936653;0.1117577;0.8300222;0.3584975;0;0;0
37.64078;2.956535;0.1120758;0.8304263;0.3533518;0;0;0
37.67489;2.990649;0.1121044;0.8303704;0.3500875;0;0;0
37.6977;3.013453;0.1124649;0.8301245;0.3469178;0;0;0
37.72404;3.039793;0.1129267;0.8297262;0.3438809;0;0;0
37.74357;3.059323;0.1136493;0.8296665;0.340681;0;0;0
37.7653;3.081055;0.1142844;0.8296604;0.3391294;0;0;0
37.78326;3.099021;0.1149269;0.829686;0.3367143;0;0;0
37.80448;3.120233;0.1161535;0.8300114;0.3304582;0;0;0
37.83738;3.153135;0.1162051;0.8300139;0.3272272;0;0;0
37.86599;3.181746;0.1161249;0.8299077;0.3239345;0;0;0
37.88559;3.201343;0.1162918;0.829921;0.3209668;0;0;0
37.91159;3.227346;0.1164302;0.8298943;0.3178966;0;0;0
37.93627;3.252023;0.1166417;0.8299187;0.3148933;0;0;0
37.96007;3.275826;0.1168696;0.8299129;0.3122414;0;0;0
37.97727;3.293023;0.116853;0.8297377;0.309121;0;0;0
38.00478;3.32053;0.1163745;0.8294054;0.3053079;0;0;0
38.02808;3.343832;0.1161631;0.8292119;0.3036775;0;0;0
38.04398;3.359732;0.1167658;0.8293064;0.299022;0;0;0
38.07877;3.394521;0.1176265;0.8294917;0.295837;0;0;0
38.09638;3.412137;0.1182103;0.8294191;0.2927082;0;0;0
38.11729;3.433049;0.1192313;0.8301163;0.2911228;0;0;0
38.13791;3.453661;0.121722;0.830641;0.2860826;0;0;0
38.16276;3.478517;0.1231017;0.8309006;0.2833054;0;0;0
38.18695;3.5027;0.1239504;0.8311456;0.2814009;0;0;0
38.20853;3.52428;0.1245645;0.8309343;0.2793337;0;0;0
38.23482;3.550576;0.1251798;0.8308029;0.2778356;0;0;0
38.25546;3.571217;0.1258802;0.8308749;0.2765242;0;0;0
38.2752;3.59096;0.1260204;0.8305994;0.2753029;0;0;0
38.29652;3.61228;0.125715;0.8300127;0.2748076;0;0;0
38.31337;3.629131;0.1226861;0.8266746;0.2733686;0;0;0
38.34325;3.65901;0.1216105;0.8254524;0.2723198;0;0;0
38.36757;3.683327;0.1210403;0.8245755;0.2714043;0;0;0
38.38654;3.702291;0.1216136;0.824546;0.2716073;0;0;0
38.4086;3.724353;0.1225579;0.8247751;0.2721145;0;0;0
38.43232;3.748082;0.1237597;0.8255839;0.2735053;0;0;0
38.45567;3.771426;0.1250977;0.8267032;0.2745731;0;0;0
38.47497;3.790725;0.1264468;0.828222;0.2759611;0;0;0
38.49633;3.812093;0.1276402;0.8292754;0.2775915;0;0;0
38.51974;3.8355;0.1286278;0.8300517;0.2794631;0;0;0
38.54729;3.863055;0.129164;0.8298531;0.2811961;0;0;0
38.56695;3.882711;0.1293742;0.829177;0.2827318;0;0;0
38.5864;3.902157;0.1295612;0.8284653;0.2848715;0;0;0
38.61146;3.927222;0.1297622;0.8280493;0.2862739;0;0;0
38.63094;3.946703;0.1296809;0.8271815;0.2871959;0;0;0
38.65425;3.970008;0.1297889;0.8264463;0.2879776;0;0;0
38.67504;3.990799;0.1298475;0.8258264;0.2888632;0;0;0
38.69852;4.014278;0.1300479;0.8257064;0.2897408;0;0;0
38.72581;4.041568;0.130613;0.8260713;0.2910837;0;0;0
38.744;4.059765;0.1312766;0.8263795;0.2921514;0;0;0
38.76603;4.081791;0.1318264;0.8265345;0.2926703;0;0;0
38.79029;4.106057;0.132572;0.8265545;0.2935116;0;0;0
38.81261;4.128367;0.1331442;0.8266696;0.2941554;0;0;0
38.83267;4.14843;0.1333375;0.8265771;0.2942399;0;0;0
38.85039;4.166146;0.1337964;0.8265989;0.2952662;0;0;0
38.87974;4.195497;0.1338138;0.8266898;0.2958173;0;0;0
38.90149;4.217244;0.1337433;0.8267718;0.2964814;0;0;0
38.92303;4.238791;0.1335186;0.8268143;0.297184;0;0;0
38.94656;4.262316;0.1328275;0.8264274;0.298275;0;0;0
38.96792;4.283679;0.1325525;0.8264003;0.2991995;0;0;0
38.99014;4.305901;0.13139;0.8257281;0.3001998;0;0;0
39.01261;4.328371;0.1313086;0.8259248;0.3017379;0;0;0
39.03418;4.349938;0.1319279;0.8267205;0.3036748;0;0;0
39.05597;4.371735;0.1332167;0.8283261;0.3060522;0;0;0
39.07915;4.394918;0.1349238;0.8302264;0.3093074;0;0;0
39.1025;4.41826;0.1361475;0.831315;0.3125134;0;0;0
39.12698;4.442739;0.1366647;0.8320194;0.3151599;0;0;0
39.14429;4.460053;0.1368057;0.8328598;0.3179446;0;0;0
39.1688;4.48456;0.136664;0.8332789;0.3207153;0;0;0
39.19168;4.507449;0.136048;0.8336706;0.3240367;0;0;0
39.22611;4.541878;0.135368;0.8337258;0.3265736;0;0;0
39.24224;4.558009;0.1337517;0.8331566;0.3297597;0;0;0
39.26247;4.578233;0.1331648;0.8331507;0.3309383;0;0;0
39.27893;4.594695;0.1323232;0.8332005;0.3348003;0;0;0
39.31178;4.627544;0.1318769;0.832957;0.3383184;0;0;0
39.33059;4.646349;0.1319686;0.8331167;0.3409505;0;0;0
39.35307;4.668834;0.1319;0.8331751;0.3432983;0;0;0
39.37486;4.690621;0.1316256;0.8332363;0.3462354;0;0;0
39.39933;4.7151;0.1310472;0.8332941;0.3499833;0;0;0
39.42876;4.744527;0.130446;0.8335755;0.3523641;0;0;0
39.4509;4.766668;0.1302151;0.8337248;0.3538724;0;0;0
39.46331;4.779082;0.1291678;0.8336803;0.3579037;0;0;0
39.48914;4.804902;0.1285379;0.8339511;0.3606791;0;0;0
39.51191;4.827678;0.1277262;0.8343519;0.3660477;0;0;0
39.54496;4.860726;0.127645;0.8354146;0.3697255;0;0;0
39.56423;4.879998;0.1279189;0.8366066;0.373131;0;0;0
39.58978;4.90555;0.1279768;0.8377848;0.3770989;0;0;0
39.60928;4.925042;0.1277778;0.8388727;0.3809407;0;0;0
39.63337;4.949132;0.1272594;0.8394798;0.3847823;0;0;0
39.65561;4.971371;0.1272411;0.8400888;0.3886389;0;0;0
39.67498;4.990743;0.1274077;0.8409371;0.3921217;0;0;0
39.69767;5.01344;0.1267563;0.8414403;0.3946702;0;0;0
39.72076;5.036528;0.1255927;0.8415813;0.397344;0;0;0
39.74211;5.057878;0.1247133;0.8418623;0.3998859;0;0;0
39.76448;5.080243;0.1240568;0.8421447;0.4008046;0;0;0
39.78033;5.096101;0.1218201;0.842571;0.4034849;0;0;0
39.80946;5.125228;0.1206883;0.8430787;0.4057184;0;0;0
39.83159;5.147357;0.120062;0.8436603;0.4079489;0;0;0
39.85656;5.17233;0.119281;0.8439821;0.40974;0;0;0
39.87558;5.191343;0.1189198;0.8444402;0.4113025;0;0;0
39.89271;5.208474;0.1202974;0.8469388;0.4152736;0;0;0
39.91994;5.235709;0.1206641;0.847648;0.41626;0;0;0
39.93708;5.252842;0.1249463;0.8518955;0.4215515;0;0;0
39.96902;5.284783;0.1261372;0.8540388;0.4245466;0;0;0
39.99216;5.307923;0.126764;0.8555017;0.4265731;0;0;0
40.00867;5.324434;0.1273986;0.8573563;0.4291895;0;0;0
40.03538;5.35115;0.127166;0.8576989;0.4303473;0;0;0
40.05726;5.373025;0.1262866;0.8578088;0.4308271;0;0;0
40.09053;5.406293;0.1257823;0.8580408;0.4308389;0;0;0
40.11202;5.427784;0.125408;0.8583786;0.4306209;0;0;0
40.13177;5.44754;0.125092;0.858353;0.4303918;0;0;0
40.14956;5.465328;0.1236581;0.8576344;0.429453;0;0;0
40.17484;5.4906;0.123167;0.8574057;0.4291713;0;0;0
40.2014;5.517168;0.1215991;0.8560379;0.4284286;0;0;0
40.22822;5.543985;0.1216141;0.8559399;0.4283197;0;0;0
40.24908;5.564847;0.1218705;0.8564417;0.4285337;0;0;0
40.26698;5.582737;0.1220965;0.8570821;0.4285587;0;0;0
40.2875;5.603258;0.1221911;0.8572165;0.4285614;0;0;0
40.30471;5.620472;0.121946;0.8568624;0.4285321;0;0;0
40.32872;5.644474;0.1214346;0.8562797;0.4281853;0;0;0
40.35202;5.667781;0.1207794;0.8554976;0.4276442;0;0;0
40.37767;5.693425;0.1204129;0.8549882;0.4270062;0;0;0
40.39595;5.711708;0.1202318;0.8548406;0.4260902;0;0;0
40.41816;5.733912;0.1199525;0.8544738;0.4252627;0;0;0
40.44103;5.756786;0.1195893;0.8538303;0.4245493;0;0;0
40.46516;5.780913;0.1191421;0.8530635;0.4236066;0;0;0
40.48634;5.802091;0.1186459;0.8520589;0.4227036;0;0;0
40.50846;5.82422;0.1184871;0.8515538;0.4218225;0;0;0
40.52896;5.844716;0.1184738;0.8514001;0.421132;0;0;0
40.55312;5.86887;0.1185012;0.8513843;0.4210451;0;0;0
40.56879;5.884542;0.1186057;0.851689;0.4204744;0;0;0
40.60106;5.916818;0.1183277;0.8518542;0.4203788;0;0;0
40.63512;5.950871;0.1180123;0.8519689;0.4199652;0;0;0
40.66281;5.97856;0.1178241;0.8519364;0.419613;0;0;0
40.68117;5.996922;0.1176088;0.8516442;0.4188122;0;0;0
40.70607;6.021822;0.1175195;0.851285;0.4179552;0;0;0
40.72903;6.044784;0.1180738;0.8515397;0.4171845;0;0;0
40.75303;6.068786;0.1184539;0.8516411;0.4161404;0;0;0
40.77596;6.091714;0.1186293;0.8513635;0.4150154;0;0;0
40.79743;6.113179;0.1182973;0.8502792;0.4136335;0;0;0
40.82324;6.138994;0.1185275;0.8499588;0.4121297;0;0;0
40.84913;6.16488;0.118775;0.849969;0.4110558;0;0;0
40.87337;6.189123;0.1186951;0.849866;0.4092825;0;0;0
40.89988;6.215632;0.1182402;0.8497106;0.4074014;0;0;0
40.92333;6.239086;0.1180909;0.8497251;0.4057894;0;0;0
40.9422;6.257955;0.1181235;0.8494663;0.4039505;0;0;0
40.96451;6.280262;0.1179043;0.8486468;0.4020069;0;0;0
40.98788;6.303631;0.1178651;0.8479477;0.4008234;0;0;0
41.0093;6.325058;0.1166849;0.8448269;0.3940007;0;0;0
41.03982;6.355577;0.1157022;0.8429999;0.3890783;0;0;0
41.06567;6.381421;0.1149883;0.8411192;0.3846362;0;0;0
41.08923;6.404985;0.113947;0.8391732;0.3802988;0;0;0
41.11502;6.430779;0.1129452;0.8374175;0.3757795;0;0;0
41.13556;6.451311;0.1125918;0.8365257;0.3725409;0;0;0
41.15398;6.469732;0.1127645;0.835863;0.3705612;0;0;0
41.17778;6.49353;0.1126986;0.8349544;0.3673582;0;0;0
41.20084;6.516591;0.1126246;0.8340691;0.3638473;0;0;0
41.22801;6.543766;0.1127062;0.8334812;0.3606603;0;0;0
41.25197;6.567723;0.1123155;0.8328316;0.3578731;0;0;0
41.27358;6.589338;0.1118847;0.832392;0.3553855;0;0;0
41.29676;6.612521;0.1117431;0.8322108;0.3528568;0;0;0
41.32006;6.635812;0.1117169;0.8318295;0.3503554;0;0;0
41.34848;6.664232;0.1116362;0.831378;0.3478524;0;0;0
41.36601;6.681768;0.111748;0.8310512;0.3455342;0;0;0
41.38807;6.703829;0.1122217;0.8309082;0.3433303;0;0;0
41.41113;6.726882;0.1125641;0.8308498;0.3407719;0;0;0
41.43572;6.751479;0.1126111;0.8306006;0.3385924;0;0;0
41.45993;6.775687;0.1123619;0.8304865;0.3366881;0;0;0
41.48508;6.800835;0.112536;0.8304855;0.3342515;0;0;0
41.51042;6.826176;0.1126538;0.8302505;0.3324401;0;0;0
41.52437;6.840127;0.1122667;0.8294977;0.3292888;0;0;0
41.55265;6.868407;0.1120329;0.8290511;0.3270826;0;0;0
41.57248;6.888245;0.1119359;0.8287467;0.3247491;0;0;0
41.59435;6.910111;0.111754;0.8279276;0.3221467;0;0;0
41.6156;6.931359;0.1124851;0.8274693;0.3189617;0;0;0
41.64528;6.961042;0.1124979;0.8270401;0.316058;0;0;0
41.66491;6.980673;0.1134593;0.8273911;0.312763;0;0;0
41.68417;6.99993;0.1145602;0.8277131;0.3095403;0;0;0
41.7061;7.021869;0.1152371;0.8280709;0.306382;0;0;0
41.7305;7.046267;0.116198;0.8288301;0.3031894;0;0;0
41.75375;7.069514;0.1165312;0.8295326;0.3003506;0;0;0
41.77378;7.08954;0.1171473;0.8304808;0.2976722;0;0;0
41.79584;7.111601;0.1175202;0.8307496;0.2949832;0;0;0
41.81875;7.134511;0.1181792;0.8308675;0.2923791;0;0;0
41.84056;7.156324;0.1190627;0.8310702;0.2884954;0;0;0
41.86497;7.180734;0.1195959;0.8309571;0.2866539;0;0;0
41.88123;7.196995;0.1202982;0.8301284;0.2833132;0;0;0
41.90866;7.224424;0.1209371;0.8299735;0.2807386;0;0;0
41.93459;7.250347;0.1213495;0.8297529;0.2789114;0;0;0
41.95294;7.268698;0.121663;0.829509;0.2775119;0;0;0
41.97588;7.291642;0.1223423;0.8295596;0.2761759;0;0;0
41.99834;7.314101;0.1224575;0.8293177;0.2751375;0;0;0
42.02116;7.336928;0.1226053;0.8291229;0.2744403;0;0;0
42.04298;7.358743;0.1229995;0.8291596;0.2736664;0;0;0
42.06911;7.384873;0.1231311;0.8289645;0.2729185;0;0;0
42.08677;7.402538;0.123524;0.8288662;0.2719795;0;0;0
42.10892;7.424686;0.1242373;0.8288956;0.2707461;0;0;0
42.13372;7.449481;0.1249231;0.8289301;0.269805;0;0;0
42.15467;7.470435;0.1251481;0.8285406;0.2696373;0;0;0
42.17823;7.493994;0.1251796;0.8282818;0.2694213;0;0;0
42.19625;7.512011;0.1244745;0.8277162;0.268649;0;0;0
42.22367;7.539436;0.1240427;0.8272477;0.268219;0;0;0
42.24694;7.562711;0.1240679;0.8273268;0.2679814;0;0;0
42.26976;7.585526;0.1241626;0.8271676;0.267664;0;0;0
42.28928;7.605046;0.1240507;0.8269833;0.2675837;0;0;0
42.30563;7.621392;0.1228526;0.825842;0.2674793;0;0;0
42.34013;7.655896;0.1223265;0.8249125;0.2672836;0;0;0
42.35922;7.674987;0.1222561;0.8244538;0.2669956;0;0;0
42.37974;7.695504;0.1223003;0.8240738;0.2667012;0;0;0
42.40453;7.720292;0.1227914;0.8242917;0.2661954;0;0;0
42.42604;7.74181;0.123637;0.8247213;0.2660711;0;0;0
42.4536;7.769366;0.123938;0.825314;0.2667378;0;0;0
42.47528;7.791045;0.1242081;0.8259279;0.2676376;0;0;0
42.49643;7.812201;0.1248003;0.8263152;0.2689189;0;0;0
42.51874;7.834504;0.1259283;0.8269122;0.2707966;0;0;0
42.54137;7.857139;0.1270105;0.8275963;0.2728451;0;0;0
42.56532;7.881083;0.1280037;0.8278536;0.2748431;0;0;0
42.59026;7.906019;0.1287963;0.8279319;0.2766896;0;0;0
42.6142;7.929968;0.129397;0.8280579;0.2782477;0;0;0
42.63378;7.949546;0.1299099;0.8280374;0.2795973;0;0;0
42.65582;7.971579;0.130357;0.8278853;0.280813;0;0;0
42.67959;7.995354;0.1307462;0.8277889;0.2818335;0;0;0
42.69704;8.012804;0.1317226;0.8282116;0.282966;0;0;0
42.71964;8.035407;0.1324863;0.8286394;0.2837746;0;0;0
42.74276;8.05852;0.1333321;0.82895;0.2848545;0;0;0
42.76652;8.082286;0.1341379;0.8293189;0.2858647;0;0;0
42.78651;8.102273;0.1345559;0.8295181;0.2864126;0;0;0
42.80062;8.116386;0.1355468;0.829982;0.287064;0;0;0
42.82909;8.14486;0.1363308;0.8303941;0.2880891;0;0;0
42.85474;8.170508;0.1369252;0.8306604;0.2889104;0;0;0
42.87395;8.18972;0.1373954;0.8308014;0.2893665;0;0;0
42.90272;8.218487;0.1380356;0.8310016;0.2899845;0;0;0
42.92078;8.236547;0.1387635;0.8313193;0.2908555;0;0;0
42.94143;8.257196;0.1393158;0.8315772;0.2914373;0;0;0
42.96424;8.28001;0.1397115;0.8317058;0.2920827;0;0;0
42.99078;8.306551;0.139747;0.8315451;0.2934094;0;0;0
43.01805;8.333819;0.13952;0.8313677;0.2933902;0;0;0
43.04011;8.355879;0.1393009;0.831311;0.2928809;0;0;0
43.06145;8.37722;0.1396278;0.8317794;0.2931817;0;0;0
43.08355;8.399318;0.1398457;0.8323609;0.2929896;0;0;0
43.10695;0.0234045;0.1396405;0.8327441;0.2920395;0;0;0
43.12863;0.0450831;0.1395441;0.8328484;0.2919071;0;0;0
43.1517;0.068155;0.1393875;0.8327807;0.2919626;0;0;0
43.17326;0.0897114;0.1398921;0.833257;0.2914878;0;0;0
43.19653;0.1129804;0.1406075;0.8336374;0.2916214;0;0;0
43.2191;0.1355477;0.1409528;0.8339371;0.2916223;0;0;0
43.24194;0.1583912;0.1410761;0.8342159;0.2914985;0;0;0
43.26553;0.1819849;0.1411592;0.8341383;0.2918777;0;0;0
43.28885;0.2052979;0.1412361;0.8340015;0.2919039;0;0;0
43.3071;0.2235531;0.1411168;0.8343225;0.2915561;0;0;0
43.32979;0.2462444;0.1413766;0.834613;0.2916776;0;0;0
43.35277;0.269228;0.1416691;0.8345922;0.2920064;0;0;0
43.37486;0.2913196;0.1414073;0.8353847;0.2920857;0;0;0
43.39694;0.313396;0.1410287;0.8365974;0.2926659;0;0;0
43.42162;0.3380797;0.1404016;0.8388034;0.2946999;0;0;0
43.44188;0.3583408;0.1392718;0.8406669;0.2959454;0;0;0
43.46531;0.381763;0.1369368;0.842151;0.2970023;0;0;0
43.48775;0.404211;0.1335836;0.8448803;0.2970836;0;0;0
43.50871;0.4251701;0.1291098;0.8478581;0.2965887;0;0;0
43.53146;0.4479133;0.1256727;0.8515465;0.2967821;0;0;0
43.55481;0.4712691;0.1222359;0.858001;0.2967257;0;0;0
43.57752;0.4939758;0.1195638;0.8632267;0.2949842;0;0;0
43.59963;0.5160903;0.1174777;0.8668459;0.2926624;0;0;0
43.62214;0.5385928;0.1135587;0.8719621;0.2888693;0;0;0
43.64645;0.5629032;0.111625;0.8737728;0.2864633;0;0;0
43.66304;0.5794981;0.1081227;0.8763617;0.2816078;0;0;0
43.68704;0.6034991;0.1037858;0.879011;0.2759641;0;0;0
43.70771;0.6241629;0.0983495;0.8819425;0.2701174;0;0;0
43.73572;0.6521748;0.09439933;0.8839011;0.2654498;0;0;0
43.75389;0.6703498;0.09296667;0.8849747;0.2628111;0;0;0
43.77161;0.6880664;0.09180076;0.88967;0.2557836;0;0;0
43.7972;0.7136574;0.08993812;0.8978094;0.2521921;0;0;0
43.81767;0.7341316;0.0904879;0.9062416;0.2479826;0;0;0
43.84133;0.7577916;0.09179644;0.9136356;0.2441814;0;0;0
43.86588;0.7823402;0.09283672;0.9177814;0.2408348;0;0;0
43.88434;0.8008002;0.09360877;0.9219567;0.2375895;0;0;0
43.8974;0.8138635;0.09227446;0.9303098;0.2346107;0;0;0
43.92562;0.8420855;0.09234253;0.9376959;0.2311158;0;0;0
43.95169;0.8681511;0.09330325;0.9436922;0.2270383;0;0;0
43.9763;0.8927667;0.09753361;0.95344;0.2219567;0;0;0
44.0088;0.9252589;0.1033434;0.9605415;0.2191511;0;0;0
44.02779;0.9442532;0.1065036;0.9668226;0.2172894;0;0;0
44.05391;0.9703732;0.1092118;0.9725201;0.2166333;0;0;0
44.07823;0.9946944;0.1130169;0.9818745;0.2105989;0;0;0
44.10721;1.023674;0.1162541;0.9896955;0.2043668;0;0;0
44.13172;1.048183;0.1197349;0.9956307;0.2006714;0;0;0
44.15476;1.07122;0.1225107;1.001008;0.1981756;0;0;0
44.17546;1.091918;0.1258767;1.008141;0.1953735;0;0;0
44.20237;1.118826;0.1301749;1.014629;0.191906;0;0;0
44.22158;1.138041;0.1346354;1.019694;0.1890961;0;0;0
44.24415;1.160614;0.1406088;1.021935;0.183908;0;0;0
44.2732;1.189664;0.1487941;1.024208;0.1796209;0;0;0
44.29645;1.212911;0.1573351;1.022677;0.1747244;0;0;0
44.31708;1.233539;0.1668928;1.020189;0.1686521;0;0;0
44.34526;1.261722;0.1773166;1.019735;0.1625241;0;0;0
44.36698;1.283441;0.191921;1.021277;0.1564446;0;0;0
44.39156;1.308019;0.2047476;1.021026;0.1503846;0;0;0
44.41418;1.330638;0.2168165;1.020484;0.1457009;0;0;0
44.43356;1.350024;0.2275929;1.017481;0.1441146;0;0;0
44.45994;1.376401;0.2418433;1.012794;0.143448;0;0;0
44.48386;1.400323;0.257331;1.008599;0.1407902;0;0;0
44.50627;1.42273;0.2720883;1.00414;0.1367264;0;0;0
44.52853;1.44499;0.2877374;1.000682;0.1255407;0;0;0
44.55515;1.471614;0.301435;0.9921879;0.1142031;0;0;0
44.57871;1.495169;0.3122929;0.9812676;0.1047234;0;0;0
44.60033;1.516787;0.3232354;0.9702764;0.09521705;0;0;0
44.62225;1.538709;0.3366354;0.9538221;0.077649;0;0;0
44.65132;1.567778;0.3477523;0.9416451;0.0644367;0;0;0
44.6792;1.595664;0.3568941;0.9308217;0.05506608;0;0;0
44.70212;1.618584;0.3653439;0.9217355;0.0505487;0;0;0
44.72322;1.639684;0.3735559;0.9134234;0.0512988;0;0;0
44.75227;1.668731;0.3774619;0.9059689;0.05436933;0;0;0
44.77319;1.68965;0.3745511;0.8930532;0.06099218;0;0;0
44.80173;1.718194;0.3704823;0.8886406;0.06906763;0;0;0
44.82581;1.742265;0;0;0;0;0;0
44.84157;1.758027;0;0;0;0;0;0
44.8648;1.781262;0;0;0;0;0;0
44.8891;1.805555;0;0;0;0;0;0
44.91671;1.833168;0;0;0;0;0;0
44.93444;1.850899;0;0;0;0;0;0
44.96123;1.877685;0;0;0;0;0;0
44.98509;1.901548;0;0;0;0;0;0
45.00718;1.923644;0;0;0;0;0;0
45.03664;1.953105;0;0;0;0;0;0
45.05251;1.968973;0;0;0;0;0;0
45.08184;1.998298;0;0;0;0;0;0
45.10005;2.016515;0;0;0;0;0;0
45.12217;2.038629;0;0;0;0;0;0
45.14656;2.063019;0;0;0;0;0;0
45.17299;2.089454;0;0;0;0;0;0
45.18993;2.10639;0;0;0;0;0;0
45.22039;2.136849;0;0;0;0;0;0
45.23996;2.156419;0;0;0;0;0;0
45.26782;2.184277;0;0;0;0;0;0
45.28297;2.199434;0;0;0;0;0;0
45.30798;2.224442;0;0;0;0;0;0
45.32972;2.246178;0;0;0;0;0;0
45.35129;2.26775;0;0;0;0;0;0
45.37564;2.292095;0;0;0;0;0;0
45.39952;2.315983;0;0;0;0;0;0
45.41914;2.335597;0;0;0;0;0;0
45.44323;2.35969;0;0;0;0;0;0
45.47371;2.390165;0;0;0;0;0;0
45.48787;2.404329;0;0;0;0;0;0
45.51183;2.428283;0;0;0;0;0;0
45.5405;2.456963;0;0;0;0;0;0
45.55531;2.47177;0;0;0;0;0;0
45.57712;2.49358;0;0;0;0;0;0
45.59297;2.50943;0;0;0;0;0;0
45.62325;2.53971;0;0;0;0;0;0
45.64663;2.563092;0;0;0;0;0;0
45.67373;2.590191;0;0;0;0;0;0
45.6986;2.615057;0;0;0;0;0;0
45.72297;2.639427;0;0;0;0;0;0
45.74518;2.66164;0;0;0;0;0;0
45.78313;2.699584;0;0;0;0;0;0
45.79735;2.713806;0;0;0;0;0;0
45.82103;2.737485;0;0;0;0;0;0
45.84572;2.762182;0;0;0;0;0;0
45.86794;2.784402;0;0;0;0;0;0
45.89376;2.810217;0;0;0;0;0;0
45.9207;2.837156;0;0;0;0;0;0
45.94448;2.860939;0;0;0;0;0;0
45.9681;2.884557;0;0;0;0;0;0
45.9946;2.91106;0;0;0;0;0;0
46.01904;2.935498;0;0;0;0;0;0
46.04311;2.959577;0;0;0;0;0;0
46.06987;2.986338;0;0;0;0;0;0
46.09029;3.006758;0;0;0;0;0;0
46.11472;3.031183;0;0;0;0;0;0
46.13717;3.053627;0;0;0;0;0;0
46.16584;3.082299;0;0;0;0;0;0
46.18959;3.106049;0;0;0;0;0;0
46.21689;3.13335;0;0;0;0;0;0
46.23264;3.149099;0;0;0;0;0;0
46.26279;3.179249;0;0;0;0;0;0
46.28179;3.198248;0;0;0;0;0;0
46.31023;3.226689;0;0;0;0;0;0
46.37756;3.294023;0;0;0;0;0;0
