TotalTime;SegmentTime;XTran1;YTran1;ZTran1;XTran2;YTran2;ZTran2;cXTran;cYTran;cZTran
27.79015;0.0192772;0.0491642;0.7716781;0.3183288;-0.03254825;0.800098;0.4592688;-0.08171245;0.0284199;0.14094
27.81338;0.0425054;0.04937246;0.771792;0.3180695;-0.0323355;0.8002141;0.4590107;-0.08170796;0.0284221;0.1409412
27.83661;0.0657333;0.04954122;0.7716174;0.3177636;-0.0321704;0.8000447;0.4587022;-0.08171162;0.0284273;0.1409386
27.8589;0.088031;0.04956454;0.7714487;0.3175047;-0.03213902;0.7998788;0.4584454;-0.08170356;0.0284301;0.1409407
27.88234;0.1114679;0.04932337;0.7714341;0.3177445;-0.03237329;0.7998596;0.4586892;-0.08169666;0.0284255;0.1409447
27.90915;0.1382777;0.04903712;0.7714167;0.31828;-0.03265503;0.7998452;0.4592261;-0.08169215;0.0284285;0.1409461
27.93115;0.1602724;0.04851406;0.7712159;0.3187978;-0.03317111;0.7996426;0.4597468;-0.08168517;0.0284267;0.140949
27.95473;0.1838533;0.048364;0.7711855;0.3187607;-0.0333083;0.7996134;0.4597137;-0.0816723;0.0284279;0.140953
27.97735;0.2064755;0.04841952;0.7714759;0.3186446;-0.03323843;0.7999086;0.4596012;-0.08165795;0.0284327;0.1409566
28.00059;0.2297161;0.04865668;0.771826;0.3186904;-0.03298084;0.8002544;0.4596556;-0.08163752;0.0284284;0.1409652
28.02366;0.2527856;0.04898614;0.7718842;0.3187397;-0.03264607;0.800305;0.4597093;-0.08163221;0.0284208;0.1409696
28.04787;0.2769958;0.04931758;0.7716808;0.3186472;-0.03231463;0.8001016;0.4596169;-0.08163221;0.0284208;0.1409697
28.06924;0.2983703;0.04971981;0.7712839;0.3180173;-0.03190828;0.799703;0.4589892;-0.08162809;0.0284191;0.1409719
28.09222;0.3213481;0.05015513;0.7709535;0.3172167;-0.03147177;0.799373;0.4581887;-0.0816269;0.0284195;0.140972
28.11591;0.3450393;0.05037025;0.7702932;0.3173702;-0.03125472;0.7986941;0.4583449;-0.08162497;0.0284009;0.1409747
28.14623;0.3753563;0.04989867;0.7703352;0.3177893;-0.0317308;0.7986969;0.4587666;-0.08162947;0.0283617;0.1409773
28.16759;0.3967117;0.0494224;0.770685;0.3182081;-0.03219418;0.7990061;0.459197;-0.08161658;0.0283211;0.1409889
28.1904;0.4195293;0.04914575;0.7708943;0.3183534;-0.03247872;0.799212;0.4593346;-0.08162447;0.0283177;0.1409812
28.21391;0.443032;0.04890171;0.7710588;0.3183954;-0.03271992;0.7993592;0.4593796;-0.08162163;0.0283004;0.1409842
28.24058;0.4697096;0.04859828;0.7710359;0.3186772;-0.03301129;0.7993091;0.4596711;-0.08160957;0.0282732;0.1409939
28.26067;0.4897922;0.04862029;0.7709633;0.3188146;-0.03299888;0.7992438;0.4598015;-0.08161917;0.0282805;0.1409869
28.28487;0.5139969;0.04896357;0.7709386;0.3187165;-0.03264787;0.7992212;0.4597054;-0.08161144;0.0282826;0.1409889
28.31288;0.5420055;0.04895997;0.7710883;0.3186572;-0.03267485;0.7993537;0.4596362;-0.08163482;0.0282654;0.140979
28.33169;0.5608119;0.0485605;0.7711575;0.3188961;-0.03306768;0.7994288;0.4598757;-0.08162818;0.0282713;0.1409796
28.35747;0.5865909;0.04794179;0.7710984;0.3195001;-0.03367961;0.7993685;0.4604823;-0.0816214;0.0282701;0.1409822
28.38206;0.6111861;0.04806319;0.7710099;0.3195291;-0.03355483;0.7992776;0.4605134;-0.08161802;0.0282677;0.1409843
28.40419;0.6333192;0.04852132;0.7710042;0.3189734;-0.03307813;0.7992695;0.4599649;-0.08159945;0.0282653;0.1409915
28.42694;0.6560607;0.04933711;0.7710952;0.3181489;-0.03225664;0.7993554;0.4591441;-0.08159375;0.0282602;0.1409952
28.45069;0.6798118;0.04995194;0.7710896;0.3177563;-0.03164561;0.7993453;0.4587515;-0.08159755;0.0282557;0.1409952
28.47584;0.7049695;0.05032595;0.7712445;0.3175191;-0.03129798;0.7994623;0.4585121;-0.08162393;0.0282178;0.140993
28.50033;0.7294598;0.05035716;0.7712256;0.3174089;-0.03128044;0.7994362;0.4583945;-0.0816376;0.0282106;0.1409856
28.52449;0.7536122;0.05021411;0.771135;0.3176076;-0.03146001;0.7992444;0.4585894;-0.08167412;0.0281094;0.1409818
28.54678;0.7759039;0.04971318;0.771099;0.3179785;-0.03193844;0.7992145;0.4589638;-0.08165162;0.0281155;0.1409853
28.56914;0.7982627;0.04897845;0.7710727;0.3182758;-0.03267234;0.7992002;0.4592585;-0.08165079;0.0281275;0.1409827
28.59192;0.8210526;0.04861984;0.771431;0.3187607;-0.03303134;0.7995588;0.4597441;-0.08165118;0.0281278;0.1409834
28.61666;0.8457851;0.04862224;0.7719908;0.3189571;-0.03304759;0.8000873;0.4599385;-0.08166983;0.0280965;0.1409814
28.63973;0.8688557;0.04845253;0.7720222;0.3187278;-0.03328273;0.8000489;0.4596927;-0.08173526;0.0280267;0.1409649
28.66369;0.8928207;0.04858661;0.7718874;0.3181737;-0.03314207;0.7999165;0.4591399;-0.08172868;0.0280291;0.1409662
28.68859;0.9177108;0.0495726;0.771808;0.317818;-0.03223111;0.7998452;0.4587513;-0.08180371;0.0280372;0.1409333
28.71497;0.9440956;0.04997101;0.7716746;0.3176807;-0.03185751;0.7997354;0.4586014;-0.08182852;0.0280608;0.1409207
28.73582;0.9649488;0.05019055;0.7714418;0.3175776;-0.03170003;0.7995183;0.4584654;-0.08189058;0.0280765;0.1408878
28.75872;0.9878479;0.0504429;0.7712538;0.317311;-0.03143654;0.7993196;0.4582036;-0.08187944;0.0280658;0.1408926
28.78119;1.01031;0.0504889;0.7711093;0.317351;-0.03138494;0.7991852;0.4582423;-0.08187384;0.0280759;0.1408913
28.80708;1.036206;0.05012408;0.7709531;0.3178062;-0.03174654;0.7990074;0.4586971;-0.08187062;0.0280543;0.1408909
28.82715;1.056276;0.0495491;0.7709528;0.3180551;-0.03231191;0.7990227;0.4589441;-0.08186101;0.0280699;0.140889
28.84953;1.078654;0.04935675;0.7711731;0.3180224;-0.03251623;0.7992057;0.4589139;-0.08187298;0.0280326;0.1408915
28.87519;1.104313;0.04912953;0.7710666;0.3182388;-0.03278866;0.7990435;0.4591181;-0.08191819;0.0279769;0.1408793
28.90048;1.129601;0.04889321;0.7710298;0.3184874;-0.03300776;0.7989519;0.4593762;-0.08190097;0.0279221;0.1408888
28.92464;1.15377;0.04868733;0.7710289;0.3186255;-0.03318733;0.7989706;0.4595171;-0.08187466;0.0279417;0.1408916
28.94673;1.175857;0.04849976;0.7709546;0.318867;-0.0333678;0.7988977;0.4597614;-0.08186756;0.0279431;0.1408944
28.96914;1.198269;0.04856374;0.7708789;0.3187641;-0.03330489;0.7988173;0.4596597;-0.08186863;0.0279384;0.1408956
28.99198;1.221106;0.04872858;0.7708572;0.3184944;-0.03315201;0.7987951;0.459387;-0.08188059;0.0279379;0.1408926
29.01495;1.244081;0.04893027;0.7709435;0.3182071;-0.03296083;0.7988718;0.4590972;-0.0818911;0.0279283;0.1408901
29.03844;1.267566;0.04917913;0.7711148;0.3180796;-0.03271587;0.7990422;0.4589694;-0.081895;0.0279274;0.1408898
29.06386;1.292986;0.04945317;0.7715095;0.3178068;-0.03244206;0.7994358;0.4586968;-0.08189523;0.0279263;0.14089
29.09146;1.320588;0.04958518;0.771549;0.3177174;-0.03230238;0.7994757;0.4586103;-0.08188756;0.0279267;0.1408929
29.11401;1.343135;0.04946695;0.7713875;0.3177824;-0.03240735;0.7993052;0.4586844;-0.0818743;0.0279177;0.140902
29.1353;1.364424;0.04928696;0.7712249;0.3178744;-0.03259576;0.7991046;0.4587805;-0.08188272;0.0278797;0.1409061
29.15867;1.387802;0.04911551;0.7711215;0.3178849;-0.03276494;0.7990158;0.4587873;-0.08188045;0.0278943;0.1409024
29.18044;1.409569;0.04906221;0.7711089;0.3178499;-0.03281795;0.7989997;0.4587534;-0.08188016;0.0278908;0.1409035
29.1967;1.42583;0.0493499;0.771233;0.3178649;-0.03253045;0.7990903;0.4587751;-0.08188035;0.0278573;0.1409102
29.22484;1.453963;0.04972517;0.7716055;0.3179338;-0.03214312;0.7994738;0.458845;-0.08186829;0.0278683;0.1409112
29.2492;1.478323;0.04980332;0.7719339;0.3178462;-0.03206413;0.7997987;0.4587586;-0.08186745;0.0278648;0.1409124
29.27841;1.507535;0.04978497;0.7721849;0.3179701;-0.03208122;0.800053;0.4588818;-0.08186619;0.0278681;0.1409117
29.30258;1.531704;0.04965777;0.7722527;0.3181507;-0.03221478;0.8001155;0.459062;-0.08187255;0.0278628;0.1409113
29.32623;1.555354;0.04928411;0.7720916;0.3182918;-0.0325973;0.7999505;0.4592016;-0.08188141;0.0278589;0.1409098
29.34707;1.576199;0.0486657;0.7716603;0.3181141;-0.0332194;0.7995156;0.4590237;-0.0818851;0.0278553;0.1409096
29.37164;1.600771;0.04857061;0.7712789;0.3179234;-0.0333174;0.7991324;0.4588329;-0.08188801;0.0278535;0.1409095
29.39704;1.626162;0.04929129;0.7710902;0.317826;-0.03259437;0.7989447;0.4587357;-0.08188566;0.0278545;0.1409097
29.42294;1.652061;0.04994941;0.7711811;0.3175398;-0.03193663;0.7990331;0.4584502;-0.08188604;0.027852;0.1409104
29.44489;1.674021;0.05024415;0.7713033;0.3173969;-0.03163719;0.7991543;0.4583095;-0.08188134;0.027851;0.1409126
29.4674;1.696527;0.05045073;0.7715108;0.317383;-0.03143423;0.7993605;0.4582943;-0.08188496;0.0278497;0.1409113
29.49119;1.720316;0.05032083;0.771603;0.3174568;-0.03155716;0.7994509;0.4583713;-0.08187799;0.0278479;0.1409145
29.51224;1.741364;0.05002347;0.7714943;0.3174742;-0.03184779;0.79934;0.4583922;-0.08187126;0.0278457;0.140918
29.53254;1.761668;0.04956358;0.7713716;0.3177523;-0.03230647;0.7992178;0.4586704;-0.08187005;0.0278462;0.1409181
29.55568;1.784803;0.04932751;0.7712216;0.3179589;-0.03253449;0.7990636;0.458881;-0.081862;0.027842;0.1409221
29.57835;1.807473;0.04946245;0.7710948;0.3179508;-0.0323978;0.798935;0.4588742;-0.08186025;0.0278402;0.1409234
29.60467;1.8338;0.04964256;0.7709227;0.3177633;-0.03221813;0.7987573;0.4586887;-0.08186069;0.0278346;0.1409254
29.63103;1.860161;0.04972348;0.7709001;0.3176955;-0.03213468;0.7987338;0.4586216;-0.08185816;0.0278337;0.1409261
29.65081;1.879939;0.04983623;0.7708045;0.3177158;-0.03201705;0.7986429;0.4586423;-0.08185328;0.0278384;0.1409265
29.67699;1.906119;0.04977267;0.7707378;0.317836;-0.03207725;0.798573;0.4587645;-0.08184992;0.0278352;0.1409285
29.70162;1.930747;0.04963964;0.7707253;0.3179554;-0.03220455;0.7985625;0.4588858;-0.08184419;0.0278372;0.1409304
29.72371;1.952835;0.04955151;0.7707436;0.3179233;-0.03228108;0.7985787;0.4588582;-0.08183259;0.0278351;0.1409349
29.75515;1.984278;0.04966453;0.7707421;0.3177646;-0.03216817;0.7985776;0.4586994;-0.0818327;0.0278355;0.1409348
29.77762;2.006752;0.04952562;0.7707868;0.3177248;-0.03229992;0.7986251;0.458661;-0.08182554;0.0278383;0.1409362
29.79967;2.028799;0.04917339;0.7708509;0.3180464;-0.03265575;0.7986878;0.4589815;-0.08182914;0.0278369;0.1409351
29.82607;2.055193;0.04915558;0.7710645;0.3181625;-0.03273559;0.7988424;0.4590745;-0.08189117;0.0277779;0.140912
29.84691;2.076037;0.04889143;0.7711143;0.3181497;-0.03296834;0.7989136;0.4590662;-0.08185977;0.0277993;0.1409165
29.87319;2.102321;0.04872045;0.7710924;0.3182201;-0.03313133;0.7988731;0.4591397;-0.08185178;0.0277807;0.1409196
29.90268;2.131806;0.04877559;0.7709926;0.3182808;-0.03305262;0.7987704;0.45921;-0.08182821;0.0277778;0.1409292
29.92152;2.150648;0.04890942;0.7708076;0.3183295;-0.03287349;0.7985929;0.459271;-0.08178291;0.0277853;0.1409415
29.94467;2.173794;0.04887094;0.7708612;0.3185348;-0.03290308;0.7986404;0.459481;-0.08177402;0.0277792;0.1409462
29.9699;2.199026;0.04876703;0.7710202;0.3186028;-0.03301503;0.7987887;0.4595497;-0.08178206;0.0277685;0.1409469
29.9918;2.220926;0.04876342;0.7710758;0.3184434;-0.03303674;0.7988206;0.4593878;-0.08180016;0.0277448;0.1409444
30.02129;2.250414;0.04869061;0.77101;0.3181307;-0.0331373;0.798763;0.4590597;-0.08182791;0.027753;0.140929
30.04301;2.272139;0.04880207;0.7709342;0.3178992;-0.03304669;0.798665;0.4588211;-0.08184876;0.0277308;0.1409219
30.06623;2.295352;0.0495441;0.7709113;0.3175647;-0.03230304;0.7986468;0.4584855;-0.08184714;0.0277355;0.1409208
30.08789;2.317016;0.04985765;0.7707918;0.317538;-0.03205091;0.7984055;0.4584468;-0.08190856;0.0276137;0.1409088
30.11088;2.340011;0.04978757;0.7707324;0.3176702;-0.03208519;0.7983925;0.4585771;-0.08187276;0.0276601;0.1409069
30.13422;2.363348;0.04962993;0.7707556;0.3180097;-0.03227349;0.7983199;0.458919;-0.08190342;0.0275643;0.1409093
30.15777;2.386902;0.04923962;0.7708693;0.3183866;-0.03264952;0.7984614;0.4592928;-0.08188914;0.0275921;0.1409062
30.18035;2.409474;0.04859503;0.7709881;0.3182438;-0.03330008;0.7985263;0.4591595;-0.08189511;0.0275382;0.1409157
30.20802;2.437149;0.04856816;0.7710394;0.3181165;-0.0333302;0.7985904;0.4590268;-0.08189836;0.027551;0.1409103
30.22906;2.458187;0.04884555;0.771036;0.3181365;-0.03306038;0.7985532;0.4590508;-0.08190593;0.0275172;0.1409143
30.25396;2.483092;0.04906314;0.7710406;0.3179162;-0.03284453;0.7985285;0.4588364;-0.08190767;0.0274879;0.1409202
30.27422;2.50335;0.04938748;0.7709571;0.3176779;-0.03251345;0.798387;0.4586131;-0.08190093;0.0274299;0.1409352
30.30187;2.531003;0.04970534;0.7707519;0.3177084;-0.03219566;0.7982095;0.4586357;-0.081901;0.0274576;0.1409273
30.32413;2.553266;0.04988804;0.7707229;0.3178011;-0.03198557;0.7981398;0.4587484;-0.08187361;0.0274169;0.1409473
30.34651;2.575645;0.04999085;0.7707678;0.3177791;-0.03188777;0.7981741;0.4587242;-0.08187862;0.0274063;0.1409451
30.36764;2.596772;0.05000116;0.7706621;0.3175893;-0.0318688;0.7980826;0.4585335;-0.08186996;0.0274205;0.1409442
30.39938;2.628508;0.04981758;0.7706795;0.3177092;-0.03204287;0.7981044;0.4586553;-0.08186045;0.0274249;0.1409461
30.42511;2.654238;0.04947536;0.7705997;0.3178588;-0.03235499;0.7980063;0.458825;-0.08183035;0.0274066;0.1409662
30.44578;2.674914;0.04910301;0.7705553;0.3180139;-0.0327326;0.7979761;0.4589743;-0.08183561;0.0274208;0.1409604
30.46875;2.697882;0.04903674;0.7706075;0.3181643;-0.03279867;0.797999;0.4591302;-0.08183541;0.0273915;0.1409659
30.48989;2.719019;0.04897583;0.770686;0.3181548;-0.03285342;0.7980908;0.4591187;-0.08182925;0.0274048;0.1409639
30.50972;2.738853;0.04909816;0.7707478;0.3182132;-0.03272748;0.7981539;0.4591782;-0.08182564;0.0274061;0.140965
30.53337;2.762508;0.04921665;0.7708175;0.3180965;-0.03260638;0.7982291;0.459061;-0.08182303;0.0274116;0.1409645
30.55715;2.786283;0.04947963;0.7707086;0.3179611;-0.03235005;0.7981157;0.4589248;-0.08182968;0.0274071;0.1409637
30.58114;2.810278;0.04974204;0.7706571;0.317726;-0.0320887;0.7980658;0.4586885;-0.08183074;0.0274087;0.1409625
30.60227;2.831406;0.04990811;0.7707007;0.3176262;-0.03192355;0.798115;0.4585866;-0.08183166;0.0274143;0.1409604
30.62227;2.851405;0.05008989;0.7706681;0.3176625;-0.03174178;0.7980824;0.4586229;-0.08183167;0.0274143;0.1409604
30.64473;2.873864;0.04990385;0.7707003;0.3177004;-0.03191723;0.7981167;0.4586636;-0.08182108;0.0274164;0.1409632
30.67354;2.90267;0.04967394;0.7707208;0.3176824;-0.03213902;0.7981352;0.4586486;-0.08181296;0.0274144;0.1409662
30.69724;2.926377;0.04933404;0.7707362;0.3176519;-0.03246927;0.7981564;0.4586196;-0.08180331;0.0274202;0.1409677
30.72093;2.950062;0.04908737;0.7707237;0.3177661;-0.03270406;0.7981448;0.4587376;-0.08179143;0.0274211;0.1409715
30.74398;2.973112;0.04883026;0.7706287;0.3179772;-0.03295757;0.7980511;0.4589499;-0.08178783;0.0274224;0.1409727
30.76685;2.99598;0.0485113;0.7705833;0.3181201;-0.03327008;0.7979841;0.4591001;-0.08178138;0.0274008;0.14098
30.79098;3.020113;0.04843921;0.7707613;0.318306;-0.0333298;0.7981722;0.4592909;-0.08176901;0.0274109;0.1409849
30.81769;3.046825;0.04798826;0.7708211;0.3189607;-0.03378651;0.7982316;0.4599437;-0.08177477;0.0274105;0.140983
30.84182;3.070956;0.04766193;0.771027;0.3192767;-0.03410084;0.7984443;0.4602615;-0.08176277;0.0274173;0.1409848
30.87368;3.102818;0.0478754;0.7714204;0.319289;-0.03388565;0.7988412;0.4602723;-0.08176105;0.0274208;0.1409833
30.88994;3.11907;0.04823587;0.7718004;0.3191127;-0.0334966;0.7992185;0.4601055;-0.08173247;0.0274181;0.1409928
30.91188;3.141016;0.04835819;0.7718704;0.318612;-0.03337037;0.7992924;0.4596045;-0.08172856;0.027422;0.1409925
30.9407;3.169839;0.04903741;0.7714564;0.3181505;-0.03268842;0.7988818;0.4591424;-0.08172583;0.0274254;0.1409919
30.96715;3.196281;0.04969957;0.7710704;0.3181776;-0.03203616;0.7984889;0.4591684;-0.08173573;0.0274185;0.1409908
30.98864;3.217778;0.04996837;0.7709361;0.3181258;-0.03177477;0.7983508;0.4591154;-0.08174314;0.0274147;0.1409896
31.01303;3.242164;0.04984865;0.7706547;0.3179738;-0.03188944;0.7980722;0.4589643;-0.08173809;0.0274175;0.1409905
31.03568;3.264815;0.04989351;0.770368;0.3177425;-0.03183355;0.7977916;0.4587339;-0.08172706;0.0274236;0.1409914
31.06297;3.292107;0.04993679;0.7702828;0.3177384;-0.03178221;0.797703;0.458734;-0.081719;0.0274202;0.1409956
31.08877;3.317906;0.04979217;0.7702478;0.3179433;-0.03192188;0.7976741;0.4589382;-0.08171405;0.0274263;0.1409949
31.11059;3.339723;0.04944773;0.7703761;0.3179808;-0.03226614;0.7978055;0.4589745;-0.08171387;0.0274294;0.1409937
31.1348;3.363935;0.04894944;0.7704998;0.3179948;-0.03276905;0.7979302;0.4589872;-0.08171849;0.0274304;0.1409924
31.15619;3.385329;0.04869829;0.7705935;0.3181012;-0.03301443;0.7980273;0.4590943;-0.08171272;0.0274338;0.1409931
31.18276;3.411895;0.04876674;0.770434;0.3184954;-0.03293869;0.7978687;0.4594904;-0.08170543;0.0274347;0.140995
31.20645;3.435587;0.04881315;0.7703563;0.318462;-0.03288199;0.7977903;0.4594609;-0.08169514;0.027434;0.1409989
31.23198;3.461119;0.04886666;0.770286;0.3184057;-0.03282492;0.7977214;0.4594049;-0.08169158;0.0274354;0.1409992
31.25502;3.484159;0.0490216;0.7702428;0.3182262;-0.0326639;0.797682;0.4592264;-0.0816855;0.0274392;0.1410002
31.27632;3.505456;0.04929408;0.7701795;0.3179813;-0.03237773;0.7976053;0.4589914;-0.08167181;0.0274258;0.1410101
31.30009;3.529228;0.04954222;0.7702307;0.3177465;-0.03210773;0.7976847;0.4587625;-0.08164995;0.027454;0.141016
31.32641;3.555545;0.0496773;0.7703495;0.3178399;-0.03197178;0.7977923;0.4588627;-0.08164908;0.0274428;0.1410228
31.34585;3.574984;0.04958821;0.7705359;0.3182729;-0.03206996;0.7979881;0.4592899;-0.08165817;0.0274522;0.141017
31.37623;3.605367;0.04943148;0.7708082;0.3183483;-0.03223608;0.7982619;0.4593615;-0.08166756;0.0274537;0.1410132
31.39882;3.627957;0.04914121;0.7710153;0.3183869;-0.03250539;0.798474;0.4594096;-0.0816466;0.0274587;0.1410227
31.42203;3.651169;0.04889542;0.7710985;0.318351;-0.0327386;0.7985753;0.459376;-0.08163402;0.0274768;0.141025
31.44678;3.675922;0.04876693;0.7710922;0.3182985;-0.03284724;0.7985786;0.4593317;-0.08161417;0.0274864;0.1410332
31.46958;3.69872;0.04892986;0.7711157;0.3183148;-0.03262922;0.7986175;0.4593721;-0.08155908;0.0275018;0.1410573
31.49332;3.722461;0.0490987;0.7710769;0.3182172;-0.03244787;0.798592;0.4592801;-0.08154657;0.0275151;0.1410629
31.51951;3.748643;0.04914748;0.7709123;0.3180611;-0.03235773;0.798459;0.4591401;-0.08150521;0.0275467;0.141079
31.54157;3.770706;0.04923423;0.7704922;0.3178996;-0.03228376;0.7980556;0.4589722;-0.08151799;0.0275634;0.1410726
31.56735;3.79649;0.04924167;0.7699873;0.3176493;-0.03226194;0.7975669;0.4587277;-0.08150361;0.0275796;0.1410784
31.6013;3.830438;0.0490955;0.769846;0.3177419;-0.03241991;0.7974207;0.4588183;-0.08151541;0.0275747;0.1410764
31.62412;3.853261;0.04903371;0.7698955;0.3179589;-0.0324755;0.797516;0.459031;-0.08150921;0.0276205;0.1410721
31.64874;3.877879;0.04907391;0.7702037;0.3180783;-0.03244395;0.7978333;0.4591479;-0.08151786;0.0276296;0.1410696
31.66955;3.89869;0.0488378;0.7703429;0.3180149;-0.03266468;0.7980308;0.4590832;-0.08150248;0.0276879;0.1410683
31.71087;0.0413188;0.04875968;0.7705333;0.3181548;-0.03273305;0.7982351;0.4592268;-0.08149273;0.0277018;0.141072
31.73043;0.0608722;0.04870621;0.7706389;0.3181421;-0.03278586;0.7983378;0.4592172;-0.08149207;0.0276989;0.1410751
31.74841;0.0788559;0.04877846;0.7703937;0.3176596;-0.0327207;0.7981139;0.4587288;-0.08149916;0.0277202;0.1410692
31.77832;0.108763;0.04884995;0.7701821;0.3174751;-0.03263775;0.7979142;0.4585481;-0.0814877;0.0277321;0.141073
31.79693;0.1273752;0.0491898;0.7699943;0.3177795;-0.03227196;0.7977439;0.4588623;-0.08146176;0.0277496;0.1410828
31.82441;0.1548499;0.04950347;0.770653;0.3182437;-0.03194821;0.7984693;0.4593197;-0.08145168;0.0278163;0.141076
31.84785;0.1782893;0.04948983;0.7712905;0.3180256;-0.03195628;0.7991257;0.4591043;-0.08144611;0.0278352;0.1410787
31.86967;0.2001094;0.04907628;0.7715306;0.3175271;-0.03237189;0.7994272;0.4585974;-0.08144817;0.0278966;0.1410703
31.89736;0.2278006;0.04871076;0.7713996;0.3175348;-0.03274975;0.799304;0.4586;-0.08146051;0.0279044;0.1410652
31.92186;0.2522996;0.04868903;0.7712916;0.3175535;-0.03276566;0.7991909;0.4586232;-0.08145469;0.0278993;0.1410697
31.94613;0.2765763;0.04880428;0.7710752;0.3175935;-0.03264304;0.7989795;0.4586662;-0.08144732;0.0279043;0.1410727
31.9691;0.2995458;0.04876437;0.7707976;0.3178506;-0.03271734;0.798851;0.4588767;-0.08148171;0.0280534;0.1410261
31.99907;0.3295115;0.04900314;0.7705776;0.3182408;-0.03247294;0.7986294;0.4592756;-0.08147608;0.0280518;0.1410348
32.01456;0.3450017;0.04919418;0.7707375;0.3184494;-0.03229687;0.7987962;0.4594768;-0.08149105;0.0280587;0.1410274
32.03638;0.3668162;0.049412;0.7705714;0.318072;-0.03212143;0.7987261;0.4590583;-0.08153343;0.0281547;0.1409863
32.06395;0.394389;0.04996486;0.7701018;0.3180528;-0.03158346;0.7982619;0.4590315;-0.08154832;0.0281601;0.1409787
32.0871;0.4175422;0.05034455;0.7699268;0.3183368;-0.03128073;0.7982223;0.459249;-0.08162528;0.0282955;0.1409122
32.11053;0.4409733;0.05052756;0.7697974;0.3183604;-0.03111617;0.7982668;0.4592297;-0.08164373;0.0284694;0.1408693
32.14091;0.4713539;0.05043906;0.7696899;0.3185817;-0.03126708;0.7982994;0.4594001;-0.08170614;0.0286095;0.1408184
32.15694;0.4873801;0.04988533;0.7700679;0.3188898;-0.03184564;0.7987344;0.4596925;-0.08173097;0.0286665;0.1408027
32.17826;0.5087063;0.04998301;0.7705467;0.3190408;-0.03179221;0.7994033;0.459788;-0.08177522;0.0288566;0.1407472
32.20076;0.5312007;0.05036385;0.7703987;0.3186008;-0.03147755;0.7996515;0.4592324;-0.0818414;0.0292528;0.1406316
32.22471;0.5551531;0.05067231;0.7700713;0.318339;-0.03124356;0.7997264;0.4588534;-0.08191587;0.0296551;0.1405144
32.24731;0.5777531;0.05097955;0.7701422;0.3188844;-0.03109308;0.8002988;0.4592184;-0.08207263;0.0301566;0.140334
32.27225;0.6026927;0.05135299;0.7705708;0.3199152;-0.03207804;0.8028458;0.4590526;-0.08343103;0.032275;0.1391374
32.29316;0.6236031;0.05199583;0.7710754;0.320661;-0.03230231;0.8033634;0.4593239;-0.08429814;0.032288;0.1386629
32.31705;0.6474932;0.05282132;0.7717527;0.3208706;-0.0328132;0.8040883;0.4587267;-0.08563452;0.0323356;0.1378561
32.34163;0.6720675;0.0543448;0.7728344;0.3211573;-0.03464696;0.8032768;0.4573907;-0.08899176;0.0304424;0.1362334
32.36634;0.6967742;0.05597247;0.7735456;0.3215927;-0.03312659;0.8034678;0.4576051;-0.08909906;0.0299222;0.1360124
32.38771;0.7181446;0.05823105;0.7737534;0.3220135;-0.03476356;0.8015783;0.4560688;-0.09299461;0.0278249;0.1340553
32.41122;0.7416635;0.060291;0.7738105;0.3227532;-0.03400927;0.8016326;0.4557155;-0.09430027;0.0278221;0.1329623
32.43402;0.7644558;0.06417549;0.7749155;0.3228808;-0.03588129;0.8010992;0.4522987;-0.10005678;0.0261837;0.1294179
32.45764;0.7880783;0.06754118;0.776211;0.3231382;-0.03364326;0.8021084;0.4514784;-0.10118444;0.0258974;0.1283402
32.47998;0.8104243;0.07304235;0.7779456;0.3237764;-0.03169669;0.802734;0.4496011;-0.10473904;0.0247884;0.1258247
32.50292;0.8333627;0.07946254;0.7795026;0.3244018;-0.03136805;0.803087;0.4453826;-0.11083059;0.0235844;0.1209808
32.5261;0.8565381;0.08533791;0.7807258;0.3266382;-0.02778013;0.804163;0.4452672;-0.11311804;0.0234372;0.118629
32.54841;0.8788531;0.09142697;0.7818242;0.3280768;-0.02398112;0.8048964;0.4444877;-0.11540809;0.0230722;0.1164109
32.5714;0.9018443;0.09801756;0.782234;0.3308833;-0.02439919;0.8036611;0.440634;-0.12241675;0.0214271;0.1097507
32.59741;0.9278481;0.1042143;0.7833761;0.3334572;-0.01942978;0.8044489;0.4414804;-0.12364408;0.0210728;0.1080232
32.62379;0.9542278;0.107948;0.7858222;0.338089;-0.02122845;0.8051007;0.4402272;-0.12917645;0.0192785;0.1021382
32.64691;0.977348;0.1111016;0.788696;0.343846;-0.01889788;0.8078419;0.4445834;-0.12999948;0.0191459;0.1007374
32.67168;1.00212;0.115509;0.7926484;0.3495424;-0.0191201;0.8102338;0.4448058;-0.1346291;0.0175854;0.0952634
32.69529;1.025726;0.1169719;0.7951322;0.3546847;-0.01846176;0.8120282;0.4486861;-0.13543366;0.016896;0.0940014
32.7207;1.051138;0.1153744;0.7963033;0.3619372;-0.02384598;0.8115455;0.4509887;-0.13922038;0.0152422;0.0890515
32.7458;1.076244;0.1160789;0.8017437;0.3712288;-0.02381503;0.8167894;0.4590017;-0.13989393;0.0150457;0.0877729
32.77314;1.103579;0.1213845;0.8089594;0.3793181;-0.02255987;0.8237574;0.4609089;-0.14394437;0.014798;0.0815908
32.80022;1.130658;0.1247369;0.8120547;0.3872011;-0.01992416;0.826649;0.467249;-0.14466106;0.0145943;0.0800479
32.82453;1.154967;0.1253534;0.8149874;0.3940928;-0.0226174;0.8292908;0.4683491;-0.1479708;0.0143034;0.0742563
32.84671;1.177141;0.1262462;0.8188197;0.4005155;-0.02204661;0.8333503;0.4736572;-0.14829281;0.0145306;0.0731417
32.87785;1.208279;0.1272805;0.8201824;0.4031886;-0.02386808;0.8356966;0.4705012;-0.15114858;0.0155142;0.0673126
32.8954;1.225839;0.126752;0.8215505;0.4071711;-0.02473314;0.8370833;0.4733738;-0.15148514;0.0155328;0.0662027
32.92059;1.251019;0.1244367;0.8204734;0.4094305;-0.02885468;0.8366966;0.4715532;-0.15329138;0.0162232;0.0621227
32.9472;1.277638;0.1229934;0.8167056;0.4117194;-0.03068243;0.8331547;0.4725221;-0.15367583;0.0164491;0.0608027
32.9738;1.304232;0.1237039;0.8123953;0.4093582;-0.0310062;0.830068;0.467234;-0.1547101;0.0176727;0.0578758
33.00016;1.330593;0.1267616;0.8082846;0.4057711;-0.02785483;0.8260863;0.4635462;-0.15461643;0.0178017;0.0577751
33.0245;1.354936;0.1317482;0.8055207;0.4018595;-0.02349618;0.8245515;0.4576768;-0.15524438;0.0190308;0.0558173
33.0538;1.384238;0.1368182;0.8044277;0.400122;-0.01862243;0.8242074;0.4550442;-0.15544063;0.0197797;0.0549222
33.07878;1.409222;0.1406131;0.80421;0.3996218;-0.01474658;0.8244306;0.4544883;-0.15535968;0.0202206;0.0548665
33.10847;1.438908;0.142117;0.8035808;0.3989648;-0.01344052;0.8243778;0.4531651;-0.15555752;0.020797;0.0542003
33.13378;1.464217;0.1415137;0.8030354;0.398802;-0.01440924;0.823407;0.4522625;-0.15592294;0.0203716;0.0534605
33.15871;1.489144;0.1392835;0.8043573;0.4014372;-0.01727724;0.8240409;0.4535402;-0.15656074;0.0196836;0.052103
33.18617;1.516605;0.1372472;0.8083301;0.4067832;-0.01983114;0.8276348;0.4576335;-0.15707834;0.0193047;0.0508503
33.2114;1.541841;0.1346522;0.8125575;0.4117428;-0.02262801;0.8320768;0.4618723;-0.15728021;0.0195193;0.0501295
33.23425;1.564683;0.1319299;0.8166313;0.41644;-0.02689214;0.8358718;0.4621666;-0.15882204;0.0192405;0.0457266
33.26223;1.592668;0.1287365;0.8194008;0.4206174;-0.03079788;0.8385636;0.4636734;-0.15953438;0.0191628;0.043056
33.28811;1.618549;0.1259655;0.8206725;0.423647;-0.03629449;0.8391958;0.4569607;-0.16225999;0.0185233;0.0333137
33.31157;1.642004;0.1230808;0.820145;0.4258271;-0.04000577;0.8380881;0.4541339;-0.16308657;0.0179431;0.0283068
33.33523;1.665666;0.1229025;0.8213356;0.4294553;-0.03941481;0.8398446;0.4597622;-0.16231731;0.018509;0.0303069
33.36197;1.692411;0.1196745;0.8192763;0.4325718;-0.04601747;0.8347279;0.4418243;-0.16569197;0.0154516;0.0092525
33.38846;1.718894;0.1141924;0.8178228;0.4345598;-0.05129227;0.8306158;0.4394388;-0.16548467;0.012793;0.004879
33.41154;1.74198;0.1085584;0.8154405;0.4366666;-0.05679788;0.8271575;0.4373114;-0.16535628;0.011717;0.0006448
33.43495;1.765383;0.1038717;0.8148096;0.4387938;-0.06102651;0.8273658;0.4412537;-0.16489821;0.0125562;0.0024599
33.46247;1.792902;0.09953851;0.8161906;0.4409839;-0.06498687;0.8296615;0.4309095;-0.16452538;0.0134709;-0.0100744
33.48824;1.818676;0.09728525;0.8167876;0.4418256;-0.06647954;0.829349;0.4277681;-0.16376479;0.0125614;-0.0140575
33.50558;1.836019;0.09091712;0.8158034;0.4447888;-0.07235544;0.8282777;0.4305129;-0.16327256;0.0124743;-0.0142759
33.53506;1.865497;0.08706239;0.8156841;0.446151;-0.07608162;0.8285146;0.4321129;-0.16314401;0.0128305;-0.0140381
33.56436;1.894794;0.08179191;0.8167824;0.4477549;-0.08105929;0.823432;0.4258259;-0.1628512;0.0066496;-0.021929
33.58922;1.919653;0.0763443;0.817499;0.447351;-0.08503602;0.8234413;0.4205263;-0.16138032;0.0059423;-0.0268247
33.61719;1.947625;0.069943;0.8174856;0.445321;-0.09092643;0.8229393;0.4180277;-0.16086943;0.0054537;-0.0272933
33.64632;1.976755;0.06707822;0.8165451;0.4443384;-0.09234916;0.8167761;0.4075506;-0.15942738;0.000231;-0.0367878
33.67061;2.001048;0.06394759;0.8158346;0.442525;-0.0934854;0.8155999;0.4000993;-0.15743299;-0.0002347;-0.0424257
33.70131;2.031744;0.06076932;0.8151588;0.4429772;-0.09603773;0.8152425;0.3998691;-0.15680705;8.37E-05;-0.0431081
33.72345;2.05388;0.05792967;0.8160471;0.4435023;-0.09763296;0.8151538;0.3951124;-0.15556263;-0.0008933;-0.0483899
33.74794;2.07837;0.05587143;0.8164057;0.4447206;-0.09952945;0.8151073;0.3966404;-0.15540088;-0.0012984;-0.0480802
33.76803;2.098466;0.05345502;0.8149548;0.446128;-0.1017847;0.8134035;0.3979139;-0.15523972;-0.0015513;-0.0482141
33.79804;2.128477;0.05247851;0.8126996;0.4469825;-0.1025752;0.8120245;0.3986986;-0.15505371;-0.0006751;-0.0482839
33.82234;2.152773;0.05240885;0.8111155;0.4475356;-0.1026499;0.8113242;0.3991696;-0.15505875;0.0002087;-0.048366
33.84671;2.177143;0.05323594;0.809597;0.4479931;-0.1017058;0.8110992;0.3990118;-0.15494174;0.0015022;-0.0489813
33.87527;2.205705;0.0545126;0.8092595;0.4469129;-0.1006562;0.8101712;0.3984117;-0.1551688;0.0009117;-0.0485012
33.89952;2.229958;0.0542786;0.8083895;0.4467557;-0.1009334;0.80953;0.3984488;-0.155212;0.0011405;-0.0483069
33.9241;2.254533;0.05251423;0.8079083;0.4474108;-0.102671;0.809623;0.3988664;-0.15518523;0.0017147;-0.0485444
33.95554;2.285982;0.05102809;0.8083842;0.4485735;-0.1036661;0.811723;0.3979015;-0.15469419;0.0033388;-0.050672
33.97943;2.309873;0.05042043;0.8097374;0.4493977;-0.1044112;0.8125384;0.3986573;-0.15483163;0.002801;-0.0507404
34.00964;2.340079;0.04967536;0.8094574;0.4506296;-0.1045606;0.8135643;0.3980312;-0.15423596;0.0041069;-0.0525984
34.03768;2.368116;0.04942201;0.8089378;0.4507486;-0.1048232;0.812897;0.3981398;-0.15424521;0.0039592;-0.0526088
34.05191;2.382344;0.05163085;0.8090747;0.45;-0.1024245;0.8132795;0.3970037;-0.15405535;0.0042048;-0.0529963
34.09115;2.42159;0.051975;0.8093326;0.4504086;-0.1017281;0.8143834;0.3966992;-0.1537031;0.0050508;-0.0537094
34.12069;2.451129;0.05295806;0.809816;0.4503857;-0.1006927;0.8144679;0.3960146;-0.15365076;0.0046519;-0.0543711
34.14452;2.474962;0.05383001;0.8110705;0.4504833;-0.09942699;0.8151495;0.394679;-0.153257;0.004079;-0.0558043
34.16814;2.498581;0.05224239;0.8117057;0.4508678;-0.1007915;0.8153489;0.3939385;-0.15303389;0.0036432;-0.0569293
34.20372;2.534152;0.05080193;0.8119723;0.4507498;-0.1015392;0.8157319;0.3914124;-0.15234113;0.0037596;-0.0593374
34.23153;2.561961;0.04989339;0.8118424;0.4495417;-0.1025272;0.8152918;0.3901812;-0.15242059;0.0034494;-0.0593605
34.25592;2.58636;0.04922565;0.8114512;0.4492535;-0.102798;0.8146833;0.3885579;-0.15202365;0.0032321;-0.0606956
34.28599;2.616427;0.0496285;0.811705;0.4502767;-0.1024841;0.8149273;0.3899504;-0.1521126;0.0032223;-0.0603263
34.30327;2.633706;0.05055289;0.8121845;0.4505905;-0.1014904;0.8156662;0.390112;-0.15204329;0.0034817;-0.0604785
34.32922;2.659654;0.0510716;0.8119976;0.4506319;-0.1009897;0.8155017;0.3901467;-0.1520613;0.0035041;-0.0604852
34.35177;2.682206;0.05134837;0.811564;0.450318;-0.100729;0.815006;0.3898232;-0.15207737;0.003442;-0.0604948
34.37808;2.708512;0.05154268;0.8118834;0.450264;-0.1005417;0.8152884;0.3897517;-0.15208438;0.003405;-0.0605123
34.4007;2.731129;0.05182706;0.8123254;0.4509474;-0.1003257;0.8159565;0.3906715;-0.15215276;0.0036311;-0.0602759
34.42817;2.758602;0.05134667;0.8129688;0.4520907;-0.1008765;0.8178185;0.3920561;-0.15222317;0.0048497;-0.0600346
34.45529;2.785722;0.05108231;0.8134101;0.4528021;-0.101216;0.8192976;0.3927391;-0.15229831;0.0058875;-0.060063
34.47845;2.808887;0.05130075;0.8130736;0.4527589;-0.1011056;0.8184438;0.3925437;-0.15240635;0.0053702;-0.0602152
34.50613;2.836561;0.05149099;0.8125212;0.452176;-0.1008498;0.8197663;0.3919868;-0.15234079;0.0072451;-0.0601892
34.53225;2.862686;0.05177958;0.8119602;0.4518654;-0.1007335;0.818516;0.3916297;-0.15251308;0.0065558;-0.0602357
34.55646;2.886891;0.05241515;0.8114318;0.452032;-0.1000754;0.8204668;0.3922148;-0.15249055;0.009035;-0.0598172
34.58104;2.911476;0.05331019;0.811359;0.452135;-0.09939705;0.8195333;0.3922589;-0.15270724;0.0081743;-0.0598761
34.61042;2.940856;0.05346188;0.8118857;0.4518712;-0.09927584;0.8202231;0.3921918;-0.15273772;0.0083374;-0.0596794
34.63502;2.965453;0.05370495;0.811938;0.4515934;-0.09905363;0.8202055;0.3919381;-0.15275858;0.0082675;-0.0596553
34.65858;2.989007;0.05337156;0.8117115;0.4517593;-0.09945421;0.8202581;0.3923507;-0.15282577;0.0085466;-0.0594086
34.68847;3.018895;0.05288257;0.8119247;0.4523561;-0.1001036;0.8209383;0.3934361;-0.15298617;0.0090136;-0.05892
34.7131;3.04353;0.05269496;0.8117335;0.4527396;-0.1003932;0.8207613;0.3939877;-0.15308816;0.0090278;-0.0587519
34.73582;3.066247;0.05198923;0.8110425;0.4532016;-0.1012989;0.8202579;0.3952163;-0.15328813;0.0092154;-0.0579853
34.76473;3.095163;0.05159188;0.8103504;0.4523717;-0.101838;0.8195531;0.3949211;-0.15342988;0.0092027;-0.0574506
34.79179;3.122221;0.05243952;0.810007;0.4520544;-0.1014586;0.8191456;0.3965759;-0.15389812;0.0091386;-0.0554785
34.81316;3.143586;0.05356871;0.8099583;0.4511807;-0.1004805;0.8188816;0.396197;-0.15404921;0.0089233;-0.0549837
34.84321;3.173643;0.05426789;0.809427;0.4504063;-0.1000773;0.8172042;0.3962846;-0.15434519;0.0077772;-0.0541217
34.86832;3.198752;0.05493856;0.8092446;0.449801;-0.09934743;0.8171703;0.396025;-0.15428599;0.0079257;-0.053776
34.8908;3.221228;0.05530478;0.8088675;0.4492142;-0.09899968;0.8164429;0.3954806;-0.15430446;0.0075754;-0.0537336
34.91622;3.246651;0.05594159;0.8072787;0.4470446;-0.09829316;0.8147421;0.3930589;-0.15423475;0.0074634;-0.0539857
34.94515;3.27558;0.0553743;0.8068011;0.4471571;-0.0987625;0.8133957;0.3925317;-0.1541368;0.0065946;-0.0546254
34.96924;3.299668;0.05578613;0.805117;0.4455567;-0.0982068;0.8116496;0.3904132;-0.15399293;0.0065326;-0.0551435
34.9963;3.326728;0.05895827;0.8024864;0.441281;-0.09485065;0.8093235;0.3855607;-0.15380892;0.0068371;-0.0557203
35.02205;3.352475;0.06066991;0.7989624;0.4406863;-0.09297025;0.8066609;0.3844354;-0.15364016;0.0076985;-0.0562509
35.04644;3.376862;0.06095984;0.7970253;0.4414079;-0.09272026;0.8046863;0.3850426;-0.1536801;0.007661;-0.0563653
35.07038;3.400811;0.0589876;0.7985959;0.4454097;-0.09461432;0.8066591;0.3887583;-0.15360192;0.0080632;-0.0566514
35.09823;3.428659;0.05668272;0.8009694;0.4502247;-0.09694958;0.809176;0.3935915;-0.1536323;0.0082066;-0.0566332
35.12269;3.453114;0.05460677;0.8009919;0.4504645;-0.09904712;0.8092349;0.3938268;-0.15365389;0.008243;-0.0566377
35.15112;3.481543;0.05341984;0.8032093;0.4520997;-0.1002376;0.81179;0.3954864;-0.15365744;0.0085807;-0.0566133
35.17803;3.508454;0.0531731;0.804796;0.4533366;-0.1005085;0.8133883;0.3966896;-0.1536816;0.0085923;-0.056647
35.20142;3.531846;0.05412584;0.8064203;0.4534143;-0.09956824;0.815438;0.3968345;-0.15369408;0.0090177;-0.0565798
35.22832;3.558744;0.05455756;0.8072133;0.4529874;-0.09916086;0.816344;0.3963708;-0.15371842;0.0091307;-0.0566166
35.24803;3.578451;0.05512147;0.8073385;0.4526308;-0.09857849;0.8172203;0.3960307;-0.15369996;0.0098818;-0.0566001
35.27792;3.608347;0.05497659;0.807089;0.4524137;-0.09875174;0.817295;0.3957513;-0.15372833;0.010206;-0.0566624
35.30537;3.635798;0.05415045;0.8068597;0.4517496;-0.09962749;0.8169209;0.395021;-0.15377794;0.0100612;-0.0567286
35.33403;3.664456;0.05291001;0.8052641;0.4511419;-0.1008726;0.8152928;0.3943905;-0.15378261;0.0100287;-0.0567514
35.35527;3.685691;0.05184022;0.8034313;0.4510117;-0.1019141;0.8137233;0.3942215;-0.15375432;0.010292;-0.0567902
35.37975;3.71017;0.05158294;0.8040291;0.4502853;-0.1021834;0.8143716;0.3934773;-0.15376634;0.0103425;-0.056808
35.40762;3.738037;0.05130381;0.8034582;0.4500223;-0.1024308;0.8141299;0.3931115;-0.15373461;0.0106717;-0.0569108
35.43608;3.766498;0.05149004;0.8037215;0.4499356;-0.102274;0.8143697;0.3930235;-0.15376404;0.0106482;-0.0569121
35.45764;3.788061;0.05159131;0.8041931;0.4503246;-0.1021787;0.8148161;0.3934058;-0.15377001;0.010623;-0.0569188
35.48102;3.811438;0.05169047;0.8045523;0.4505037;-0.1020787;0.8151779;0.3935867;-0.15376917;0.0106256;-0.056917
35.50981;3.840233;0.0524059;0.8041809;0.4498003;-0.1013602;0.8148462;0.3928799;-0.1537661;0.0106653;-0.0569204
35.53365;3.864076;0.05266692;0.8032759;0.4495385;-0.1011037;0.8139556;0.392619;-0.15377062;0.0106797;-0.0569195
35.55777;3.888189;0.05191137;0.8026696;0.4497111;-0.1018642;0.8133233;0.3927786;-0.15377557;0.0106537;-0.0569325
35.58752;3.91794;0.05204885;0.8036292;0.4504518;-0.1017205;0.8144404;0.3935082;-0.15376935;0.0108112;-0.0569436
35.61364;3.944066;0.05235269;0.8039683;0.4511858;-0.1014207;0.8148503;0.3942173;-0.15377339;0.010882;-0.0569685
35.63926;3.969679;0.053489;0.8039098;0.4518033;-0.1002911;0.8148729;0.3948157;-0.1537801;0.0109631;-0.0569876
35.66527;3.995695;0.05426542;0.8033447;0.4528533;-0.09952164;0.8143207;0.3958398;-0.15378706;0.010976;-0.0570135
35.69181;4.022235;0.05509593;0.8026978;0.4531201;-0.09870197;0.8137246;0.3961314;-0.1537979;0.0110268;-0.0569887
35.71548;4.045906;0.05611917;0.8021966;0.4531554;-0.09768882;0.8132362;0.3961759;-0.15380799;0.0110396;-0.0569795
35.74286;4.073281;0.0570532;0.8021305;0.4528217;-0.09676406;0.8131987;0.3958669;-0.15381726;0.0110682;-0.0569548
35.77082;4.101249;0.05718107;0.8020996;0.4522831;-0.09664844;0.8131592;0.395345;-0.15382951;0.0110596;-0.0569381
35.79528;4.125707;0.05709534;0.8017951;0.4521282;-0.09676177;0.8129512;0.3952626;-0.15385711;0.0111561;-0.0568656
35.81755;4.147978;0.05684943;0.8020055;0.4521467;-0.09701472;0.8131641;0.3952489;-0.15386415;0.0111586;-0.0568978
35.84595;4.176382;0.05653539;0.8018022;0.4521336;-0.09733314;0.812982;0.3952202;-0.15386853;0.0111798;-0.0569134
35.87078;4.201207;0.05614161;0.8020732;0.452373;-0.09773648;0.8132904;0.3954821;-0.15387809;0.0112172;-0.0568909
35.89788;4.228312;0.05592835;0.8022943;0.4522091;-0.09798862;0.8135244;0.395404;-0.15391697;0.0112301;-0.0568051
35.92467;4.255104;0.0556294;0.8022114;0.4523103;-0.09834708;0.8131877;0.3955663;-0.15397648;0.0109763;-0.056744
35.94799;4.278415;0.05507716;0.8018539;0.4527125;-0.09889583;0.8127028;0.3959455;-0.15397299;0.0108489;-0.056767
35.97403;4.304461;0.05493014;0.801524;0.4522862;-0.09902968;0.8122799;0.3954448;-0.15395982;0.0107559;-0.0568414
36.00134;4.331769;0.05525449;0.8011739;0.4519541;-0.09869894;0.8117993;0.395038;-0.15395343;0.0106254;-0.0569161
36.02658;4.357007;0.05566785;0.8008819;0.4521402;-0.09826876;0.8114921;0.3951674;-0.15393661;0.0106102;-0.0569728
36.05225;4.382675;0.05597407;0.8010382;0.4521978;-0.09794648;0.8116301;0.3951737;-0.15392055;0.0105919;-0.0570241
36.07935;4.409772;0.05607762;0.8007978;0.4521487;-0.09783881;0.8113787;0.3951203;-0.15391643;0.0105809;-0.0570284
36.10429;4.434714;0.055979;0.8008487;0.4518829;-0.09790154;0.8113209;0.3947261;-0.15388054;0.0104722;-0.0571568
36.13013;4.460564;0.05560625;0.8011598;0.4512557;-0.09827562;0.8116288;0.3941309;-0.15388187;0.010469;-0.0571248
36.15654;4.486966;0.0554317;0.8012093;0.4509915;-0.09844389;0.8116809;0.3938347;-0.15387559;0.0104716;-0.0571568
36.18176;4.512189;0.05535739;0.8010042;0.451093;-0.09851629;0.8114681;0.3939069;-0.15387368;0.0104639;-0.0571861
36.19904;4.529464;0.05479595;0.8003396;0.4514853;-0.09907737;0.8108045;0.3942983;-0.15387332;0.0104649;-0.057187
36.23397;4.564404;0.05454917;0.8001763;0.4516271;-0.09929213;0.810717;0.3943601;-0.1538413;0.0105407;-0.057267
36.2595;4.589927;0.05451338;0.8002981;0.4515391;-0.09928988;0.8110992;0.3942105;-0.15380326;0.0108011;-0.0573286
36.27613;4.606558;0.05482443;0.8004606;0.4510812;-0.09900542;0.8112514;0.3937804;-0.15382985;0.0107908;-0.0573008
36.31229;4.64272;0.05519956;0.8003815;0.4513299;-0.09863984;0.8112255;0.394051;-0.1538394;0.010844;-0.0572789
36.3372;4.667624;0.05543619;0.800251;0.4518471;-0.09840699;0.8113753;0.3946222;-0.15384318;0.0111243;-0.0572249
36.36064;4.69107;0.05564127;0.8001524;0.4521009;-0.09823031;0.8113349;0.394895;-0.15387158;0.0111825;-0.0572059
36.3819;4.712324;0.05626886;0.7995628;0.4514915;-0.09761383;0.8108666;0.394303;-0.15388269;0.0113038;-0.0571885
36.4146;4.745028;0.05632513;0.7986633;0.4511067;-0.097596;0.8102236;0.3940446;-0.15392113;0.0115603;-0.0570621
36.43726;4.767685;0.05656869;0.7977223;0.4507414;-0.0974073;0.8095794;0.3938182;-0.15397599;0.0118571;-0.0569232
36.4649;4.795321;0.05725083;0.7970067;0.4508041;-0.09675409;0.8089131;0.3938626;-0.15400492;0.0119064;-0.0569415
36.49118;4.821603;0.05782733;0.7963083;0.4505425;-0.09618641;0.8082723;0.3935856;-0.15401374;0.011964;-0.0569569
36.51428;4.844703;0.05791493;0.7959301;0.4496116;-0.09611048;0.8079948;0.3926767;-0.15402541;0.0120647;-0.0569349
36.5402;4.870625;0.05697436;0.7950094;0.4493048;-0.09706072;0.8070213;0.3923491;-0.15403508;0.0120119;-0.0569557
36.56815;4.898576;0.05504655;0.7949168;0.4499471;-0.0989891;0.8069315;0.3929988;-0.15403565;0.0120147;-0.0569483
36.59134;4.921765;0.05387626;0.7954403;0.4506094;-0.1001653;0.8074521;0.3936899;-0.15404156;0.0120118;-0.0569195
36.61515;4.945578;0.05283108;0.7947698;0.4502412;-0.1012132;0.8067834;0.3933412;-0.15404428;0.0120136;-0.0569
36.64273;4.973159;0.05566999;0.7936469;0.4500099;-0.09838119;0.805657;0.3931414;-0.15405118;0.0120101;-0.0568685
36.66595;4.996372;0.06035041;0.7943691;0.4494583;-0.09370466;0.8063818;0.3926114;-0.15405507;0.0120127;-0.0568469
36.69177;5.022198;0.0615673;0.7943184;0.450364;-0.09252774;0.80637;0.393652;-0.15409504;0.0120516;-0.056712
36.71637;5.046796;0.06050082;0.7924436;0.4503662;-0.0936854;0.8046411;0.3939173;-0.15418622;0.0121975;-0.0564489
36.73835;5.068778;0.05858356;0.7896619;0.4487009;-0.09563923;0.8018605;0.3922844;-0.15422279;0.0121986;-0.0564165
36.76049;5.090916;0.05836106;0.7866632;0.445852;-0.09592084;0.7988853;0.3895683;-0.1542819;0.0122221;-0.0562837
36.78745;5.117871;0.05921556;0.7887157;0.448371;-0.09506571;0.8009183;0.3920111;-0.15428127;0.0122026;-0.0563599
36.81102;5.141451;0.05977942;0.7927483;0.4490228;-0.0944998;0.8049437;0.3926447;-0.15427922;0.0121954;-0.0563781
36.83639;5.16682;0.05937532;0.795064;0.450143;-0.09490415;0.8072578;0.3937653;-0.15427947;0.0121938;-0.0563777
36.85999;5.190412;0.05930721;0.7968272;0.4509711;-0.09497414;0.8090096;0.3945908;-0.15428135;0.0121824;-0.0563803
36.88248;5.212904;0.05871062;0.7985812;0.4531767;-0.09557068;0.8107633;0.3967986;-0.1542813;0.0121821;-0.0563781
36.90668;5.237111;0.05634396;0.7985584;0.4549377;-0.09788303;0.8108365;0.3984265;-0.15422699;0.0122781;-0.0565112
36.93602;5.266446;0.05542871;0.7969217;0.4541028;-0.09879553;0.8091857;0.3975886;-0.15422424;0.012264;-0.0565142
36.95869;5.289121;0.05527764;0.7954318;0.4538408;-0.09893768;0.8077011;0.397312;-0.15421532;0.0122693;-0.0565288
36.98277;5.313199;0.05616463;0.7953516;0.4547026;-0.09805216;0.8076242;0.3981862;-0.15421679;0.0122726;-0.0565164
37.00694;5.337366;0.05682961;0.7945231;0.4541487;-0.09739137;0.8067949;0.3976561;-0.15422098;0.0122718;-0.0564926
37.0293;5.359733;0.05820193;0.7919953;0.4525557;-0.09602226;0.8042669;0.3960813;-0.15422419;0.0122716;-0.0564744
37.06011;5.390539;0.05886851;0.7919506;0.4522207;-0.09535251;0.804253;0.3957571;-0.15422102;0.0123024;-0.0564636
37.08217;5.412596;0.05912081;0.7925387;0.4519331;-0.09507749;0.8049678;0.3954417;-0.1541983;0.0124291;-0.0564914
37.10484;5.43527;0.05968223;0.7931781;0.4515862;-0.09452506;0.8060099;0.3952102;-0.15420729;0.0128318;-0.056376
37.1293;5.459723;0.05987017;0.7928813;0.4517507;-0.09437235;0.8057327;0.395384;-0.15424252;0.0128514;-0.0563667
37.15167;5.482102;0.05889615;0.791464;0.4518855;-0.09535908;0.8042492;0.395496;-0.15425523;0.0127852;-0.0563895
37.18528;5.515707;0.05784567;0.7906322;0.4515001;-0.09637789;0.8041687;0.3952051;-0.15422356;0.0135365;-0.056295
37.20985;5.540277;0.05644751;0.7902892;0.4520208;-0.0978151;0.8039552;0.3957203;-0.15426261;0.013666;-0.0563005
37.22755;5.557979;0.05636052;0.790431;0.4520057;-0.09792671;0.804052;0.3956911;-0.15428723;0.013621;-0.0563146
37.24934;5.57977;0.05558749;0.7902993;0.4521437;-0.09870863;0.8038897;0.3958341;-0.15429612;0.0135904;-0.0563096
37.27346;5.603895;0.054162;0.7907209;0.4516185;-0.1001375;0.8044043;0.3953533;-0.1542995;0.0136834;-0.0562652
37.30545;5.635883;0.0544969;0.7917587;0.4514011;-0.09981094;0.8054814;0.3951528;-0.15430784;0.0137227;-0.0562483
37.32437;5.6548;0.05545747;0.7914697;0.4531078;-0.0988529;0.8052169;0.396858;-0.15431037;0.0137472;-0.0562498
37.34881;5.67924;0.05623075;0.7904771;0.4543109;-0.09808334;0.8042061;0.3980586;-0.15431409;0.013729;-0.0562523
37.37654;5.706975;0.05598023;0.7895697;0.4546294;-0.09833039;0.8034083;0.3983984;-0.15431062;0.0138386;-0.056231
37.39423;5.724656;0.05559582;0.7898378;0.4539879;-0.09872241;0.8036452;0.3977546;-0.15431823;0.0138074;-0.0562333
37.41667;5.747098;0.05619587;0.7903501;0.4539242;-0.09813085;0.8041716;0.3977196;-0.15432672;0.0138215;-0.0562046
37.44445;5.774878;0.05629999;0.7901852;0.4540915;-0.09802808;0.8040053;0.3978925;-0.15432807;0.0138201;-0.056199
37.46229;5.792724;0.05601264;0.7892899;0.4541181;-0.0983171;0.803109;0.3979274;-0.15432974;0.0138191;-0.0561907
37.49186;5.822295;0.05617708;0.789554;0.4546933;-0.09815499;0.8033801;0.3985257;-0.15433207;0.0138261;-0.0561676
37.51454;5.844974;0.056284;0.7895802;0.4548936;-0.09804887;0.8034093;0.3987341;-0.15433287;0.0138291;-0.0561595
37.53029;5.860719;0.058091;0.7909716;0.4562671;-0.0962421;0.8048044;0.4001144;-0.1543331;0.0138328;-0.0561527
37.5611;5.891526;0.05952969;0.7920073;0.4563333;-0.09480616;0.8058372;0.4001927;-0.15433585;0.0138299;-0.0561406
37.58735;5.917777;0.05938507;0.7917935;0.4562011;-0.0949638;0.8055941;0.4000779;-0.15434887;0.0138006;-0.0561232
37.6148;5.945227;0.05843662;0.7919461;0.4561287;-0.09595494;0.805531;0.4000608;-0.15439156;0.0135849;-0.0560679
37.63321;5.963636;0.05823804;0.7921528;0.4553633;-0.09613523;0.8057426;0.3992673;-0.15437327;0.0135898;-0.056096
37.65635;5.986775;0.05584165;0.7918792;0.4548122;-0.09854018;0.8053065;0.3987091;-0.15438183;0.0134273;-0.0561031
37.68179;6.012212;0.05449735;0.7917423;0.4558212;-0.09987343;0.8051914;0.3997273;-0.15437078;0.0134491;-0.0560939
37.70771;6.038136;0.05455071;0.7917534;0.455422;-0.09981481;0.8051313;0.3993009;-0.15436552;0.0133779;-0.0561211
37.73108;6.061509;0.05467654;0.791482;0.454883;-0.09968577;0.8048679;0.3987729;-0.15436231;0.0133859;-0.0561101
37.75538;6.085804;0.055025;0.7911372;0.4537212;-0.09933682;0.8044425;0.3975979;-0.15436182;0.0133053;-0.0561233
37.77922;6.109649;0.05514648;0.7904324;0.4538026;-0.09921031;0.8037656;0.3976915;-0.15435679;0.0133332;-0.0561111
37.80361;6.134038;0.05495984;0.7898074;0.4548938;-0.09939957;0.8031436;0.3988015;-0.15435941;0.0133362;-0.0560923
37.82626;6.156687;0.05520497;0.7895976;0.454959;-0.09915404;0.8029382;0.3988679;-0.15435901;0.0133406;-0.0560911
37.84991;6.180337;0.05593503;0.7899048;0.4546691;-0.098422;0.8032495;0.3985736;-0.15435703;0.0133447;-0.0560955
37.87406;6.204487;0.05520094;0.789049;0.4559515;-0.09915762;0.8023553;0.3998426;-0.15435856;0.0133063;-0.0561089
37.91182;6.242244;0.05480363;0.7879035;0.4554882;-0.09955225;0.8012268;0.399389;-0.15435588;0.0133233;-0.0560992
37.94184;6.272262;0.05468844;0.7881455;0.455072;-0.09966744;0.8014688;0.3989728;-0.15435588;0.0133233;-0.0560992
37.96064;6.291069;0.05478224;0.7878458;0.4546315;-0.09957193;0.8011095;0.3985115;-0.15435417;0.0132637;-0.05612
37.98004;6.310467;0.05486664;0.7878991;0.4548392;-0.09947897;0.8011609;0.3987088;-0.15434561;0.0132618;-0.0561304
38.00718;6.337603;0.05470242;0.7885231;0.4548099;-0.09964129;0.8017501;0.3986762;-0.15434371;0.013227;-0.0561337
38.0269;6.357327;0.05495629;0.7891903;0.4543037;-0.09938911;0.8024055;0.3981826;-0.1543454;0.0132152;-0.0561211
38.05424;6.384666;0.05519156;0.7886298;0.4541168;-0.09914669;0.80179;0.3979761;-0.15433825;0.0131602;-0.0561407
38.07784;6.408271;0.05513572;0.7883111;0.4540358;-0.0991998;0.8014451;0.3979009;-0.15433552;0.013134;-0.0561349
38.1019;6.432329;0.05521864;0.7882547;0.4542928;-0.09911165;0.8012807;0.3981315;-0.15433029;0.013026;-0.0561613
38.12669;6.457121;0.05546246;0.7880829;0.4544905;-0.09885889;0.8011026;0.3983327;-0.15432135;0.0130197;-0.0561578
38.14886;6.479283;0.05591165;0.7879345;0.4538682;-0.09840532;0.8009742;0.397715;-0.15431697;0.0130397;-0.0561532
38.18088;6.511304;0.05636818;0.7882178;0.4526884;-0.09795485;0.8011273;0.3965281;-0.15432303;0.0129095;-0.0561603
38.20083;6.531255;0.05664784;0.788452;0.4521526;-0.09766487;0.8013599;0.3959922;-0.15431271;0.0129079;-0.0561604
38.22021;6.550638;0.05705306;0.7886031;0.4519559;-0.09725767;0.8015239;0.3958058;-0.15431073;0.0129208;-0.0561501
38.24397;6.574395;0.05765693;0.7888298;0.451131;-0.09665237;0.8017544;0.3949784;-0.1543093;0.0129246;-0.0561526
38.26585;6.596272;0.05809724;0.7890915;0.4499303;-0.09620976;0.8019834;0.3937618;-0.154307;0.0128919;-0.0561685
38.29072;6.621149;0.05888902;0.7890348;0.4484388;-0.095416;0.8019378;0.3922755;-0.15430502;0.012903;-0.0561633
38.31212;6.642546;0.059778;0.7899439;0.4470719;-0.0945292;0.802819;0.390898;-0.1543072;0.0128751;-0.0561739
38.33603;6.666451;0.0604626;0.7915497;0.445693;-0.09384315;0.804431;0.3895201;-0.15430575;0.0128813;-0.0561729
38.3614;6.691826;0.06089848;0.7922761;0.445159;-0.09340931;0.8051763;0.3889943;-0.15430779;0.0129002;-0.0561647
38.3877;6.718121;0.06102672;0.792469;0.4448413;-0.09328164;0.8053635;0.3886717;-0.15430836;0.0128945;-0.0561696
38.40978;6.740202;0.06108152;0.792279;0.4446421;-0.09320308;0.8052893;0.3884325;-0.1542846;0.0130103;-0.0562096
38.42729;6.757716;0.06112079;0.7920337;0.4443629;-0.09317366;0.8050107;0.3881596;-0.15429445;0.012977;-0.0562033
38.4555;6.785922;0.06135606;0.7925378;0.4440932;-0.09292524;0.8055785;0.3878634;-0.1542813;0.0130407;-0.0562298
38.47757;6.807998;0.0618276;0.7932725;0.4444399;-0.09245951;0.8062959;0.3882156;-0.15428711;0.0130234;-0.0562243
38.50119;6.831616;0.06303276;0.7942186;0.4450268;-0.09125926;0.8072318;0.3888147;-0.15429202;0.0130132;-0.0562121
38.52588;6.856308;0.06387855;0.794369;0.4451446;-0.09041347;0.8073822;0.3889325;-0.15429202;0.0130132;-0.0562121
38.55786;6.888281;0.06395929;0.7947719;0.4449521;-0.09033353;0.8077828;0.3887367;-0.15429282;0.0130109;-0.0562154
38.58022;6.910638;0.06402035;0.7953432;0.4449578;-0.09027231;0.8083521;0.3887395;-0.15429266;0.0130089;-0.0562183
38.604;6.934418;0.06390538;0.7956393;0.4450808;-0.09038102;0.8086431;0.388823;-0.1542864;0.0130038;-0.0562578
38.62719;6.957608;0.06423502;0.7963262;0.4452367;-0.09005345;0.8093176;0.3889736;-0.15428847;0.0129914;-0.0562631
38.65515;6.985571;0.064402;0.7963834;0.445325;-0.08988518;0.8093646;0.3890336;-0.15428718;0.0129812;-0.0562914
38.67796;7.008379;0.06466265;0.7961375;0.4454014;-0.08961636;0.809114;0.3890816;-0.15427901;0.0129765;-0.0563198
38.70267;7.033099;0.06363711;0.7947806;0.4489795;-0.09064177;0.8077527;0.3926495;-0.15427888;0.0129721;-0.05633
38.72443;7.05485;0.06138232;0.7919917;0.4553201;-0.09289339;0.8049362;0.3989756;-0.15427571;0.0129445;-0.0563445
38.74683;7.077259;0.06259984;0.791697;0.4555955;-0.09167665;0.8046436;0.3992668;-0.15427649;0.0129466;-0.0563287
38.77671;7.10714;0.06282105;0.7907087;0.4561721;-0.09145507;0.8035905;0.3998303;-0.15427612;0.0128818;-0.0563418
38.79894;7.129364;0.06260382;0.7894715;0.4556892;-0.09166726;0.8023808;0.3993564;-0.15427108;0.0129093;-0.0563328
38.822;7.15243;0.06188439;0.7885044;0.4544684;-0.09240104;0.8013218;0.3981624;-0.15428543;0.0128174;-0.056306
38.84436;7.174783;0.06111876;0.7877888;0.4536899;-0.09315871;0.8006434;0.3973941;-0.15427747;0.0128546;-0.0562958
38.86794;7.198362;0.06069039;0.7874656;0.4535512;-0.09360942;0.8001766;0.3972873;-0.15429981;0.012711;-0.0562639
38.89985;7.230276;0.0601198;0.7878852;0.4530758;-0.09416405;0.800651;0.3968024;-0.15428385;0.0127658;-0.0562734
38.9128;7.243224;0.0595436;0.7885056;0.4526021;-0.09476022;0.8011706;0.3963609;-0.15430382;0.012665;-0.0562412
38.9362;7.26663;0.05834632;0.7887547;0.4518688;-0.09594826;0.8014208;0.3956154;-0.15429458;0.0126661;-0.0562534
38.96311;7.293539;0.05755421;0.7882575;0.4515642;-0.09674302;0.8008898;0.3953165;-0.15429723;0.0126323;-0.0562477
38.99051;7.32094;0.05712042;0.7881666;0.4511816;-0.09717512;0.8007818;0.3949317;-0.15429554;0.0126152;-0.0562499
39.01069;7.341121;0.05723608;0.7880102;0.450477;-0.09706641;0.8005836;0.3942425;-0.15430249;0.0125734;-0.0562345
39.03502;7.365443;0.05670406;0.7877324;0.4507794;-0.09759475;0.8003188;0.3945418;-0.15429881;0.0125864;-0.0562376
39.05758;7.388013;0.05659184;0.7878764;0.4507504;-0.09770615;0.8004613;0.3945086;-0.15429799;0.0125849;-0.0562418
39.07933;7.409757;0.05694643;0.7882391;0.4504168;-0.09735136;0.8008242;0.3941716;-0.15429779;0.0125851;-0.0562452
39.10263;7.43306;0.05687949;0.788267;0.4501466;-0.09741475;0.8008267;0.3938869;-0.15429424;0.0125597;-0.0562597
39.12431;7.45474;0.05671354;0.7880869;0.4505048;-0.09758116;0.8006369;0.3942508;-0.1542947;0.01255;-0.056254
39.14708;7.477508;0.05672982;0.7879477;0.4511136;-0.09756675;0.8004844;0.3948686;-0.15429657;0.0125367;-0.056245
39.17328;7.503709;0.05689898;0.7878798;0.4511528;-0.09739828;0.8004147;0.3949052;-0.15429726;0.0125349;-0.0562476
39.19631;7.526742;0.05703562;0.7878618;0.4514337;-0.0972623;0.8003943;0.3951868;-0.15429792;0.0125325;-0.0562469
39.22058;7.551009;0.05731635;0.787908;0.4514486;-0.09698296;0.8004407;0.395209;-0.15429931;0.0125327;-0.0562396
39.24736;7.577786;0.05773963;0.7880212;0.451765;-0.09655976;0.8005548;0.3955278;-0.15429939;0.0125336;-0.0562372
39.26804;7.598473;0.05785859;0.7880802;0.4521186;-0.09644173;0.8005919;0.3958758;-0.15430032;0.0125117;-0.0562428
39.2906;7.621027;0.05780282;0.7879536;0.4523087;-0.09649419;0.8004576;0.396055;-0.15429701;0.012504;-0.0562537
39.30601;7.636437;0.05804901;0.7878529;0.4528946;-0.09624781;0.8003407;0.3966334;-0.15429682;0.0124878;-0.0562612
39.33569;7.666116;0.05781532;0.7881098;0.4535414;-0.0964762;0.8005769;0.3972622;-0.15429152;0.0124671;-0.0562792
39.3582;7.688626;0.05767097;0.7883307;0.4533333;-0.09662081;0.8007062;0.3970417;-0.15429178;0.0123755;-0.0562916
39.37809;7.708516;0.05745037;0.7884324;0.4531202;-0.09683758;0.8008035;0.396838;-0.15428795;0.0123711;-0.0562822
39.40151;7.731939;0.05703603;0.7887477;0.45265;-0.09725478;0.8010887;0.3963764;-0.15429081;0.012341;-0.0562736
39.42616;7.756587;0.05672883;0.7891207;0.4520287;-0.09755342;0.8014199;0.3957237;-0.15428225;0.0122992;-0.056305
39.45377;7.784195;0.05674256;0.7892075;0.4516988;-0.09753534;0.8014437;0.395371;-0.1542779;0.0122362;-0.0563278
39.47677;7.807197;0.05709306;0.7892748;0.4517376;-0.09717229;0.8015205;0.395394;-0.15426535;0.0122457;-0.0563436
39.49785;7.828281;0.05745757;0.7890655;0.4520063;-0.09680844;0.8012961;0.3956619;-0.15426601;0.0122306;-0.0563444
39.52237;7.8528;0.05754894;0.7886409;0.4524252;-0.09671971;0.8008207;0.3960741;-0.15426865;0.0121798;-0.0563511
39.54596;7.876387;0.05750075;0.7885968;0.4526778;-0.09675747;0.8007619;0.3963026;-0.15425822;0.0121651;-0.0563752
39.56183;7.892257;0.05690792;0.7883034;0.4529081;-0.09734759;0.8004656;0.3965356;-0.15425551;0.0121622;-0.0563725
39.59113;7.921561;0.05666316;0.7885063;0.452976;-0.09758841;0.8006772;0.3965924;-0.15425157;0.0121709;-0.0563836
39.61553;7.94596;0.05668502;0.7887237;0.4532202;-0.09756582;0.8008924;0.3968256;-0.15425084;0.0121687;-0.0563946
39.63771;7.968135;0.05700691;0.7891876;0.4533181;-0.09723444;0.801364;0.3968992;-0.15424135;0.0121764;-0.0564189
39.67068;8.001105;0.05739923;0.7896706;0.4533539;-0.09683689;0.8018206;0.3969225;-0.15423612;0.01215;-0.0564314
39.69048;8.020911;0.05759247;0.7898991;0.4536411;-0.09663793;0.8020433;0.3972066;-0.1542304;0.0121442;-0.0564345
39.71122;8.04165;0.05734556;0.7897496;0.4536567;-0.09688083;0.8018764;0.3972141;-0.15422639;0.0121268;-0.0564426
39.73333;8.063764;0.05678563;0.789667;0.453953;-0.09744145;0.8017825;0.3975171;-0.15422708;0.0121155;-0.0564359
39.75664;8.087073;0.05610948;0.7895849;0.453919;-0.09810633;0.8016918;0.3974508;-0.15421581;0.0121069;-0.0564682
39.77985;8.110279;0.05607422;0.7895854;0.453593;-0.09814419;0.8016957;0.3971422;-0.15421841;0.0121103;-0.0564508
39.80555;8.135983;0.05640621;0.7895702;0.4531437;-0.0978125;0.8016605;0.3966845;-0.15421871;0.0120903;-0.0564592
39.83141;8.161842;0.05676871;0.7893811;0.4527069;-0.09744965;0.8014743;0.3962505;-0.15421836;0.0120932;-0.0564564
39.85577;8.186202;0.05680509;0.7890317;0.451823;-0.09741428;0.8011262;0.3953742;-0.15421937;0.0120945;-0.0564488
39.87504;8.20547;0.05630785;0.7891756;0.4514561;-0.09790528;0.8012679;0.3949898;-0.15421313;0.0120923;-0.0564663
39.8985;8.228931;0.05554923;0.7890862;0.4515694;-0.09866473;0.8011794;0.3951098;-0.15421396;0.0120932;-0.0564596
39.92391;8.254344;0.05515777;0.788752;0.4518623;-0.099059;0.8008366;0.3954043;-0.15421677;0.0120846;-0.056458
39.94557;8.276003;0.05501496;0.7889113;0.4515308;-0.09920057;0.8009958;0.3950657;-0.15421553;0.0120845;-0.0564651
39.96863;8.299064;0.0549551;0.789179;0.451198;-0.09925976;0.8012659;0.3947323;-0.15421486;0.0120869;-0.0564657
39.99287;8.323298;0.0546331;0.789418;0.4513728;-0.09958267;0.8015022;0.3949071;-0.15421577;0.0120842;-0.0564657
40.01417;8.344597;0.05468806;0.7897817;0.45185;-0.09952863;0.8018672;0.3953917;-0.15421669;0.0120855;-0.0564583
40.03975;8.370178;0.05496933;0.7899798;0.4522261;-0.09924875;0.8020607;0.3957663;-0.15421808;0.0120809;-0.0564598
40.06541;8.395838;0.05495048;0.789655;0.4521936;-0.0992679;0.8017346;0.3957334;-0.15421838;0.0120796;-0.0564602
40.08949;0.0240775;0.05424899;0.7890444;0.4522527;-0.0999653;0.8010682;0.3957681;-0.15421429;0.0120238;-0.0564846
40.11163;0.0462241;0.0544664;0.7894094;0.4528097;-0.09974711;0.8014477;0.3963374;-0.15421351;0.0120383;-0.0564723
40.1339;0.0684925;0.05497935;0.7896844;0.4531235;-0.09922781;0.8017022;0.3966272;-0.15420716;0.0120178;-0.0564963
40.15767;0.0922607;0.05593396;0.7899759;0.4537433;-0.09827198;0.8019981;0.3972469;-0.15420594;0.0120222;-0.0564964
40.18112;0.115709;0.05657304;0.790563;0.4543992;-0.09762885;0.8025606;0.397886;-0.15420189;0.0119976;-0.0565132
40.20712;0.1417014;0.05739018;0.7908597;0.454588;-0.09680942;0.8027886;0.3980601;-0.1541996;0.0119289;-0.0565279
40.22995;0.164532;0.05793952;0.7908644;0.4543968;-0.09625547;0.8027707;0.39787;-0.15419499;0.0119063;-0.0565268
40.25415;0.1887401;0.05829256;0.7908993;0.4535024;-0.09589859;0.8027591;0.3969646;-0.15419115;0.0118598;-0.0565378
40.27817;0.2127528;0.05840349;0.7909735;0.4528316;-0.09578164;0.8028336;0.3962973;-0.15418513;0.0118601;-0.0565343
40.30048;0.2350663;0.05860728;0.7904438;0.4524022;-0.09558123;0.8022686;0.3958789;-0.15418851;0.0118248;-0.0565233
40.32386;0.2584486;0.05890603;0.7897434;0.4518835;-0.09527928;0.8015661;0.3953597;-0.15418531;0.0118227;-0.0565238
40.34557;0.2801488;0.05832601;0.7892783;0.4521464;-0.09585341;0.8010839;0.3956058;-0.15417942;0.0118056;-0.0565406
40.37237;0.306952;0.05789481;0.7892441;0.4522809;-0.09628543;0.8010193;0.395741;-0.15418024;0.0117752;-0.0565399
40.39064;0.3252213;0.05844951;0.7895728;0.4521092;-0.09573433;0.8013105;0.395576;-0.15418384;0.0117377;-0.0565332
40.41758;0.352162;0.05847466;0.789642;0.4525294;-0.09571172;0.8013226;0.3960004;-0.15418638;0.0116806;-0.056529
40.44041;0.3749935;0.05844139;0.7892907;0.4529039;-0.09574044;0.8009914;0.3963806;-0.15418183;0.0117007;-0.0565233
40.466;0.4005814;0.05882494;0.7894974;0.4529525;-0.09535766;0.8011658;0.3964282;-0.1541826;0.0116684;-0.0565243
40.48768;0.4222639;0.05937078;0.7899888;0.4535491;-0.09480899;0.8016698;0.3970269;-0.15417977;0.011681;-0.0565222
40.51105;0.4456389;0.06049323;0.7897177;0.453563;-0.09368697;0.8013824;0.3970391;-0.1541802;0.0116647;-0.0565239
40.5345;0.4690849;0.06095519;0.7894846;0.45408;-0.09322386;0.8011505;0.3975507;-0.15417905;0.0116659;-0.0565293
40.56417;0.4987565;0.06092248;0.789173;0.4545516;-0.09325757;0.8008316;0.3980164;-0.15418005;0.0116586;-0.0565352
40.58543;0.5200183;0.06060299;0.7889747;0.4548727;-0.09357671;0.8006344;0.3983365;-0.1541797;0.0116597;-0.0565362
40.60255;0.5371323;0.06045468;0.7891052;0.4546379;-0.09372996;0.8007371;0.398107;-0.15418464;0.0116319;-0.0565309
40.62563;0.5602127;0.06088894;0.7897065;0.4542835;-0.0932903;0.8012998;0.3977306;-0.15417924;0.0115933;-0.0565529
40.64769;0.5822775;0.06107967;0.790073;0.4542804;-0.09309708;0.801681;0.3977337;-0.15417675;0.011608;-0.0565467
40.67382;0.6084129;0.06117331;0.7898935;0.454012;-0.09299863;0.8014804;0.3974505;-0.15417194;0.0115869;-0.0565615
40.70308;0.6376653;0.06111801;0.7897136;0.4538212;-0.09305732;0.8012856;0.3972758;-0.15417533;0.011572;-0.0565454
40.72185;0.6564358;0.06103516;0.7895351;0.4537743;-0.09313228;0.8010961;0.3972091;-0.15416744;0.011561;-0.0565652
40.74423;0.6788176;0.06095434;0.7892491;0.453782;-0.09321713;0.8007883;0.3972294;-0.15417147;0.0115392;-0.0565526
40.76707;0.7016603;0.06069747;0.7890279;0.454213;-0.09347013;0.8005806;0.3976571;-0.1541676;0.0115527;-0.0565559
40.79146;0.7260485;0.06051232;0.789139;0.4544132;-0.09365681;0.8006091;0.3978486;-0.15416913;0.0114701;-0.0565646
40.81333;0.7479229;0.0602693;0.7892524;0.454328;-0.09389393;0.800751;0.3977714;-0.15416323;0.0114986;-0.0565566
40.83497;0.769563;0.0599329;0.7893637;0.4545107;-0.09422566;0.8008571;0.3979436;-0.15415856;0.0114934;-0.0565671
40.85923;0.7938216;0.06011858;0.7896036;0.4547477;-0.09404048;0.8010991;0.3981862;-0.15415906;0.0114955;-0.0565615
40.88096;0.8155518;0.06053942;0.789573;0.4547762;-0.09362089;0.8010498;0.3982139;-0.15416031;0.0114768;-0.0565623
40.90434;0.8389347;0.06065436;0.7892459;0.4547678;-0.09350532;0.8007274;0.3982099;-0.15415968;0.0114815;-0.0565579
40.92667;0.8612583;0.06024078;0.7886747;0.4547147;-0.09391583;0.8000925;0.3981333;-0.15415661;0.0114178;-0.0565814
40.95265;0.8872411;0.06008622;0.7888436;0.4546668;-0.09406151;0.8002464;0.398072;-0.15414773;0.0114028;-0.0565948
40.97504;0.9096377;0.06014513;0.7895806;0.4545004;-0.09400395;0.8009562;0.3979154;-0.15414908;0.0113756;-0.056585
41.00071;0.935307;0.060293;0.7897782;0.4541849;-0.09384543;0.8011678;0.3975818;-0.15413843;0.0113896;-0.0566031
41.02245;0.9570472;0.06049995;0.7897495;0.4539622;-0.09363741;0.801098;0.3973516;-0.15413736;0.0113485;-0.0566106
41.04644;0.9810396;0.06070163;0.7896549;0.4540583;-0.09343413;0.8010007;0.3974545;-0.15413576;0.0113458;-0.0566038
41.07157;1.006167;0.06065521;0.7893447;0.4539001;-0.09348444;0.8006669;0.3973041;-0.15413965;0.0113222;-0.056596
41.09242;1.02702;0.06039335;0.7891856;0.4540412;-0.09374253;0.8005211;0.3974454;-0.15413588;0.0113355;-0.0565958
41.11441;1.049012;0.06011175;0.7889473;0.4541413;-0.0940244;0.8002819;0.3975461;-0.15413615;0.0113346;-0.0565952
41.1356;1.070198;0.06020035;0.7891117;0.4540018;-0.0939357;0.800451;0.3974124;-0.15413605;0.0113393;-0.0565894
41.16;1.094598;0.06045851;0.7893056;0.4540205;-0.09367454;0.8006016;0.3974133;-0.15413305;0.011296;-0.0566072
41.18142;1.116018;0.06069183;0.7893177;0.4540761;-0.09344188;0.8006043;0.397481;-0.15413371;0.0112866;-0.0565951
41.20456;1.139156;0.06086522;0.7892206;0.4540765;-0.09326582;0.8004973;0.3974713;-0.15413104;0.0112767;-0.0566052
41.22935;1.16395;0.06095227;0.789041;0.454137;-0.0931795;0.8003179;0.3975381;-0.15413177;0.0112769;-0.0565989
41.24958;1.184172;0.06081656;0.7887059;0.4541817;-0.09331538;0.7999818;0.3975803;-0.15413194;0.0112759;-0.0566014
41.27744;1.21204;0.06070407;0.7888811;0.454407;-0.09342847;0.8001553;0.397805;-0.15413254;0.0112742;-0.056602
41.29967;1.234264;0.06063856;0.789174;0.4542982;-0.09349689;0.8004239;0.3976991;-0.15413545;0.0112499;-0.0565991
41.32413;1.258724;0.06056282;0.7894961;0.4542325;-0.09357083;0.8006901;0.3976218;-0.15413365;0.011194;-0.0566107
41.34678;1.281372;0.06057853;0.7896757;0.4540215;-0.09354459;0.8008729;0.3973975;-0.15412312;0.0111972;-0.056624
41.3738;1.308395;0.06066084;0.7900286;0.453785;-0.09346154;0.8012332;0.3971653;-0.15412238;0.0112046;-0.0566197
41.39124;1.325839;0.06050616;0.7900874;0.4535207;-0.093616;0.8012217;0.3968826;-0.15412216;0.0111343;-0.0566381
41.41456;1.349154;0.06035679;0.790203;0.4535913;-0.09376086;0.8013599;0.3969613;-0.15411765;0.0111569;-0.05663
41.43944;1.374035;0.06023155;0.7902155;0.4536147;-0.09389086;0.8013304;0.3969897;-0.15412241;0.0111149;-0.056625
41.45844;1.39303;0.05983146;0.7896814;0.4533498;-0.09428728;0.8008065;0.3967187;-0.15411874;0.0111251;-0.0566311
41.48164;1.416233;0.06030099;0.7892804;0.4531795;-0.09381774;0.8004055;0.3965484;-0.15411873;0.0111251;-0.0566311
41.50762;1.442216;0.06076234;0.7891396;0.4531604;-0.0933534;0.8002369;0.3965158;-0.15411574;0.0110973;-0.0566446
41.53292;1.467519;0.06102737;0.7891043;0.4530422;-0.09308641;0.8002127;0.3964027;-0.15411378;0.0111084;-0.0566395
41.55564;1.490231;0.06101076;0.7888055;0.4530063;-0.09309707;0.7998962;0.3963467;-0.15410783;0.0110907;-0.0566596
41.57768;1.512277;0.06096864;0.7887076;0.4530373;-0.09313941;0.7997339;0.3963713;-0.15410805;0.0110263;-0.056666
41.60152;1.536115;0.06076422;0.7887449;0.4533349;-0.09333719;0.7997961;0.3966704;-0.15410141;0.0110512;-0.0566645
41.62425;1.558843;0.06048995;0.789182;0.4535913;-0.09360759;0.8002115;0.3969141;-0.15409754;0.0110295;-0.0566772
41.64696;1.581553;0.06022475;0.7895792;0.4535016;-0.09387297;0.8006163;0.3968364;-0.15409772;0.0110371;-0.0566652
41.67006;1.604656;0.06009293;0.7896221;0.4529954;-0.09400828;0.800656;0.3963473;-0.15410121;0.0110339;-0.0566481
41.69468;1.629271;0.06019419;0.78956;0.4523212;-0.09390625;0.8005961;0.3956724;-0.15410044;0.0110361;-0.0566488
41.71751;1.652102;0.06023844;0.7899877;0.4520793;-0.09386033;0.8010252;0.3954261;-0.15409877;0.0110375;-0.0566532
41.74163;1.676225;0.06059666;0.7900985;0.4525264;-0.09350011;0.8011382;0.3958639;-0.15409677;0.0110397;-0.0566625
41.76662;1.701224;0.06092987;0.789831;0.4529929;-0.09316383;0.8008699;0.3963139;-0.1540937;0.0110389;-0.056679
41.78785;1.722454;0.06110564;0.7896662;0.453219;-0.09299098;0.8006808;0.3965429;-0.15409662;0.0110146;-0.0566761
41.81134;1.745943;0.06103811;0.7894197;0.4536237;-0.09305537;0.8004455;0.3969452;-0.15409348;0.0110258;-0.0566785
41.83377;1.768373;0.06088487;0.7891061;0.4540151;-0.09319746;0.800108;0.3973027;-0.15408233;0.0110019;-0.0567124
41.85913;1.793729;0.06092022;0.7891023;0.4541206;-0.09316292;0.8001129;0.3974271;-0.15408314;0.0110106;-0.0566935
41.88196;1.816561;0.06099539;0.7893057;0.4542575;-0.09309098;0.8002909;0.397568;-0.15408637;0.0109852;-0.0566895
41.9038;1.838408;0.061108;0.7893317;0.4543417;-0.09297203;0.800319;0.3976364;-0.15408003;0.0109873;-0.0567053
41.92319;1.857799;0.06102918;0.7889066;0.4536824;-0.09305412;0.7998882;0.3969922;-0.1540833;0.0109816;-0.0566902
41.94415;1.878752;0.06072152;0.7885908;0.4529319;-0.09336147;0.7995574;0.3962381;-0.15408299;0.0109666;-0.0566938
41.9679;1.902496;0.0604043;0.7886027;0.4525869;-0.09367378;0.7995489;0.3958797;-0.15407808;0.0109462;-0.0567072
41.99191;1.926508;0.06030296;0.7887573;0.4526828;-0.09377353;0.7996982;0.3959789;-0.15407649;0.0109409;-0.0567039
42.02465;1.959253;0.06046715;0.7887717;0.4529533;-0.09360442;0.7996925;0.3962369;-0.15407157;0.0109208;-0.0567164
42.04268;1.97728;0.06069623;0.7890512;0.453293;-0.09337573;0.7999607;0.3965818;-0.15407196;0.0109095;-0.0567112
42.0664;2.000997;0.06080878;0.7891336;0.4535372;-0.09326172;0.8000494;0.396827;-0.1540705;0.0109158;-0.0567102
42.08883;2.023426;0.06092802;0.7890937;0.4536987;-0.09314555;0.7999851;0.3969949;-0.15407357;0.0108914;-0.0567038
42.11087;2.045472;0.06086669;0.7888092;0.4537433;-0.09319805;0.7997071;0.3970215;-0.15406474;0.0108979;-0.0567218
42.13393;2.068529;0.06060828;0.7885487;0.4537416;-0.09345685;0.7994497;0.3970278;-0.15406513;0.010901;-0.0567138
42.15756;2.09216;0.060316;0.788645;0.4535436;-0.09374949;0.79953;0.3968291;-0.15406549;0.010885;-0.0567145
42.18383;2.118433;0.06009433;0.7888765;0.4532812;-0.09397434;0.7997377;0.3965732;-0.15406867;0.0108612;-0.056708
42.2087;2.143297;0.06025761;0.7889769;0.4530044;-0.0938034;0.7998272;0.3962774;-0.15406101;0.0108503;-0.056727
42.23523;2.169828;0.06036486;0.789214;0.4527915;-0.09369601;0.8000708;0.396073;-0.15406087;0.0108568;-0.0567185
42.2567;2.191302;0.06031664;0.7892581;0.4526657;-0.09374539;0.8001106;0.3959478;-0.15406203;0.0108525;-0.0567179
42.27204;2.206635;0.06020794;0.7893494;0.4526127;-0.09385372;0.800187;0.3958913;-0.15406166;0.0108376;-0.0567214
42.3027;2.237299;0.0602055;0.7893221;0.452641;-0.0938511;0.8001407;0.3959058;-0.1540566;0.0108186;-0.0567352
42.32427;2.258872;0.06009029;0.7891257;0.4529066;-0.09396286;0.7999229;0.3961632;-0.15405315;0.0107972;-0.0567434
42.35117;2.285768;0.05998805;0.7889981;0.4531243;-0.094063;0.7998074;0.3963884;-0.15405105;0.0108093;-0.0567359
42.37543;2.310028;0.05973051;0.7888997;0.4531429;-0.09432087;0.7996925;0.3964053;-0.15405138;0.0107928;-0.0567376
42.39834;2.332937;0.05933967;0.7888211;0.4530112;-0.09470966;0.7996218;0.3962711;-0.15404933;0.0108007;-0.0567401
42.42163;2.356227;0.05892932;0.7889225;0.4530771;-0.09511177;0.7997116;0.3963152;-0.15404109;0.0107891;-0.0567619
42.44501;2.379616;0.05898586;0.7892842;0.4530721;-0.09505475;0.8000807;0.396318;-0.15404061;0.0107965;-0.0567541
42.46883;2.403429;0.05943783;0.789683;0.4529176;-0.09460299;0.8004793;0.3961669;-0.15404082;0.0107963;-0.0567507
42.49273;2.427328;0.05972114;0.7894801;0.4527699;-0.09431978;0.8002765;0.3960195;-0.15404092;0.0107964;-0.0567504
42.51383;2.44843;0.05970999;0.7890213;0.4528322;-0.09433144;0.7998208;0.396086;-0.15404143;0.0107995;-0.0567462
42.53962;2.474225;0.05941925;0.7889051;0.4530448;-0.09461815;0.7996601;0.396275;-0.1540374;0.010755;-0.0567698
42.56288;2.497484;0.05952147;0.7894707;0.452515;-0.09451228;0.8002394;0.3957445;-0.15403375;0.0107687;-0.0567705
42.58693;2.521533;0.05967012;0.7897025;0.4522582;-0.09436196;0.8004723;0.3954795;-0.15403208;0.0107698;-0.0567787
42.6107;2.545302;0.05941194;0.7899251;0.4520351;-0.09461974;0.8006945;0.3952556;-0.15403168;0.0107694;-0.0567795
42.63355;2.568156;0.059067;0.7898487;0.4521263;-0.09496832;0.8005959;0.3953541;-0.15403532;0.0107472;-0.0567722
42.65563;2.590233;0.05909072;0.7897667;0.4525525;-0.09494151;0.8005251;0.3957805;-0.15403223;0.0107584;-0.056772
42.67855;2.613151;0.05941744;0.7894958;0.4531595;-0.09461161;0.8002175;0.3963806;-0.15402905;0.0107217;-0.0567789
42.70365;2.638251;0.06011133;0.7889552;0.4534871;-0.09391442;0.7996208;0.3966924;-0.15402575;0.0106656;-0.0567947
42.72913;2.663735;0.06056631;0.7880088;0.4534375;-0.09344935;0.798677;0.3966315;-0.15401566;0.0106682;-0.056806
42.75087;2.685478;0.05973694;0.7879815;0.4531896;-0.09427398;0.7986177;0.396373;-0.15401092;0.0106362;-0.0568166
42.79197;2.726569;0.05932191;0.7887516;0.4527808;-0.09468693;0.7994024;0.3959754;-0.15400884;0.0106508;-0.0568054
42.81969;2.7543;0.05920175;0.7894887;0.4530607;-0.09480365;0.8001019;0.3962429;-0.1540054;0.0106132;-0.0568178
42.8427;2.777304;0.05898319;0.7894064;0.4532274;-0.09502524;0.8000101;0.3964315;-0.15400843;0.0106037;-0.0567959
42.86607;2.800673;0.0590421;0.7891006;0.4531582;-0.09496839;0.7997039;0.3963758;-0.15401049;0.0106033;-0.0567824
42.88837;2.822974;0.05951019;0.7893287;0.4534692;-0.09449397;0.7999135;0.3966668;-0.15400416;0.0105848;-0.0568024
42.91234;2.846946;0.05969216;0.7892897;0.4538001;-0.09430876;0.7998867;0.3969966;-0.15400092;0.010597;-0.0568035
42.93535;2.869958;0.05968834;0.7891821;0.4538694;-0.09430614;0.7997373;0.3970267;-0.15399448;0.0105552;-0.0568427
42.95758;2.89219;0.05960363;0.7890016;0.4532956;-0.09438813;0.7995689;0.3964533;-0.15399176;0.0105673;-0.0568423
42.99334;2.927945;0.05935046;0.7890943;0.4528962;-0.09463902;0.79966;0.3960351;-0.15398948;0.0105657;-0.0568611
43.01034;2.944943;0.05892756;0.7891179;0.4529423;-0.09505879;0.7996854;0.396064;-0.15398635;0.0105675;-0.0568783
43.03441;2.969013;0.05848976;0.7892666;0.453312;-0.09549221;0.7998051;0.3964093;-0.15398197;0.0105385;-0.0569027
43.05634;2.990945;0.05873447;0.7892488;0.4533502;-0.09523881;0.7997679;0.3964067;-0.15397328;0.0105191;-0.0569435
43.07947;3.014079;0.05923096;0.789252;0.4533404;-0.09474143;0.7997072;0.3963838;-0.15397239;0.0104552;-0.0569566
43.11023;3.044836;0.05921106;0.7892023;0.4536017;-0.0947495;0.7996616;0.3966243;-0.15396056;0.0104593;-0.0569774
43.13413;3.068736;0.05920548;0.7890474;0.4537527;-0.09474795;0.7994817;0.396762;-0.15395343;0.0104343;-0.0569907
43.14875;3.083359;0.05945542;0.7887239;0.453962;-0.09449138;0.7991449;0.3969603;-0.1539468;0.010421;-0.0570017
43.17833;3.112936;0.05955201;0.7885177;0.4540979;-0.09438076;0.7988763;0.3970509;-0.15393277;0.0103586;-0.057047
43.20552;3.140131;0.05952697;0.7884886;0.454293;-0.0943988;0.7988322;0.3972454;-0.15392577;0.0103436;-0.0570476
43.23373;3.168339;0.0594385;0.7886457;0.4542704;-0.09447951;0.7989456;0.3972029;-0.15391801;0.0102999;-0.0570675
43.25594;3.190543;0.05941807;0.7888791;0.4541507;-0.09448683;0.7991281;0.3970631;-0.1539049;0.010249;-0.0570876
43.27851;3.21312;0.05977883;0.7892365;0.4538682;-0.09412084;0.7994816;0.3967901;-0.15389967;0.0102451;-0.0570781
43.30196;3.236569;0.06012725;0.7896147;0.4534849;-0.09375362;0.7998105;0.3963565;-0.15388087;0.0101958;-0.0571284
43.32465;3.259259;0.05997909;0.7894269;0.4532109;-0.09382982;0.7995932;0.3959024;-0.15380891;0.0101663;-0.0573085
43.34781;3.282417;0.05956586;0.7892795;0.4533371;-0.09420896;0.799464;0.3959805;-0.15377482;0.0101845;-0.0573566
43.37412;3.308727;0.05934554;0.7892239;0.4535953;-0.09439656;0.799406;0.3961659;-0.1537421;0.0101821;-0.0574294
43.3998;3.334409;0.05905965;0.7894223;0.4537747;-0.09468009;0.7995983;0.3963472;-0.15373974;0.010176;-0.0574275
43.42154;3.356151;0.05901784;0.7894347;0.4537656;-0.09471584;0.7996098;0.3963214;-0.15373368;0.0101751;-0.0574442
43.44637;3.380977;0.05922628;0.7894988;0.4538878;-0.09450328;0.7996821;0.3964326;-0.15372956;0.0101833;-0.0574552
43.46859;3.4032;0.0592962;0.7894536;0.4542177;-0.09444608;0.7996121;0.3967956;-0.15374228;0.0101585;-0.0574221
43.49207;3.426677;0.05943951;0.7890801;0.454224;-0.09430364;0.7992362;0.3968058;-0.15374315;0.0101561;-0.0574182
43.51456;3.449164;0.05999329;0.7890353;0.454257;-0.09374902;0.7991884;0.3968309;-0.15374231;0.0101531;-0.0574261
43.53735;3.471958;0.06086795;0.7891415;0.4544677;-0.0928705;0.7992961;0.3970202;-0.15373845;0.0101546;-0.0574475
43.56045;3.495055;0.06131241;0.7892597;0.4545925;-0.09242591;0.7994153;0.3971472;-0.15373832;0.0101556;-0.0574453
43.58877;3.523375;0.06146153;0.7894086;0.4546455;-0.0922798;0.7995621;0.3972132;-0.15374133;0.0101535;-0.0574323
43.61249;3.547094;0.0613216;0.7893679;0.4545136;-0.09242016;0.7995194;0.3970833;-0.15374176;0.0101515;-0.0574303
43.63707;3.571671;0.06076449;0.7893972;0.4541876;-0.09297456;0.7995483;0.3967414;-0.15373905;0.0101511;-0.0574462
43.65892;3.593526;0.0603741;0.7896234;0.4535129;-0.09336455;0.7997742;0.3960619;-0.15373865;0.0101508;-0.057451
43.68339;3.617995;0.06016294;0.7901107;0.4530643;-0.09357551;0.8002561;0.3956059;-0.15373845;0.0101454;-0.0574584
43.71186;3.646465;0.06002089;0.7901995;0.4529629;-0.09371366;0.8003079;0.3954939;-0.15373455;0.0101084;-0.057469
43.73075;3.66536;0.05994503;0.7903649;0.4532384;-0.09378599;0.8004431;0.3957703;-0.15373102;0.0100782;-0.0574681
43.75642;3.691034;0.06013662;0.7903574;0.4535016;-0.0935853;0.8003965;0.3960066;-0.15372192;0.0100391;-0.057495
43.77983;3.714439;0.0606921;0.7903954;0.4535928;-0.09302336;0.8004552;0.3960907;-0.15371546;0.0100598;-0.0575021
43.80192;3.736529;0.0612876;0.7902815;0.4534867;-0.09242662;0.8003412;0.3959777;-0.15371422;0.0100597;-0.057509
43.82441;3.759023;0.06144829;0.7900659;0.4536459;-0.09224887;0.8000696;0.3960651;-0.15369716;0.0100037;-0.0575808
43.84553;3.780137;0.0615621;0.789807;0.453827;-0.09213498;0.7998048;0.3962585;-0.15369708;0.0099978;-0.0575685
43.86848;3.803092;0.06153013;0.7894657;0.4536332;-0.09216486;0.799475;0.3960672;-0.15369499;0.0100093;-0.057566
43.89147;3.826083;0.06139663;0.7894397;0.4534956;-0.09230013;0.7994478;0.3959382;-0.15369676;0.0100081;-0.0575574
43.91456;3.849171;0.06132123;0.7897125;0.453736;-0.09237584;0.7997206;0.3961822;-0.15369707;0.0100081;-0.0575538
43.94277;3.877386;0.06109077;0.789709;0.4539148;-0.09260704;0.7997185;0.3963649;-0.15369781;0.0100095;-0.0575499
43.96809;3.902704;0.06108135;0.7896321;0.4539477;-0.09261374;0.7996402;0.3963794;-0.15369509;0.0100081;-0.0575683
43.99081;3.925426;0.0614052;0.7897645;0.4541436;-0.09228675;0.799778;0.3965644;-0.15369195;0.0100135;-0.0575792
44.01408;3.948688;0.06124857;0.7896219;0.4543806;-0.09244242;0.7996341;0.396794;-0.15369099;0.0100122;-0.0575866
44.03739;3.972002;0.06069237;0.7893736;0.4542996;-0.09300071;0.7993796;0.3967152;-0.15369308;0.010006;-0.0575844
44.05964;3.994251;0.06031157;0.7893398;0.4537417;-0.09338276;0.7993422;0.3961583;-0.15369433;0.0100024;-0.0575834
44.08331;4.01792;0.06029832;0.7894047;0.4531741;-0.09339671;0.7994084;0.3955947;-0.15369503;0.0100037;-0.0575794
44.10852;4.043133;0.06056471;0.789658;0.4531659;-0.09313028;0.7996579;0.3955831;-0.15369499;0.0099999;-0.0575828
44.13542;4.070027;0.06058058;0.7896658;0.4531383;-0.0931154;0.7996624;0.395557;-0.15369598;0.0099966;-0.0575813
44.15719;4.091798;0.06038789;0.7897255;0.4531918;-0.09330919;0.7997223;0.3956156;-0.15369708;0.0099968;-0.0575762
44.18042;4.115026;0.06021468;0.7896761;0.4530382;-0.09348337;0.7996706;0.3954662;-0.15369805;0.0099945;-0.057572
44.20305;4.137659;0.05993014;0.789483;0.4528974;-0.0937682;0.799481;0.3953323;-0.15369834;0.009998;-0.0575651
44.22638;4.160985;0.0597835;0.7893783;0.4529344;-0.09391652;0.7993754;0.3953774;-0.15370002;0.0099971;-0.057557
44.24913;4.183745;0.05979115;0.789268;0.4526444;-0.09391071;0.7992646;0.395094;-0.15370186;0.0099966;-0.0575504
44.27813;4.212743;0.05984408;0.7892066;0.4525541;-0.09385987;0.799197;0.3950089;-0.15370395;0.0099904;-0.0575452
44.29374;4.228355;0.059879;0.789242;0.4527264;-0.09382592;0.7992337;0.3951886;-0.15370492;0.0099917;-0.0575378
44.32368;4.258297;0.06024765;0.7894141;0.4524967;-0.09345968;0.7994026;0.3949691;-0.15370733;0.0099885;-0.0575276
44.34822;4.282833;0.06072017;0.7892882;0.4523139;-0.09299742;0.7993264;0.394828;-0.15371759;0.0100382;-0.0574859
44.37121;4.305819;0.06082142;0.7890315;0.4532338;-0.09290431;0.7991611;0.3957789;-0.15372573;0.0101296;-0.0574549
44.40347;4.338075;0.0609282;0.7891798;0.4537703;-0.09281596;0.7993273;0.3963383;-0.15374416;0.0101475;-0.057432
44.42836;4.362972;0.06081074;0.7892047;0.4538342;-0.09293501;0.7993485;0.3963834;-0.15374575;0.0101438;-0.0574508
44.4496;4.384206;0.06039961;0.7893566;0.4535516;-0.09334486;0.7995183;0.3960955;-0.15374447;0.0101617;-0.0574561
44.47402;4.408628;0.06029594;0.7894804;0.4532616;-0.09345433;0.7996275;0.3958204;-0.15375027;0.0101471;-0.0574412
44.49171;4.426322;0.06001294;0.7901779;0.4529107;-0.09374093;0.800384;0.3954942;-0.15375387;0.0102061;-0.0574165
44.52249;4.457102;0.06005194;0.7906076;0.4532147;-0.09370581;0.8007932;0.3957905;-0.15375775;0.0101856;-0.0574242
44.54554;4.480146;0.06024327;0.7904667;0.4531466;-0.09351427;0.8006725;0.3957317;-0.15375754;0.0102058;-0.0574149
44.56801;4.502617;0.06071687;0.7900769;0.4526814;-0.09304061;0.8002961;0.3952622;-0.15375748;0.0102192;-0.0574192
44.59134;4.525946;0.06050383;0.7897748;0.4525884;-0.09325494;0.8000039;0.3951733;-0.15375877;0.0102291;-0.0574151
44.61535;4.549954;0.06020625;0.7896333;0.4526063;-0.09355341;0.7998738;0.3951922;-0.15375966;0.0102405;-0.0574141
44.63782;4.572425;0.06013671;0.7897962;0.4526531;-0.093629;0.8000311;0.3952616;-0.15376571;0.0102349;-0.0573915
