TotalTime;SegmentTime;XTran1;YTran1;ZTran1;XTran2;YTran2;ZTran2;cXTran;cYTran;cZran
53.56215;53.56215;0.04574492;0.7674719;0.311639;-0.0367654;0.7855477;0.4508148;-0.08251032;0.0180758;0.1391758
53.59522;53.59522;0.04594384;0.7673557;0.3105727;-0.03659168;0.785526;0.4497113;-0.08253552;0.0181703;0.1391386
53.63235;53.63235;0.04537194;0.7674394;0.3109692;-0.03715796;0.7859079;0.4500465;-0.0825299;0.0184685;0.1390773
53.66053;53.66053;0.04414853;0.7679061;0.3115774;-0.03839375;0.7863756;0.4506363;-0.08254228;0.0184695;0.1390589
53.69244;53.69244;0.04358947;0.7684311;0.3124447;-0.03893525;0.7868696;0.4515131;-0.08252472;0.0184385;0.1390684
53.72147;53.72147;0.04225036;0.7693389;0.3151215;-0.04027478;0.7877756;0.4541917;-0.08252514;0.0184367;0.1390702
53.76089;53.76089;0.04272059;0.7694588;0.3142712;-0.03981106;0.7878968;0.4533381;-0.08253165;0.018438;0.1390669
53.78767;53.78767;0.04449589;0.7690496;0.3130485;-0.03803568;0.7874729;0.4521191;-0.08253157;0.0184233;0.1390706
53.82963;53.82963;0.04556513;0.7682976;0.3119172;-0.03696453;0.7867188;0.4509885;-0.08252966;0.0184212;0.1390713
53.85913;53.85913;0.04601015;0.7677626;0.3113176;-0.03651374;0.7861885;0.4503897;-0.08252389;0.0184259;0.1390721
53.89108;53.89108;0.04603521;0.7676871;0.3110611;-0.03648704;0.7861105;0.4501346;-0.08252225;0.0184234;0.1390735
53.92654;53.92654;0.04608533;0.7682484;0.3118706;-0.03643158;0.7866746;0.450946;-0.08251691;0.0184262;0.1390754
53.96006;53.96006;0.04631648;0.7688792;0.312196;-0.03619843;0.7873037;0.4512733;-0.08251491;0.0184245;0.1390773
53.99512;53.99512;0.04654787;0.769081;0.3117604;-0.03597113;0.7874392;0.4508446;-0.082519;0.0183582;0.1390842
54.02582;54.02582;0.0467575;0.7690668;0.3118368;-0.03577109;0.7873948;0.4509174;-0.08252859;0.018328;0.1390806
54.06075;54.06075;0.04632941;0.7686093;0.3118297;-0.0361912;0.7869602;0.4509091;-0.08252061;0.0183509;0.1390794
54.09452;54.09452;0.04672092;0.7679853;0.3108866;-0.03579115;0.7863047;0.4499774;-0.08251207;0.0183194;0.1390908
54.13023;54.13023;0.04689939;0.7675763;0.3104663;-0.03563467;0.7858734;0.4495537;-0.08253406;0.0182971;0.1390874
54.16303;54.16303;0.04594894;0.7671275;0.3116981;-0.03659151;0.785441;0.4507831;-0.08254045;0.0183135;0.139085
54.19554;54.19554;0.04512737;0.7673645;0.3129106;-0.03742272;0.7856774;0.4519925;-0.08255009;0.0183129;0.1390819
54.22427;54.22427;0.04437593;0.7673705;0.3133588;-0.03817079;0.7856857;0.4524419;-0.08254672;0.0183152;0.1390831
54.25809;54.25809;0.04460525;0.7674338;0.3128394;-0.03795109;0.7857483;0.4519193;-0.08255634;0.0183145;0.1390799
54.29328;54.29328;0.04517649;0.767702;0.3118277;-0.03738638;0.7860176;0.4509065;-0.08256287;0.0183156;0.1390788
54.32562;54.32562;0.04597282;0.7678558;0.3115402;-0.03660025;0.7861741;0.4506166;-0.08257307;0.0183183;0.1390764
54.35833;54.35833;0.04618043;0.7674129;0.3113612;-0.03638453;0.7857318;0.4504405;-0.08256496;0.0183189;0.1390793
54.39086;54.39086;0.04565991;0.7672517;0.3112741;-0.03689871;0.785562;0.4503547;-0.08255862;0.0183103;0.1390806
54.41898;54.41898;0.0446521;0.7670613;0.3115506;-0.03790642;0.7853695;0.4506326;-0.08255852;0.0183082;0.139082
54.45099;54.45099;0.04407864;0.7677585;0.312743;-0.03847564;0.7860661;0.4518268;-0.08255428;0.0183076;0.1390838
54.48763;54.48763;0.04421635;0.7676496;0.3129777;-0.03833079;0.7859564;0.4520635;-0.08254714;0.0183068;0.1390858
54.51707;54.51707;0.04428598;0.7680636;0.3123537;-0.03826559;0.7863622;0.4514412;-0.08255157;0.0182986;0.1390875
54.5493;54.5493;0.04494596;0.7686225;0.3113331;-0.03760854;0.7869178;0.4504204;-0.0825545;0.0182953;0.1390873
54.58549;54.58549;0.04556919;0.7689357;0.3111911;-0.03699003;0.7872347;0.4502785;-0.08255922;0.018299;0.1390874
54.61773;54.61773;0.04554212;0.7688975;0.311507;-0.03701602;0.7871874;0.4505967;-0.08255814;0.0182899;0.1390897
54.78403;54.78403;0.04691825;0.7703166;0.3156928;-0.03566428;0.7886006;0.454769;-0.08258253;0.018284;0.1390762
54.87899;54.87899;0.04330819;0.7643486;0.3085867;-0.039328;0.7826084;0.4476404;-0.08263619;0.0182598;0.1390537
54.89921;54.89921;0.04350778;0.763901;0.3079458;-0.03907911;0.7821609;0.4470114;-0.08258689;0.0182599;0.1390656
54.91797;54.91797;0.04389406;0.7632594;0.3069347;-0.03869575;0.7815161;0.4460002;-0.08258981;0.0182567;0.1390655
54.95921;54.95921;0.04458764;0.7640057;0.3075593;-0.03800149;0.7822631;0.4466263;-0.08258913;0.0182574;0.139067
54.98045;54.98045;0.04412036;0.7646443;0.3086904;-0.03846662;0.7828786;0.4477625;-0.08258698;0.0182343;0.1390721
55.00629;55.00629;0.04363915;0.7650552;0.3099035;-0.03895855;0.7832981;0.4489667;-0.0825977;0.0182429;0.1390632
55.03733;55.03733;0.04365378;0.7659888;0.3119352;-0.03892964;0.7842291;0.4510018;-0.08258342;0.0182403;0.1390666
55.0729;55.0729;0.04387742;0.766073;0.3124889;-0.03871388;0.7842975;0.4515573;-0.0825913;0.0182245;0.1390684
55.11293;55.11293;0.04421885;0.7660972;0.3124176;-0.03839385;0.7843192;0.4514748;-0.0826127;0.018222;0.1390572
55.13248;55.13248;0.04454091;0.7659928;0.3123045;-0.03806872;0.7842182;0.451363;-0.08260963;0.0182254;0.1390585
55.16527;55.16527;0.04460938;0.7660944;0.3122093;-0.03799902;0.7843073;0.4512697;-0.0826084;0.0182129;0.1390604
55.19403;55.19403;0.04477299;0.7661332;0.3123746;-0.03784716;0.7843406;0.4514289;-0.08262015;0.0182074;0.1390543
55.21278;55.21278;0.04527739;0.7663418;0.3120717;-0.03733677;0.7845497;0.4511277;-0.08261416;0.0182079;0.139056
55.24696;55.24696;0.0454029;0.7661259;0.3120159;-0.03722125;0.7843194;0.4510696;-0.08262415;0.0181935;0.1390537
55.269;55.269;0.04527086;0.7657082;0.3121556;-0.03734856;0.7839072;0.4512101;-0.08261942;0.018199;0.1390545
55.30213;55.30213;0.04528868;0.7654798;0.3120582;-0.0373345;0.7836721;0.4511104;-0.08262318;0.0181923;0.1390522
55.32317;55.32317;0.04554611;0.7654571;0.3117453;-0.03707317;0.7836498;0.4507985;-0.08261928;0.0181927;0.1390532
55.35086;55.35086;0.04553121;0.7652372;0.3118863;-0.03708188;0.7834318;0.4509405;-0.08261309;0.0181946;0.1390542
55.37924;55.37924;0.04564054;0.7651599;0.3125001;-0.03698304;0.78335;0.4515529;-0.08262358;0.0181901;0.1390528
55.40615;55.40615;0.04569473;0.7651978;0.3130105;-0.03694768;0.7833786;0.4520558;-0.08264241;0.0181808;0.1390453
55.431;55.431;0.04561208;0.7653375;0.3130802;-0.03702436;0.7835155;0.4521274;-0.08263644;0.018178;0.1390472
55.44643;55.44643;0.04505207;0.7655032;0.3134315;-0.03758713;0.7836924;0.4524781;-0.0826392;0.0181892;0.1390466
55.49284;55.49284;0.04469215;0.7654843;0.3136204;-0.03796773;0.7836518;0.452661;-0.08265988;0.0181675;0.1390406
55.52094;55.52094;0.04450539;0.7654034;0.3137218;-0.03817184;0.7835667;0.4527563;-0.08267723;0.0181633;0.1390345
55.54501;55.54501;0.04449997;0.7654032;0.3135895;-0.03817092;0.7835768;0.4526258;-0.08267089;0.0181736;0.1390363
55.56903;55.56903;0.04471768;0.7654018;0.313299;-0.03798009;0.7835627;0.452327;-0.08269777;0.0181609;0.139028
55.59297;55.59297;0.0449872;0.765452;0.3131097;-0.03770699;0.7836124;0.4521387;-0.08269419;0.0181604;0.139029
55.61679;55.61679;0.04524241;0.7657369;0.3130754;-0.03745141;0.7838956;0.452105;-0.08269382;0.0181587;0.1390296
55.64437;55.64437;0.04524744;0.7660209;0.3130073;-0.03746888;0.7841876;0.4520229;-0.08271632;0.0181667;0.1390156
55.66908;55.66908;0.04528826;0.7661554;0.3130234;-0.03741838;0.7843192;0.4520423;-0.08270664;0.0181638;0.1390189
55.6919;55.6919;0.04525204;0.7661887;0.3132854;-0.0374548;0.7843292;0.452308;-0.08270684;0.0181405;0.1390226
55.71685;55.71685;0.04494927;0.7658362;0.3133984;-0.03777573;0.783987;0.4524109;-0.082725;0.0181508;0.1390125
55.74156;55.74156;0.04483761;0.7656062;0.3132312;-0.0378864;0.7837623;0.4522405;-0.08272401;0.0181561;0.1390093
55.77075;55.77075;0.04492751;0.7656906;0.3132553;-0.03781392;0.7838439;0.4522572;-0.08274143;0.0181533;0.1390019
55.79145;55.79145;0.04508364;0.7658134;0.3134057;-0.03765027;0.783963;0.4524096;-0.08273391;0.0181496;0.1390039
55.81596;55.81596;0.04525787;0.7658959;0.3134563;-0.03748735;0.7840551;0.452452;-0.08274522;0.0181592;0.1389957
55.84024;55.84024;0.04547961;0.7659816;0.313461;-0.03729445;0.784129;0.4524432;-0.08277406;0.0181474;0.1389822
55.86534;55.86534;0.04539074;0.7658802;0.3134214;-0.03737655;0.7840342;0.452405;-0.08276729;0.018154;0.1389836
55.89165;55.89165;0.04525379;0.7656958;0.313159;-0.03752039;0.7838457;0.452143;-0.08277418;0.0181499;0.138984
55.92525;55.92525;0.04538622;0.7656208;0.3130539;-0.03738946;0.7837754;0.4520375;-0.08277568;0.0181546;0.1389836
55.94801;55.94801;0.04555967;0.7655267;0.3128201;-0.0372193;0.7836798;0.4518029;-0.08277897;0.0181531;0.1389828
55.973;55.973;0.04548193;0.7653589;0.3126799;-0.03731242;0.7835042;0.4516559;-0.08279435;0.0181453;0.138976
55.99482;55.99482;0.04549721;0.7651919;0.3127866;-0.03728886;0.7833194;0.4517682;-0.08278607;0.0181275;0.1389816
56.02217;56.02217;0.04560599;0.7649614;0.3129779;-0.03718834;0.7830985;0.4519579;-0.08279433;0.0181371;0.13898
56.04274;56.04274;0.04540622;0.7647184;0.3132065;-0.03739423;0.7828521;0.4521815;-0.08280045;0.0181337;0.138975
56.067;56.067;0.04539193;0.7647054;0.3132785;-0.03741375;0.7828384;0.4522538;-0.08280568;0.018133;0.1389753
56.09072;56.09072;0.04547327;0.7646941;0.3134311;-0.03734289;0.7828248;0.4523983;-0.08281616;0.0181307;0.1389672
56.11385;56.11385;0.0454721;0.7647502;0.3135233;-0.03734177;0.7828821;0.4524928;-0.08281387;0.0181319;0.1389695
56.15251;56.15251;0.04546983;0.7650817;0.3138342;-0.03734146;0.7832159;0.4528033;-0.08281129;0.0181342;0.1389691
56.17599;56.17599;0.04505296;0.7653697;0.3137545;-0.03776181;0.7834995;0.452723;-0.08281477;0.0181298;0.1389685
56.20228;56.20228;0.04484595;0.7655443;0.3136051;-0.03797327;0.7836749;0.4525731;-0.08281922;0.0181306;0.138968
56.22542;56.22542;0.04503826;0.7658386;0.3134072;-0.03778125;0.7839688;0.4523759;-0.08281951;0.0181302;0.1389687
56.2488;56.2488;0.04523662;0.7659861;0.31318;-0.03758538;0.7841135;0.4521486;-0.082822;0.0181274;0.1389686
56.27258;56.27258;0.0455241;0.7658964;0.3128727;-0.037301;0.7840269;0.4518394;-0.0828251;0.0181305;0.1389667
56.3012;56.3012;0.04580672;0.7656268;0.3127379;-0.03701851;0.7837567;0.4517053;-0.08282523;0.0181299;0.1389674
56.326;56.326;0.04601534;0.7653165;0.3126523;-0.03680901;0.7834436;0.4516203;-0.08282435;0.0181271;0.138968
56.35262;56.35262;0.04611175;0.7652673;0.312491;-0.03671573;0.7833962;0.4514587;-0.08282748;0.0181289;0.1389677
56.3727;56.3727;0.04611888;0.7652574;0.3123399;-0.03672881;0.7833925;0.4512947;-0.08284769;0.0181351;0.1389548
56.39663;56.39663;0.0461328;0.7649959;0.3124025;-0.03673127;0.7831262;0.4513459;-0.08286407;0.0181303;0.1389434
56.42411;56.42411;0.04606847;0.7645347;0.3121336;-0.0368007;0.7826645;0.4510713;-0.08286917;0.0181298;0.1389377
56.44841;56.44841;0.04622342;0.7641006;0.3119615;-0.03664042;0.782232;0.4509009;-0.08286384;0.0181314;0.1389394
56.47036;56.47036;0.04665884;0.7637841;0.3120404;-0.03620225;0.781926;0.45098;-0.08286109;0.0181419;0.1389396
56.49468;56.49468;0.04703735;0.7640517;0.3121267;-0.03584953;0.7822056;0.4510494;-0.08288688;0.0181539;0.1389227
56.51758;56.51758;0.04730104;0.7647865;0.3121016;-0.03558819;0.782931;0.4510193;-0.08288923;0.0181445;0.1389177
56.54429;56.54429;0.04686454;0.7651719;0.3126965;-0.03602228;0.7833182;0.4516156;-0.08288682;0.0181463;0.1389191
56.57187;56.57187;0.04606061;0.7651871;0.3131903;-0.0368267;0.7833345;0.4521095;-0.08288731;0.0181474;0.1389192
56.59357;56.59357;0.04532072;0.7652098;0.3136325;-0.03756222;0.783383;0.4525489;-0.08288294;0.0181732;0.1389164
56.61669;56.61669;0.04477917;0.7652496;0.3139758;-0.03812813;0.7834133;0.4528797;-0.0829073;0.0181637;0.1389039
56.64241;56.64241;0.04479134;0.7650235;0.3139086;-0.0381061;0.7831882;0.4528152;-0.08289744;0.0181647;0.1389066
56.66659;56.66659;0.04494794;0.764751;0.3135872;-0.0379514;0.7829135;0.4524931;-0.08289934;0.0181625;0.1389059
56.69188;56.69188;0.04512246;0.7648425;0.3132375;-0.03777689;0.7830051;0.4521434;-0.08289935;0.0181626;0.1389059
56.71405;56.71405;0.04525265;0.7648447;0.3131679;-0.03766427;0.7830264;0.4520627;-0.08291692;0.0181817;0.1388948
56.73711;56.73711;0.04529994;0.7647712;0.3131636;-0.0376064;0.7829467;0.4520615;-0.08290634;0.0181755;0.1388979
56.76012;56.76012;0.04546186;0.7649168;0.3132563;-0.0374433;0.7830899;0.4521539;-0.08290516;0.0181731;0.1388976
56.78288;56.78288;0.0455842;0.7650045;0.3133467;-0.03732147;0.7831787;0.4522444;-0.08290567;0.0181742;0.1388977
56.80756;56.80756;0.04570942;0.7650411;0.3133203;-0.03720466;0.7832142;0.452213;-0.08291408;0.0181731;0.1388927
56.82977;56.82977;0.04589807;0.7650198;0.3132624;-0.03701211;0.7831935;0.4521561;-0.08291018;0.0181737;0.1388937
56.86287;56.86287;0.0460602;0.7650576;0.313288;-0.03686041;0.7832289;0.4521737;-0.08292061;0.0181713;0.1388857
56.88733;56.88733;0.04608923;0.7650656;0.3133726;-0.03683591;0.783235;0.4522518;-0.08292514;0.0181694;0.1388792
56.91021;56.91021;0.04616493;0.7650598;0.3133174;-0.0367578;0.7832311;0.4521981;-0.08292273;0.0181713;0.1388807
56.94123;56.94123;0.04619585;0.7651448;0.3129478;-0.03673562;0.7833135;0.451823;-0.08293147;0.0181687;0.1388752
56.96504;56.96504;0.04606312;0.7650853;0.3125179;-0.03685816;0.7832636;0.4513944;-0.08292128;0.0181783;0.1388765
56.99157;56.99157;0.0457577;0.7653011;0.3122212;-0.03720505;0.7834749;0.4510757;-0.08296275;0.0181738;0.1388545
57.01769;57.01769;0.04579049;0.7653158;0.3124146;-0.03715615;0.7834882;0.4512729;-0.08294664;0.0181724;0.1388583
57.03842;57.03842;0.04548442;0.7651906;0.3128082;-0.03746337;0.7833654;0.4516668;-0.08294779;0.0181748;0.1388586
57.06187;57.06187;0.04503302;0.7648567;0.3131463;-0.03791273;0.7830297;0.4520048;-0.08294575;0.018173;0.1388585
57.08746;57.08746;0.0450983;0.7647396;0.3131721;-0.03787151;0.7829243;0.4520135;-0.08296981;0.0181847;0.1388414
57.10806;57.10806;0.04535134;0.7648822;0.3132173;-0.03760793;0.7830607;0.4520622;-0.08295927;0.0181785;0.1388449
57.13377;57.13377;0.04529109;0.7649345;0.3135442;-0.03766818;0.7831131;0.4523891;-0.08295927;0.0181786;0.1388449
57.15633;57.15633;0.04537669;0.7650625;0.3138535;-0.0375942;0.783241;0.4526907;-0.08297089;0.0181785;0.1388372
57.19267;57.19267;0.04576164;0.7655404;0.3142409;-0.0372057;0.7837372;0.4530765;-0.08296734;0.0181968;0.1388356
57.21369;57.21369;0.04586191;0.7659401;0.3142713;-0.03710436;0.7841315;0.4531082;-0.08296627;0.0181914;0.1388369
57.23376;57.23376;0.04591761;0.7661108;0.313662;-0.03704751;0.7842999;0.4524986;-0.08296512;0.0181891;0.1388366
57.26464;57.26464;0.04641734;0.7658478;0.312785;-0.03654602;0.7840391;0.4516223;-0.08296336;0.0181913;0.1388373
57.29577;57.29577;0.04654685;0.7654173;0.3123827;-0.03641996;0.7836072;0.4512192;-0.08296681;0.0181899;0.1388365
57.31381;57.31381;0.0462466;0.7648171;0.3123316;-0.03674349;0.7830044;0.4511546;-0.08299009;0.0181873;0.138823
57.33936;57.33936;0.04553983;0.7646921;0.3129699;-0.03746517;0.7829011;0.4517776;-0.083005;0.018209;0.1388077
57.36241;57.36241;0.04443602;0.76504;0.3140626;-0.03857696;0.7832395;0.452865;-0.08301298;0.0181995;0.1388024
57.38736;57.38736;0.04360969;0.76569;0.3145546;-0.03945418;0.7839522;0.4533137;-0.08306387;0.0182622;0.1387591
57.40909;57.40909;0.04349415;0.7659365;0.314382;-0.03957814;0.7843077;0.45311;-0.08307229;0.0183712;0.138728
57.43545;57.43545;0.04398892;0.7659401;0.3136331;-0.03908459;0.7845008;0.4523246;-0.08307351;0.0185607;0.1386915
57.4604;57.4604;0.04491632;0.7655447;0.3130568;-0.03814774;0.7840457;0.4517558;-0.08306406;0.018501;0.138699
57.48393;57.48393;0.04591533;0.7652334;0.3123245;-0.03715955;0.7837269;0.4510207;-0.08307488;0.0184935;0.1386962
57.50956;57.50956;0.04678115;0.7646974;0.3120327;-0.03628559;0.7831865;0.4507316;-0.08306674;0.0184891;0.1386989
57.53327;57.53327;0.04688726;0.7643651;0.3119243;-0.03617872;0.7828536;0.4506223;-0.08306598;0.0184885;0.138698
57.55646;57.55646;0.04653368;0.7639268;0.3123792;-0.03653073;0.7824146;0.4510773;-0.08306441;0.0184878;0.1386981
57.58193;57.58193;0.04628263;0.7637882;0.3127984;-0.03677904;0.7822759;0.4514961;-0.08306167;0.0184877;0.1386977
57.60508;57.60508;0.04584597;0.7639673;0.3131262;-0.03721531;0.7824566;0.4518243;-0.08306128;0.0184893;0.1386981
57.62845;57.62845;0.04526829;0.7641445;0.3137242;-0.0377865;0.782633;0.4524254;-0.08305479;0.0184885;0.1387012
57.65274;57.65274;0.04487935;0.7646216;0.3138797;-0.03817059;0.7831167;0.4525801;-0.08304994;0.0184951;0.1387004
57.67394;57.67394;0.04470576;0.764993;0.3138204;-0.03833693;0.7834849;0.452525;-0.08304269;0.0184919;0.1387046
57.69678;57.69678;0.04490254;0.7654387;0.313275;-0.03813695;0.783931;0.4519792;-0.08303949;0.0184923;0.1387042
57.72799;57.72799;0.04513253;0.7659595;0.3128468;-0.03790301;0.7844293;0.4515553;-0.08303554;0.0184698;0.1387085
57.74892;57.74892;0.04519017;0.7662337;0.3129364;-0.03786964;0.7846486;0.4516391;-0.08305981;0.0184149;0.1387027
57.77076;57.77076;0.0452527;0.7663985;0.3132274;-0.0378003;0.7848355;0.4519304;-0.083053;0.018437;0.138703
57.79295;57.79295;0.04515756;0.7663647;0.3134551;-0.03789144;0.7848049;0.4521586;-0.083049;0.0184402;0.1387035
57.81601;57.81601;0.04527825;0.7661457;0.3133498;-0.03776738;0.7845882;0.4520545;-0.08304563;0.0184425;0.1387047
57.83847;57.83847;0.04560813;0.7659513;0.3127945;-0.03744136;0.7843926;0.4514982;-0.08304949;0.0184413;0.1387037
57.86369;57.86369;0.0460288;0.7654243;0.3122853;-0.03702185;0.783868;0.4509893;-0.08305065;0.0184437;0.138704
57.88663;57.88663;0.04630287;0.7647179;0.311957;-0.03675099;0.7831577;0.4506595;-0.08305386;0.0184398;0.1387025
57.91484;57.91484;0.04624953;0.7641227;0.3119141;-0.03680291;0.7825171;0.4506238;-0.08305244;0.0183944;0.1387097
57.93842;57.93842;0.0463607;0.7636755;0.3121749;-0.03671402;0.7819977;0.4508815;-0.08307472;0.0183222;0.1387066
57.95953;57.95953;0.04655517;0.7634541;0.3124867;-0.0365277;0.7817923;0.4511868;-0.08308287;0.0183382;0.1387001
57.98502;57.98502;0.04635463;0.7632762;0.3130412;-0.03672451;0.7816093;0.4517416;-0.08307914;0.0183331;0.1387004
58.01109;58.01109;0.0457734;0.7633584;0.3136179;-0.03731249;0.7816488;0.4523197;-0.08308589;0.0182904;0.1387018
58.03336;58.03336;0.04545585;0.7638557;0.3136566;-0.0376295;0.782147;0.4523605;-0.08308535;0.0182913;0.1387039
58.05849;58.05849;0.04543579;0.7643437;0.3133793;-0.03764907;0.7826397;0.4520822;-0.08308486;0.018296;0.1387029
58.0814;58.0814;0.0454221;0.7648929;0.3131024;-0.03766276;0.7831889;0.4518052;-0.08308486;0.018296;0.1387028
58.10633;58.10633;0.04535905;0.7652392;0.3129616;-0.0377263;0.7835363;0.4516646;-0.08308535;0.0182971;0.138703
58.13017;58.13017;0.04533571;0.7654598;0.3129162;-0.03774992;0.7837565;0.45162;-0.08308563;0.0182967;0.1387038
58.1497;58.1497;0.04516139;0.7654405;0.3127295;-0.03792466;0.7837452;0.4514308;-0.08308605;0.0183047;0.1387013
58.17243;58.17243;0.04524255;0.7654636;0.3125901;-0.0378419;0.7837704;0.4512913;-0.08308445;0.0183068;0.1387012
58.1993;58.1993;0.04546019;0.7654854;0.312507;-0.03762311;0.7837899;0.451208;-0.0830833;0.0183045;0.138701
58.21797;58.21797;0.04629219;0.7654425;0.3123654;-0.03679422;0.7837488;0.4510661;-0.08308641;0.0183063;0.1387007
58.24788;58.24788;0.04654484;0.7653778;0.31248;-0.03657432;0.783655;0.4511709;-0.08311916;0.0182772;0.1386909
58.27247;58.27247;0.04647442;0.765336;0.3125975;-0.03667106;0.7835777;0.4512782;-0.08314548;0.0182417;0.1386807
58.29529;58.29529;0.0463171;0.7652197;0.3126268;-0.03681739;0.7834808;0.4513092;-0.08313449;0.0182611;0.1386824
58.31778;58.31778;0.04624114;0.7649199;0.3126997;-0.03689646;0.7831841;0.4513802;-0.0831376;0.0182642;0.1386805
58.34231;58.34231;0.04631838;0.7646037;0.3128632;-0.03681692;0.782866;0.451545;-0.0831353;0.0182623;0.1386818
58.36863;58.36863;0.04633865;0.7644305;0.3130446;-0.03679658;0.7826962;0.451724;-0.08313523;0.0182657;0.1386794
58.39301;58.39301;0.04631452;0.7643535;0.3132153;-0.03682072;0.7826192;0.4518948;-0.08313524;0.0182657;0.1386795
58.41649;58.41649;0.04619089;0.7643511;0.3134825;-0.03695017;0.7826152;0.4521603;-0.08314106;0.0182641;0.1386778
58.44018;58.44018;0.04606681;0.7643507;0.3136187;-0.03707591;0.7826183;0.452297;-0.08314272;0.0182676;0.1386783
58.4657;58.4657;0.04615082;0.7645577;0.3131552;-0.03699189;0.7828253;0.4518334;-0.08314271;0.0182676;0.1386782
58.48501;58.48501;0.04642003;0.7647359;0.3124898;-0.03675646;0.7830031;0.4511508;-0.08317649;0.0182672;0.138661
58.51199;58.51199;0.04630304;0.7644198;0.3123989;-0.03686824;0.7826598;0.4510646;-0.08317128;0.01824;0.1386657
58.53791;58.53791;0.04605832;0.7642455;0.3125157;-0.03711494;0.7825012;0.4511795;-0.08317326;0.0182557;0.1386638
58.56019;58.56019;0.04599346;0.7642305;0.312707;-0.0371793;0.7824851;0.4513707;-0.08317276;0.0182546;0.1386637
58.58167;58.58167;0.04570447;0.7641133;0.3132498;-0.03746829;0.7823679;0.4519134;-0.08317276;0.0182546;0.1386636
58.60491;58.60491;0.04553115;0.7641801;0.3139801;-0.03763853;0.7824378;0.4526439;-0.08316968;0.0182577;0.1386638
58.62804;58.62804;0.04568298;0.7645981;0.3141865;-0.03748707;0.7828576;0.4528497;-0.08317005;0.0182595;0.1386632
58.65201;58.65201;0.04586292;0.7650254;0.3139042;-0.03731082;0.783285;0.4525653;-0.08317374;0.0182596;0.1386611
58.67323;58.67323;0.04589267;0.7653736;0.3132585;-0.03729832;0.7836277;0.4519122;-0.08319099;0.0182541;0.1386537
58.70072;58.70072;0.04585549;0.7652321;0.3125955;-0.03732997;0.7834851;0.4512525;-0.08318546;0.018253;0.138657
58.72572;58.72572;0.04583225;0.7649919;0.3122437;-0.03736763;0.7832678;0.4508872;-0.08319988;0.0182759;0.1386435
58.74984;58.74984;0.04583497;0.7647356;0.312251;-0.03735299;0.7830037;0.4508985;-0.08318796;0.0182681;0.1386475
58.77286;58.77286;0.04589786;0.7646606;0.3128448;-0.03728504;0.7829309;0.4514929;-0.0831829;0.0182703;0.1386481
58.79488;58.79488;0.04595049;0.7648003;0.3132849;-0.03722923;0.783063;0.4519328;-0.08317972;0.0182627;0.1386479
58.81789;58.81789;0.04574122;0.765142;0.3134385;-0.03744324;0.7834064;0.4520849;-0.08318446;0.0182644;0.1386464
58.84079;58.84079;0.04554271;0.7654214;0.313388;-0.03764175;0.7836859;0.4520344;-0.08318446;0.0182645;0.1386464
58.86662;58.86662;0.04536984;0.7659079;0.3134749;-0.03781532;0.7841765;0.4521199;-0.08318516;0.0182686;0.138645
58.89244;58.89244;0.04536562;0.7661041;0.3135115;-0.03782795;0.7843853;0.4521478;-0.08319357;0.0182812;0.1386363
58.91621;58.91621;0.04556591;0.7659504;0.3133288;-0.03764106;0.7842317;0.4519539;-0.08320697;0.0182813;0.1386251
58.94988;58.94988;0.04582454;0.7655689;0.3127577;-0.03739376;0.7838968;0.4513593;-0.0832183;0.0183279;0.1386016
58.96434;58.96434;0.0461041;0.7653023;0.3123388;-0.03712513;0.7836744;0.4509189;-0.08322923;0.0183721;0.1385801
58.986;58.986;0.04627041;0.7651279;0.3121592;-0.03693819;0.7834811;0.4507473;-0.0832086;0.0183532;0.1385881
59.01265;59.01265;0.04634178;0.7650886;0.3122756;-0.03689365;0.7834631;0.450846;-0.08323543;0.0183745;0.1385704
59.03805;59.03805;0.04637123;0.7652311;0.3123043;-0.03686324;0.7836109;0.4508689;-0.08323447;0.0183798;0.1385646
59.05977;59.05977;0.04668443;0.7653578;0.3122948;-0.03654559;0.7837408;0.4508615;-0.08323002;0.018383;0.1385667
59.08368;59.08368;0.04634278;0.7655543;0.3120682;-0.03688778;0.7839352;0.4506349;-0.08323056;0.0183809;0.1385667
59.10737;59.10737;0.04601343;0.7653759;0.3122185;-0.03724238;0.7838452;0.450754;-0.08325581;0.0184693;0.1385355
59.13898;0.0316096;0.04588066;0.7651502;0.3124057;-0.03737805;0.7836239;0.4509311;-0.08325871;0.0184737;0.1385254
59.15419;0.0468248;0.04567384;0.7649847;0.3128608;-0.03758918;0.7835497;0.4513691;-0.08326302;0.018565;0.1385083
59.18618;0.0788064;0.04481937;0.7650391;0.3136329;-0.03845154;0.7836064;0.4521329;-0.08327091;0.0185673;0.1385
59.20554;0.0981732;0.04433504;0.7650253;0.3139879;-0.038974;0.7837483;0.4524395;-0.08330904;0.018723;0.1384516
59.22943;0.1220616;0.04425802;0.7650286;0.3138597;-0.03903129;0.7838013;0.4523035;-0.08328931;0.0187727;0.1384438
59.25477;0.1474038;0.04478621;0.7653448;0.3133567;-0.03853184;0.7843678;0.4517472;-0.08331805;0.019023;0.1383905
59.27403;0.1666639;0.04513195;0.7657118;0.312965;-0.0381764;0.7846616;0.451364;-0.08330835;0.0189498;0.138399
59.29935;0.1919821;0.04535004;0.7660153;0.3129933;-0.03797179;0.7850689;0.4513689;-0.08332183;0.0190536;0.1383756
59.32463;0.2172581;0.04530064;0.7662629;0.3131772;-0.03802214;0.7853572;0.4515391;-0.08332278;0.0190943;0.1383619
59.34667;0.2393021;0.04509958;0.7664281;0.3133945;-0.03820672;0.78549;0.4517611;-0.0833063;0.0190619;0.1383666
59.36755;0.2601831;0.04469692;0.7663645;0.3132058;-0.03859144;0.7854626;0.4515672;-0.08328836;0.0190981;0.1383614
59.39311;0.2857398;0.04472643;0.7661112;0.3131208;-0.03855715;0.7851967;0.451483;-0.08328358;0.0190855;0.1383622
59.41732;0.3099443;0.04538365;0.76615;0.313107;-0.03799499;0.7854039;0.4513862;-0.08337864;0.0192539;0.1382792
59.43883;0.331461;0.04618962;0.7663193;0.3127412;-0.0372472;0.7856354;0.4509539;-0.08343682;0.0193161;0.1382127
59.46138;0.3540072;0.04687392;0.7663821;0.3128003;-0.03687144;0.78597;0.4507647;-0.08374536;0.0195879;0.1379644
59.48881;0.3814433;0.04711093;0.7664018;0.3131193;-0.03664412;0.7860224;0.4510095;-0.08375505;0.0196206;0.1378902
59.51366;0.4062948;0.04768238;0.7662899;0.3133349;-0.03637432;0.7863513;0.4509475;-0.0840567;0.0200614;0.1376126
59.53759;0.4302199;0.04876991;0.7660855;0.3135957;-0.03614378;0.7859874;0.4506513;-0.08491369;0.0199019;0.1370556
59.5659;0.4585308;0.04970032;0.7661692;0.3141291;-0.03586777;0.7856526;0.4507122;-0.08556809;0.0194834;0.1365831
59.58364;0.4762719;0.05047725;0.7666845;0.3149025;-0.03586505;0.7859053;0.4509533;-0.0863423;0.0192208;0.1360508
59.60636;0.4989848;0.05239456;0.7673038;0.3153445;-0.03643313;0.7852069;0.4499468;-0.08882769;0.0179031;0.1346023
59.63044;0.5230629;0.05489811;0.7682749;0.3156396;-0.03483674;0.7858335;0.4495296;-0.08973485;0.0175586;0.13389
59.65548;0.5481104;0.05731645;0.7693698;0.3171515;-0.0375566;0.7851206;0.4481339;-0.09487305;0.0157508;0.1309824
59.68189;0.5745212;0.05987993;0.7695174;0.3186712;-0.03690717;0.7850171;0.4482565;-0.0967871;0.0154997;0.1295853
59.70211;0.5947362;0.06392109;0.7694322;0.3197426;-0.03965969;0.7830783;0.4448748;-0.10358078;0.0136461;0.1251322
59.72792;0.6205505;0.06826854;0.7695159;0.319519;-0.03717389;0.782928;0.4428875;-0.10544243;0.0134121;0.1233685
59.74781;0.6404455;0.07427366;0.7702711;0.321053;-0.03430191;0.7826812;0.4419648;-0.10857557;0.0124101;0.1209118
59.77142;0.6640452;0.08061342;0.7727732;0.3235701;-0.03632125;0.7811191;0.4375269;-0.11693467;0.0083459;0.1139568
59.79542;0.6880527;0.08993669;0.7758165;0.3288245;-0.02892069;0.7834709;0.4404427;-0.11885738;0.0076544;0.1116182
59.82141;0.7140442;0.09771457;0.7776742;0.3341098;-0.03047518;0.7799522;0.4359863;-0.12818975;0.002278;0.1018765
59.84836;0.7409862;0.1046769;0.7800978;0.3399625;-0.02503417;0.7820578;0.4392304;-0.12971107;0.00196;0.0992679
59.86938;0.7620033;0.1114754;0.7831373;0.3453506;-0.02609642;0.7818794;0.434465;-0.13757182;-0.0012579;0.0891144
59.89392;0.7865489;0.1169575;0.7853795;0.3511816;-0.02146032;0.7841871;0.4383177;-0.13841782;-0.0011924;0.0871361
59.91651;0.8091377;0.1204769;0.7869325;0.3561868;-0.01818252;0.7860608;0.4430733;-0.13865942;-0.0008717;0.0868865
59.93953;0.8321539;0.1239793;0.7894945;0.3611144;-0.02125944;0.7850451;0.4377685;-0.14523874;-0.0044494;0.0766541
59.96672;0.8593497;0.1268921;0.7916283;0.3656878;-0.02053419;0.7878022;0.436833;-0.14742629;-0.0038261;0.0711452
59.99033;0.8829535;0.1296648;0.7947331;0.370246;-0.01975802;0.7915909;0.436614;-0.14942282;-0.0031422;0.066368
60.01416;0.9067883;0.1315295;0.7974123;0.3746784;-0.01882815;0.7937493;0.4382312;-0.15035765;-0.003663;0.0635528
60.03885;0.9314772;0.1324529;0.7997117;0.3792466;-0.02049552;0.7937833;0.4366817;-0.15294842;-0.0059284;0.0574351
60.06243;0.9550555;0.132703;0.8010741;0.3825017;-0.01964407;0.7961906;0.4408323;-0.15234707;-0.0048835;0.0583306
60.07731;0.9699332;0.1318193;0.8026728;0.3880267;-0.02052779;0.7977893;0.4463572;-0.15234709;-0.0048835;0.0583305
60.10537;0.9979932;0.1310768;0.8043117;0.391756;-0.02642398;0.7984086;0.4365211;-0.15750078;-0.0059031;0.0447651
60.13081;1.023436;0.1311957;0.8070093;0.3963922;-0.02417983;0.8018106;0.4448846;-0.15537553;-0.0051987;0.0484924
60.15506;1.04768;0.1326406;0.8106661;0.3984404;-0.0253059;0.8035965;0.4395683;-0.1579465;-0.0070696;0.0411279
60.1808;1.073425;0.1333818;0.8149436;0.4003617;-0.02351357;0.8082242;0.443419;-0.15689537;-0.0067194;0.0430573
60.20482;1.097441;0.1341962;0.8168263;0.4011355;-0.02480453;0.8083337;0.4374632;-0.15900073;-0.0084926;0.0363277
60.2266;1.119224;0.1343166;0.8178586;0.4042525;-0.02432938;0.8100486;0.4405282;-0.15864598;-0.00781;0.0362757
60.24889;1.141518;0.1342436;0.8201413;0.4085293;-0.02485569;0.8127947;0.4431938;-0.15909929;-0.0073466;0.0346645
60.27114;1.163767;0.1325904;0.8224241;0.4118173;-0.02725105;0.8144501;0.443293;-0.15984145;-0.007974;0.0314757
60.29503;1.187655;0.1289967;0.8214965;0.4191748;-0.03078388;0.812378;0.4500706;-0.15978058;-0.0091185;0.0308958
60.32354;1.216171;0.1262328;0.8205026;0.4239962;-0.03422579;0.8098113;0.4513075;-0.16045859;-0.0106913;0.0273113
60.34776;1.240388;0.1225207;0.8177727;0.4288352;-0.03794616;0.8069852;0.4552102;-0.16046686;-0.0107875;0.026375
60.38314;1.27577;0.1172815;0.8155904;0.4310052;-0.04388654;0.8041338;0.4533626;-0.16116804;-0.0114566;0.0223574
60.40986;1.302487;0.113711;0.8143342;0.4325108;-0.04781728;0.8012702;0.451094;-0.16152828;-0.013064;0.0185832
60.43012;1.322746;0.1104208;0.812149;0.4343991;-0.05101539;0.7987398;0.4517908;-0.16143619;-0.0134092;0.0173917
60.45896;1.351587;0.1101183;0.8116393;0.4363207;-0.0520857;0.7973873;0.4472169;-0.162204;-0.014252;0.0108962
60.48447;1.377098;0.1108225;0.8124353;0.438388;-0.05155462;0.7999781;0.4458113;-0.16237712;-0.0124572;0.0074233
60.51164;1.404269;0.1102803;0.8140433;0.4424453;-0.05192917;0.8020605;0.4496124;-0.16220947;-0.0119828;0.0071671
60.53677;1.429392;0.1094472;0.8135555;0.4441664;-0.05281277;0.8025981;0.4501522;-0.16225997;-0.0109574;0.0059858
60.55989;1.452519;0.1083308;0.8122002;0.4433461;-0.05393905;0.8016845;0.4484273;-0.16226985;-0.0105157;0.0050812
60.58458;1.477209;0.103878;0.8147938;0.4483077;-0.05859506;0.8062826;0.4508887;-0.16247306;-0.0085112;0.002581
60.61527;1.507895;0.1019018;0.8176271;0.4545305;-0.06057468;0.8103449;0.4561381;-0.16247648;-0.0072822;0.0016076
60.63908;1.531703;0.101448;0.8202541;0.4574795;-0.06122388;0.8139586;0.4556876;-0.16267188;-0.0062955;-0.0017919
60.66454;1.557165;0.1008471;0.8218666;0.4577116;-0.06175517;0.8155124;0.4538071;-0.16260227;-0.0063542;-0.0039045
60.69217;1.58479;0.09897493;0.821634;0.4590273;-0.06362346;0.8167413;0.4504811;-0.16259839;-0.0048927;-0.0085462
60.71713;1.609753;0.09357323;0.8169346;0.4591309;-0.06879028;0.8117316;0.4480329;-0.16236351;-0.005203;-0.011098
60.74279;1.635411;0.0888195;0.8126199;0.4549932;-0.0732865;0.8060685;0.4380985;-0.162106;-0.0065514;-0.0168947
60.77186;1.664485;0.0858034;0.8112058;0.4542929;-0.07571164;0.8059974;0.433167;-0.16151504;-0.0052084;-0.0211259
60.79573;1.688356;0.08385904;0.8105498;0.4529727;-0.07736522;0.8059387;0.4306253;-0.16122426;-0.0046111;-0.0223474
60.82144;1.71406;0.08241545;0.8094887;0.4502305;-0.0782174;0.8056943;0.4228873;-0.16063285;-0.0037944;-0.0273432
60.84933;1.741958;0.08244397;0.8056233;0.4484904;-0.07791096;0.801882;0.4204803;-0.16035493;-0.0037413;-0.0280101
60.87308;1.765705;0.08138514;0.8028445;0.4475104;-0.07833758;0.7996165;0.4155518;-0.15972272;-0.003228;-0.0319586
60.90404;1.796661;0.0794693;0.8015887;0.4457801;-0.07959943;0.7992903;0.4114323;-0.15906873;-0.0022984;-0.0343478
60.93036;1.822985;0.07710524;0.8023523;0.4416339;-0.08171338;0.8001936;0.4073175;-0.15881862;-0.0021587;-0.0343164
60.95853;1.851151;0.07428992;0.8017727;0.4376786;-0.08390677;0.7991066;0.4006068;-0.15819669;-0.0026661;-0.0370718
60.98477;1.877393;0.07183652;0.8009775;0.4352185;-0.08580497;0.797619;0.3961974;-0.15764149;-0.0033585;-0.0390211
61.01278;1.905399;0.07080592;0.8011912;0.4346053;-0.08667774;0.7975994;0.3956251;-0.15748366;-0.0035918;-0.0389802
61.03929;1.931911;0.06936046;0.8013099;0.4350441;-0.08807183;0.797653;0.3947223;-0.15743229;-0.0036569;-0.0403218
61.0639;1.956524;0.06852487;0.8023755;0.4361252;-0.08872563;0.7992607;0.3951097;-0.1572505;-0.0031148;-0.0410155
61.0943;1.986926;0.06816217;0.8019423;0.4369924;-0.08903697;0.7993912;0.3954196;-0.15719914;-0.0025511;-0.0415728
61.11757;2.010191;0.0669557;0.7999847;0.4385263;-0.09045608;0.7954634;0.3974564;-0.15741178;-0.0045213;-0.0410699
61.14606;2.038686;0.06483178;0.7994102;0.4386516;-0.09258267;0.7946664;0.3977474;-0.15741445;-0.0047438;-0.0409042
61.17303;2.065657;0.06391837;0.8001083;0.4388329;-0.09344769;0.7947122;0.3976622;-0.15736606;-0.0053961;-0.0411707
61.1996;2.092217;0.06346027;0.8015928;0.440939;-0.09383915;0.7961776;0.3995774;-0.15729942;-0.0054152;-0.0413616
61.23029;2.12291;0.06458557;0.8021817;0.4420603;-0.09256911;0.796334;0.4004428;-0.15715468;-0.0058477;-0.0416175
61.25479;2.147407;0.06519814;0.8018428;0.4426819;-0.09187536;0.7958544;0.4009976;-0.1570735;-0.0059884;-0.0416843
61.28356;2.176182;0.06572175;0.8022193;0.4428078;-0.09135143;0.7962285;0.401193;-0.15707318;-0.0059908;-0.0416148
61.30804;2.200666;0.06563852;0.8030158;0.4425863;-0.09143633;0.7968845;0.4005916;-0.15707485;-0.0061313;-0.0419947
61.33185;2.224472;0.06457266;0.8051872;0.4415275;-0.09245987;0.7989538;0.3989013;-0.15703253;-0.0062334;-0.0426262
61.36422;2.256838;0.06385399;0.8063754;0.4406483;-0.09285921;0.8003022;0.395533;-0.1567132;-0.0060732;-0.0451153
61.38718;2.279806;0.06369802;0.8074701;0.4410313;-0.09297626;0.80209;0.3954608;-0.15667428;-0.0053801;-0.0455705
61.41572;2.30834;0.06325151;0.8078106;0.4414135;-0.09351355;0.8036953;0.3961026;-0.15676506;-0.0041153;-0.0453109
61.433;2.32562;0.06154111;0.8091662;0.4416182;-0.09528922;0.8061222;0.3965987;-0.15683033;-0.003044;-0.0450195
61.46551;2.358133;0.05852702;0.8076198;0.4422153;-0.09820955;0.8080129;0.3975866;-0.15673657;0.0003931;-0.0446287
61.49506;2.387678;0.0581984;0.8070657;0.4415945;-0.0984448;0.8108276;0.3976732;-0.1566432;0.0037619;-0.0439213
61.51903;2.411654;0.05766471;0.8063974;0.4404795;-0.098611;0.8130396;0.3970096;-0.15627571;0.0066422;-0.0434699
61.54604;2.438663;0.05800612;0.805862;0.439946;-0.09827662;0.8122725;0.3954948;-0.15628274;0.0064105;-0.0444512
61.57589;2.468511;0.05841491;0.8052291;0.439369;-0.09811723;0.8082666;0.3930597;-0.15653214;0.0030375;-0.0463093
61.59712;2.489744;0.06032375;0.8043262;0.4380878;-0.09627532;0.8040342;0.3909599;-0.15659907;-0.000292;-0.0471279
61.63139;2.52402;0.06367844;0.8036368;0.4360095;-0.09274344;0.7963877;0.3874147;-0.15642188;-0.0072491;-0.0485948
61.65284;2.54547;0.06543881;0.8050593;0.4355887;-0.09098874;0.7982383;0.387421;-0.15642755;-0.006821;-0.0481677
61.67577;2.5684;0.06623163;0.804343;0.4357389;-0.09020872;0.7979146;0.387679;-0.15644035;-0.0064284;-0.0480599
61.70449;2.597115;0.06434701;0.8044589;0.4370779;-0.09212816;0.7984003;0.3890381;-0.15647517;-0.0060586;-0.0480398
61.73072;2.623343;0.06273775;0.8052104;0.4365457;-0.09375283;0.7990333;0.3884171;-0.15649058;-0.0061771;-0.0481286
61.75333;2.645961;0.06171374;0.8066134;0.4363896;-0.09476455;0.7997627;0.3881572;-0.15647829;-0.0068507;-0.0482324
61.78332;2.675949;0.06081361;0.8067335;0.4368696;-0.09564085;0.7999166;0.3885875;-0.15645446;-0.0068169;-0.0482821
61.8074;2.700023;0.0607819;0.8065396;0.4371987;-0.09564176;0.7996264;0.3888229;-0.15642366;-0.0069132;-0.0483758
61.83171;2.724336;0.06212778;0.8061721;0.4361206;-0.09427754;0.7992396;0.3877362;-0.15640532;-0.0069325;-0.0483844
61.85896;2.751587;0.06264736;0.8054256;0.4370285;-0.09374425;0.7986081;0.3886466;-0.15639161;-0.0068175;-0.0483819
61.88584;2.778471;0.06329479;0.8049891;0.4357385;-0.09313189;0.7990729;0.3873617;-0.15642668;-0.0059162;-0.0483768
61.91021;2.802839;0.06365399;0.8043785;0.4353227;-0.09277537;0.7981929;0.3868816;-0.15642936;-0.0061856;-0.0484411
61.93794;2.830569;0.06353676;0.8043222;0.4350632;-0.09292573;0.7997286;0.3865635;-0.15646249;-0.0045936;-0.0484997
61.96522;2.857846;0.06348892;0.8043761;0.4353558;-0.09299567;0.7992469;0.3868395;-0.15648459;-0.0051292;-0.0485163
61.98795;2.880578;0.06375234;0.8044852;0.4362084;-0.09275085;0.8005894;0.3876288;-0.15650319;-0.0038958;-0.0485796
62.01695;2.909578;0.06275706;0.8045758;0.437119;-0.09376539;0.800254;0.3885158;-0.15652245;-0.0043218;-0.0486032
62.04128;2.933903;0.06223819;0.8052686;0.4381172;-0.09434267;0.8017656;0.389616;-0.15658086;-0.003503;-0.0485012
62.06575;2.958376;0.06220928;0.807792;0.4403856;-0.09440482;0.8043076;0.391876;-0.1566141;-0.0034844;-0.0485096
62.09355;2.986173;0.06192153;0.8091531;0.4409781;-0.09472538;0.8060017;0.3925129;-0.15664691;-0.0031514;-0.0484652
62.11867;3.011291;0.06196073;0.8091547;0.4414524;-0.09472154;0.8062993;0.393034;-0.15668227;-0.0028554;-0.0484184
62.14277;3.035393;0.06251024;0.808253;0.4403782;-0.09419152;0.8054121;0.3919786;-0.15670176;-0.0028409;-0.0483996
62.17103;3.063656;0.06305446;0.8059872;0.437422;-0.0936906;0.8034978;0.3891308;-0.15674506;-0.0024894;-0.0482912
62.19572;3.088345;0.06359684;0.8037778;0.4362464;-0.09316728;0.8012582;0.3879689;-0.15676412;-0.0025196;-0.0482775
62.22038;3.113004;0.06147895;0.8034862;0.4359437;-0.09530925;0.8010834;0.3877314;-0.1567882;-0.0024028;-0.0482123
62.24744;3.14007;0.05923794;0.8054743;0.4364026;-0.09756202;0.8030672;0.3882004;-0.15679996;-0.0024071;-0.0482022
62.27707;3.169695;0.05757696;0.8055201;0.4367675;-0.09922583;0.8031563;0.3885494;-0.15680279;-0.0023638;-0.0482181
62.29826;3.190887;0.05652914;0.8056783;0.4378882;-0.1002748;0.8032898;0.3896647;-0.15680394;-0.0023885;-0.0482235
62.32686;3.219488;0.05636937;0.8068722;0.4397926;-0.1004365;0.804518;0.3915651;-0.15680587;-0.0023542;-0.0482275
62.35317;3.245799;0.05841647;0.807771;0.4413475;-0.09838948;0.8053978;0.3931051;-0.15680595;-0.0023732;-0.0482424
62.37914;3.27177;0.06009384;0.8062869;0.4395493;-0.09670012;0.8039818;0.391276;-0.15679396;-0.0023051;-0.0482733
62.40569;3.298311;0.06047314;0.8040048;0.4376376;-0.0963143;0.8017306;0.3893501;-0.15678744;-0.0022742;-0.0482875
62.4313;3.323924;0.06096755;0.8015156;0.4366426;-0.09581368;0.7992793;0.3883468;-0.15678123;-0.0022363;-0.0482958
62.46125;3.353873;0.06168367;0.8006213;0.4371397;-0.09509847;0.7984191;0.3888489;-0.15678214;-0.0022022;-0.0482908
62.48697;3.379593;0.06177145;0.7999102;0.4367096;-0.09500654;0.7978019;0.3884086;-0.15677799;-0.0021083;-0.048301
62.52767;3.420298;0.06155866;0.7993963;0.4359967;-0.09522159;0.797255;0.3877003;-0.15678025;-0.0021413;-0.0482964
62.54675;3.439378;0.06193339;0.7992325;0.435607;-0.09484673;0.7970985;0.3873051;-0.15678012;-0.002134;-0.0483019
62.57078;3.463408;0.06290351;0.7991428;0.4352668;-0.09387639;0.7970048;0.3869592;-0.1567799;-0.002138;-0.0483076
62.58636;3.478982;0.06375878;0.7996607;0.4350831;-0.09301846;0.7975292;0.3867663;-0.15677724;-0.0021315;-0.0483168
62.61889;3.511514;0.0638617;0.798107;0.4335842;-0.09291466;0.7959803;0.3852655;-0.15677636;-0.0021267;-0.0483187
62.64043;3.533056;0.06344423;0.7962534;0.4330612;-0.09333058;0.7941332;0.3847397;-0.15677481;-0.0021202;-0.0483215
62.67245;3.565079;0.06379577;0.7958727;0.4322089;-0.09298036;0.7937498;0.383891;-0.15677613;-0.0021229;-0.0483179
62.69398;3.586607;0.06620858;0.7955941;0.4314374;-0.09056806;0.7934727;0.3831248;-0.15677664;-0.0021214;-0.0483126
62.72577;3.618392;0.06803328;0.7939784;0.4301136;-0.08874494;0.7918547;0.3818136;-0.15677822;-0.0021237;-0.0483
62.758;3.650622;0.06957395;0.7934409;0.4310852;-0.08719647;0.7913896;0.382764;-0.15677042;-0.0020513;-0.0483212
62.78851;3.681134;0.06771849;0.7953132;0.4348468;-0.08902696;0.7934117;0.3864414;-0.15674545;-0.0019015;-0.0484054
62.81789;3.710515;0.06618161;0.7958076;0.4358615;-0.09056959;0.7938498;0.3874832;-0.1567512;-0.0019578;-0.0483783
62.84632;3.738946;0.06350121;0.7957445;0.4352127;-0.09324221;0.7938262;0.3868178;-0.15674342;-0.0019183;-0.0483949
62.87172;3.764349;0.06237463;0.7968508;0.4370964;-0.09435906;0.7949508;0.3886851;-0.15673369;-0.0019;-0.0484113
62.89638;3.789006;0.06350575;0.7965218;0.4371464;-0.09322457;0.7946017;0.3887289;-0.15673032;-0.0019201;-0.0484175
62.92872;3.821345;0.06483278;0.7925419;0.4322946;-0.0918992;0.7906248;0.383889;-0.15673198;-0.0019171;-0.0484056
62.95355;3.846177;0.06647608;0.7918738;0.4305026;-0.09025587;0.7899569;0.3820897;-0.15673195;-0.0019169;-0.0484129
62.98423;3.876858;0.06595388;0.7919596;0.4309503;-0.09077819;0.7900438;0.3825397;-0.15673207;-0.0019158;-0.0484106
63.00723;3.89985;0.06400347;0.7926034;0.433661;-0.09273148;0.7906933;0.3852588;-0.15673495;-0.0019101;-0.0484022
63.03455;3.927177;0.0628714;0.794302;0.4350478;-0.09386432;0.792387;0.38664;-0.15673572;-0.001915;-0.0484078
63.06086;3.95348;0.06786413;0.7974516;0.4377873;-0.08887025;0.7955391;0.3893727;-0.15673438;-0.0019125;-0.0484146
63.08809;3.980718;0.0758729;0.7963955;0.4387426;-0.08085878;0.7944827;0.3903175;-0.15673168;-0.0019128;-0.0484251
63.11564;4.00827;0.07749857;0.7939187;0.4371482;-0.07923248;0.7920037;0.3887169;-0.15673105;-0.001915;-0.0484313
63.14013;4.032761;0.07569256;0.7941867;0.4369799;-0.08102732;0.7923035;0.3885124;-0.15671988;-0.0018832;-0.0484675
63.1699;4.062522;0.07339131;0.7952056;0.4380561;-0.08333195;0.7933092;0.3896005;-0.15672326;-0.0018964;-0.0484556
63.19287;4.085493;0.07164022;0.7952427;0.4382085;-0.08508171;0.7933465;0.3897507;-0.15672193;-0.0018962;-0.0484578
63.21823;4.110854;0.06989934;0.7942967;0.4379984;-0.08682475;0.7924085;0.3895673;-0.15672409;-0.0018882;-0.0484311
63.24548;4.138111;0.06895088;0.7914554;0.4371445;-0.08777416;0.7895665;0.388725;-0.15672504;-0.0018889;-0.0484195
63.27073;4.163362;0.06841464;0.7899809;0.4355521;-0.0883081;0.7881002;0.3871204;-0.15672274;-0.0018807;-0.0484317
63.29388;4.186505;0.06761298;0.7894262;0.4347197;-0.08909936;0.7875746;0.3862463;-0.15671234;-0.0018516;-0.0484734
63.31775;4.210379;0.06861065;0.7904987;0.435321;-0.08808126;0.7886925;0.3867634;-0.15669191;-0.0018062;-0.0485576
63.34121;4.233833;0.06904943;0.7904184;0.4363161;-0.08763114;0.7886177;0.3877414;-0.15668057;-0.0018007;-0.0485747
63.36944;4.262068;0.06793451;0.7916752;0.4375128;-0.08871122;0.7899367;0.3888389;-0.15664573;-0.0017385;-0.0486739
63.39265;4.285276;0.06656283;0.7919645;0.4378289;-0.09007657;0.7902039;0.3891574;-0.1566394;-0.0017606;-0.0486715
63.41836;4.310986;0.06775069;0.7921755;0.4375637;-0.08886841;0.7903918;0.3888285;-0.1566191;-0.0017837;-0.0487352
63.44162;4.334245;0.06713815;0.7916431;0.4378346;-0.08942945;0.7897384;0.3889157;-0.1565676;-0.0019047;-0.0489189
63.46894;4.361568;0.06668192;0.7905455;0.4378558;-0.08983435;0.7884928;0.3887986;-0.15651627;-0.0020527;-0.0490572
63.49164;4.384266;0.06587726;0.7904032;0.4377501;-0.09062961;0.7883685;0.3887015;-0.15650687;-0.0020347;-0.0490486
63.50818;4.400805;0.06298509;0.7887042;0.43852;-0.09352352;0.786671;0.3894784;-0.15650861;-0.0020332;-0.0490416
63.53827;4.430896;0.06257287;0.7884315;0.4392233;-0.09392433;0.7863892;0.3901597;-0.1564972;-0.0020423;-0.0490636
63.56338;4.456001;0.0622287;0.7886842;0.4395456;-0.0942716;0.7866499;0.3905116;-0.1565003;-0.0020343;-0.049034
63.58551;4.478136;0.06227683;0.7903857;0.439744;-0.09421726;0.7883888;0.390706;-0.15649409;-0.0019969;-0.049038
63.60959;4.502215;0.06351386;0.7900685;0.4404523;-0.09298159;0.7880955;0.3914312;-0.15649545;-0.001973;-0.0490211
63.63662;4.529244;0.06500238;0.7898895;0.4395511;-0.09149791;0.787942;0.3905624;-0.15650029;-0.0019475;-0.0489887
63.66093;4.553549;0.06653145;0.7900749;0.4388309;-0.08996752;0.7881246;0.3898318;-0.15649897;-0.0019503;-0.0489991
63.68429;4.576915;0.06661078;0.7897925;0.4389611;-0.08989503;0.787836;0.3899792;-0.15650581;-0.0019565;-0.0489819
63.71521;4.607828;0.06668738;0.7898311;0.4388764;-0.08981576;0.7878749;0.3898829;-0.15650314;-0.0019562;-0.0489935
63.72954;4.622162;0.06702188;0.7903809;0.439524;-0.08947985;0.7884243;0.3905238;-0.15650173;-0.0019566;-0.0490002
63.75203;4.644645;0.0680915;0.7913757;0.4405869;-0.08841136;0.7894155;0.3915893;-0.15650286;-0.0019602;-0.0489976
63.78078;4.6734;0.06862511;0.7909189;0.4405197;-0.08787765;0.7889503;0.3915182;-0.15650276;-0.0019686;-0.0490015
63.80403;4.696652;0.06840457;0.7900945;0.4403687;-0.08809625;0.7881101;0.3913578;-0.15650082;-0.0019844;-0.0490109
63.82592;4.718538;0.06754769;0.7900665;0.4414397;-0.0889681;0.7880114;0.3925194;-0.15651579;-0.0020551;-0.0489203
63.85024;4.742865;0.06687921;0.7902359;0.4418543;-0.08968943;0.7881145;0.3931146;-0.15656864;-0.0021214;-0.0487397
63.87265;4.765268;0.06668448;0.7899241;0.4421716;-0.09000094;0.7877695;0.3937548;-0.15668542;-0.0021546;-0.0484168
63.89608;4.788697;0.06682093;0.7894996;0.4418542;-0.08990246;0.7873713;0.3934965;-0.15672339;-0.0021283;-0.0483577
63.91998;4.812603;0.06617754;0.7887105;0.4416535;-0.09063377;0.7866321;0.3934714;-0.15681131;-0.0020784;-0.0481821
63.9421;4.834717;0.0647067;0.7882236;0.4401118;-0.09211649;0.7860736;0.3918255;-0.15682319;-0.00215;-0.0482863
63.97346;4.866086;0.06396879;0.788558;0.4408104;-0.0928866;0.7863119;0.3925772;-0.15685539;-0.0022461;-0.0482332
63.99109;4.883709;0.06356247;0.7887158;0.4409281;-0.093389;0.7861949;0.3928971;-0.15695147;-0.0025209;-0.048031
64.01556;4.90818;0.06332259;0.7889661;0.4415963;-0.09364787;0.7865608;0.3935237;-0.15697046;-0.0024053;-0.0480726
64.03838;4.931003;0.06289357;0.7890241;0.4419582;-0.09414253;0.786791;0.3939988;-0.1570361;-0.0022331;-0.0479594
64.0626;4.955216;0.06253829;0.788706;0.4422502;-0.09450374;0.7864421;0.3942401;-0.15704203;-0.0022639;-0.0480101
64.08626;4.978878;0.06204493;0.788672;0.44317;-0.0950494;0.7862834;0.3953449;-0.15709433;-0.0023886;-0.0478251
64.11379;5.006412;0.06230932;0.7889415;0.4438441;-0.09480406;0.7864285;0.3960742;-0.15711338;-0.002513;-0.0477699
64.13289;5.02551;0.06272094;0.7887574;0.4439293;-0.09441851;0.7859985;0.3962772;-0.15713945;-0.0027589;-0.0476521
64.15314;5.045767;0.06312764;0.7891703;0.4436995;-0.09402096;0.7859589;0.3961119;-0.1571486;-0.0032114;-0.0475876
64.17915;5.071771;0.06353882;0.7896769;0.4432679;-0.09356439;0.7862413;0.3955439;-0.15710321;-0.0034356;-0.047724
64.2037;5.096324;0.06403441;0.7895616;0.4429464;-0.09300885;0.785884;0.3950905;-0.15704326;-0.0036776;-0.0478559
64.22801;5.120639;0.06374333;0.789938;0.4428889;-0.09326933;0.7861536;0.3949838;-0.15701266;-0.0037844;-0.0479051
64.25063;5.143261;0.06334033;0.7900434;0.4427578;-0.09353583;0.7859477;0.3944589;-0.15687616;-0.0040957;-0.0482989
64.27307;5.165702;0.06256991;0.7899612;0.4435155;-0.09416563;0.7854053;0.3948872;-0.15673554;-0.0045559;-0.0486283
64.29712;5.189752;0.0620551;0.7905685;0.4445444;-0.09457134;0.7857833;0.3956621;-0.15662644;-0.0047852;-0.0488823
64.31909;5.211727;0.06179232;0.7912471;0.4460368;-0.09457718;0.7854437;0.3964986;-0.1563695;-0.0058034;-0.0495382
64.34235;5.234984;0.06115787;0.7933894;0.44875;-0.09505487;0.7871075;0.3989891;-0.15621274;-0.0062819;-0.0497609
64.37187;5.264512;0.06024182;0.7949343;0.4503917;-0.09536335;0.7860382;0.399202;-0.15560517;-0.0088961;-0.0511897
64.39459;5.287229;0.06009213;0.7954617;0.4513381;-0.09523126;0.7865914;0.39982;-0.15532339;-0.0088703;-0.0515181
64.41667;5.309308;0.05936956;0.796061;0.452886;-0.09521002;0.786544;0.3993917;-0.15457958;-0.009517;-0.0534943
64.43787;5.330511;0.05764647;0.7967206;0.4546248;-0.09670305;0.7876576;0.4008856;-0.15434952;-0.009063;-0.0537392
64.46216;5.354795;0.05521827;0.7966777;0.455821;-0.0988322;0.7876951;0.4013146;-0.15405047;-0.0089826;-0.0545064
64.48463;5.377264;0.0541522;0.7961524;0.4568249;-0.09882348;0.7871667;0.3991075;-0.15297568;-0.0089857;-0.0577174
64.50964;5.402278;0.05367214;0.7948526;0.4586208;-0.09903394;0.7862911;0.4006515;-0.15270608;-0.0085615;-0.0579693
64.53464;5.427275;0.0526154;0.7944329;0.4597957;-0.09970011;0.7864972;0.4007409;-0.15231551;-0.0079357;-0.0590548
64.56118;5.45382;0.05196162;0.7935752;0.4597402;-0.1000653;0.7865615;0.3996387;-0.15202692;-0.0070137;-0.0601015
64.58303;5.475674;0.05178443;0.7924657;0.4595983;-0.1002139;0.7850966;0.3996363;-0.15199833;-0.0073691;-0.059962
64.60638;5.499024;0.051922;0.7915007;0.4597849;-0.1000892;0.783682;0.40008;-0.1520112;-0.0078187;-0.0597049
64.62943;5.522068;0.05242882;0.791002;0.4602186;-0.09953975;0.7828863;0.4005387;-0.15196857;-0.0081157;-0.0596799
64.65363;5.546271;0.05306176;0.7906102;0.4602387;-0.09882684;0.7829957;0.4006176;-0.1518886;-0.0076145;-0.0596211
64.6763;5.56895;0.05386179;0.7901852;0.4602372;-0.09799369;0.7825594;0.4006442;-0.15185548;-0.0076258;-0.059593
64.70364;5.596297;0.0549504;0.7905551;0.4596267;-0.09689105;0.7832923;0.4000831;-0.15184145;-0.0072628;-0.0595436
64.72729;5.619939;0.05538572;0.7905548;0.4588634;-0.09644528;0.7833792;0.3993312;-0.151831;-0.0071756;-0.0595322
64.74995;5.642598;0.05586343;0.7904736;0.4583459;-0.09596258;0.7833652;0.3988897;-0.15182601;-0.0071084;-0.0594562
64.77239;5.665046;0.05644969;0.7905378;0.458051;-0.09530003;0.7832903;0.3986097;-0.15174972;-0.0072475;-0.0594413
64.79593;5.688584;0.05639852;0.7909929;0.4578282;-0.09533604;0.7834185;0.3985355;-0.15173456;-0.0075744;-0.0592927
64.81955;5.712202;0.05624407;0.7920696;0.4573875;-0.09542459;0.7836106;0.3981411;-0.15166866;-0.008459;-0.0592464
64.84263;5.735279;0.05578026;0.7928357;0.4568591;-0.09587304;0.7842311;0.3977216;-0.1516533;-0.0086046;-0.0591375
64.86644;5.759088;0.05592822;0.7933334;0.456297;-0.09572086;0.7844747;0.397266;-0.15164908;-0.0088587;-0.059031
64.89123;5.783878;0.05590727;0.7934986;0.4551661;-0.09577793;0.7840501;0.3964596;-0.1516852;-0.0094485;-0.0587065
64.91713;5.809776;0.05664634;0.7933679;0.4547409;-0.09507367;0.7839314;0.3962014;-0.15172001;-0.0094365;-0.0585395
64.93967;5.832322;0.05710831;0.7925177;0.454969;-0.09473218;0.7830276;0.3968066;-0.15184049;-0.0094901;-0.0581624
64.96251;5.85516;0.05713612;0.7921814;0.4547407;-0.09477361;0.7827551;0.396703;-0.15190973;-0.0094263;-0.0580377
64.98985;5.882499;0.05702486;0.7923052;0.4545549;-0.09511547;0.783585;0.3970765;-0.15214033;-0.0087202;-0.0574784
65.00947;5.902122;0.0572877;0.7926686;0.4540387;-0.09493831;0.7838835;0.3966736;-0.15222601;-0.0087851;-0.0573651
65.03535;5.928008;0.05749445;0.7928098;0.4535141;-0.09495162;0.7843079;0.3968209;-0.15244607;-0.0085019;-0.0566932
65.06143;5.954082;0.05732383;0.7924429;0.4529197;-0.09523343;0.7840102;0.3964477;-0.15255726;-0.0084327;-0.056472
65.08614;5.978786;0.05704039;0.7921213;0.452663;-0.09568983;0.7842188;0.3965765;-0.15273022;-0.0079025;-0.0560865
65.1078;6.000453;0.05655876;0.7922038;0.4527913;-0.09618874;0.7841734;0.3966028;-0.1527475;-0.0080304;-0.0561885
65.12949;6.022138;0.05644526;0.7922068;0.4532448;-0.09631898;0.7842267;0.3970883;-0.15276424;-0.0079801;-0.0561565
65.15467;6.047325;0.05677862;0.7926435;0.453382;-0.09602126;0.7849197;0.3973138;-0.15279988;-0.0077238;-0.0560682
65.18493;6.07758;0.05740898;0.7924815;0.4531793;-0.09541167;0.7848583;0.3970978;-0.15282065;-0.0076232;-0.0560815
65.20296;6.095607;0.05776296;0.7921659;0.4530932;-0.09507553;0.7848005;0.3970129;-0.15283849;-0.0073654;-0.0560803
65.22789;6.120537;0.05788194;0.7922347;0.4532656;-0.09495742;0.7847501;0.3971713;-0.15283936;-0.0074846;-0.0560943
65.25148;6.144127;0.05810381;0.7928662;0.4536112;-0.09480977;0.7859396;0.3976875;-0.15291358;-0.0069266;-0.0559237
65.273;6.165652;0.05846746;0.792755;0.4537156;-0.09446459;0.7857283;0.3977598;-0.15293205;-0.0070267;-0.0559558
65.29733;6.189971;0.05898676;0.7921531;0.4528247;-0.09396433;0.7852616;0.396877;-0.15295109;-0.0068915;-0.0559477
65.32172;6.214362;0.05897012;0.7917603;0.45257;-0.09399265;0.7850243;0.3966012;-0.15296277;-0.006736;-0.0559688
65.34679;6.239439;0.05853936;0.7917442;0.4529841;-0.09441668;0.7855171;0.3969097;-0.15295604;-0.0062271;-0.0560744
65.37635;6.268997;0.05809452;0.7915224;0.4532906;-0.0948376;0.7853806;0.397062;-0.15293212;-0.0061418;-0.0562286
65.39638;6.289025;0.05740251;0.7912087;0.4534077;-0.09551132;0.785633;0.3970276;-0.15291383;-0.0055757;-0.0563801
65.41974;6.312384;0.05707278;0.7911137;0.4532784;-0.095837;0.7857311;0.3968103;-0.15290978;-0.0053826;-0.0564681
65.4425;6.335145;0.05743086;0.7914175;0.4535105;-0.09551499;0.7863383;0.3970731;-0.15294585;-0.0050792;-0.0564374
65.46769;6.36034;0.05938664;0.7919476;0.4535522;-0.09357475;0.786826;0.3970947;-0.15296139;-0.0051216;-0.0564575
65.49483;6.387475;0.05999342;0.7923862;0.4529034;-0.09307887;0.7886087;0.3965165;-0.15307229;-0.0037775;-0.0563869
65.51762;6.410273;0.0596494;0.7928454;0.4534077;-0.09362181;0.790109;0.3972426;-0.15327121;-0.0027364;-0.0561651
65.54176;6.434406;0.05924421;0.7934957;0.4531741;-0.09413185;0.7904152;0.3970518;-0.15337606;-0.0030805;-0.0561223
65.56516;6.457815;0.05890515;0.7932956;0.4530016;-0.09454746;0.7903044;0.3969849;-0.15345261;-0.0029912;-0.0560167
65.58799;6.480639;0.05867419;0.7932914;0.4523362;-0.09489233;0.7904179;0.3965728;-0.15356652;-0.0028735;-0.0557634
65.61363;6.506281;0.05865162;0.7933958;0.4523171;-0.09497716;0.7904271;0.3966542;-0.15362878;-0.0029687;-0.0556629
65.63748;6.530132;0.05839328;0.7929841;0.4528275;-0.09541641;0.7897791;0.3977425;-0.15380969;-0.003205;-0.055085
65.66515;6.557797;0.05814447;0.791823;0.452709;-0.09572195;0.7886119;0.3977073;-0.15386642;-0.0032111;-0.0550017
65.69405;6.586696;0.05800449;0.7918675;0.4524168;-0.09598083;0.7887198;0.3977359;-0.15398532;-0.0031477;-0.0546809
65.71652;6.60917;0.05813684;0.7922621;0.4520804;-0.09587014;0.7890286;0.3973314;-0.15400698;-0.0032335;-0.054749
65.73988;6.632524;0.05788542;0.7921857;0.4518318;-0.09611978;0.7882509;0.3970729;-0.1540052;-0.0039348;-0.0547589
65.76453;6.657182;0.05769641;0.7920622;0.4511161;-0.09630616;0.7880537;0.3963748;-0.15400257;-0.0040085;-0.0547413
65.78997;6.682617;0.05764824;0.7918911;0.4510498;-0.09636675;0.7873824;0.3964118;-0.15401499;-0.0045087;-0.054638
65.81486;6.707505;0.05725803;0.7912002;0.4512383;-0.09676397;0.7867278;0.3966393;-0.154022;-0.0044724;-0.054599
65.83869;6.731337;0.05741207;0.7909254;0.4511988;-0.0966488;0.7862004;0.3967577;-0.15406087;-0.004725;-0.0544411
65.86297;6.755612;0.0578902;0.7912382;0.4513778;-0.09616517;0.7865645;0.3969153;-0.15405537;-0.0046737;-0.0544625
65.88655;6.779197;0.05835421;0.7912012;0.4515125;-0.09570152;0.7865364;0.3970386;-0.15405573;-0.0046648;-0.0544739
65.91277;6.805411;0.0589443;0.791227;0.4511111;-0.09510624;0.7865812;0.3966109;-0.15405054;-0.0046458;-0.0545002
65.93878;6.831426;0.05885874;0.7911717;0.4508683;-0.09517712;0.7865699;0.3962893;-0.15403586;-0.0046018;-0.054579
65.96381;6.856451;0.05858515;0.7910919;0.4508368;-0.09544347;0.7864988;0.396205;-0.15402862;-0.0045931;-0.0546318
65.98771;6.880353;0.0585464;0.791386;0.4509773;-0.0954593;0.7868126;0.3962265;-0.1540057;-0.0045734;-0.0547508
66.01342;6.906067;0.05860085;0.7915908;0.4499125;-0.09540053;0.7870393;0.3951451;-0.15400138;-0.0045515;-0.0547674
66.04002;6.932671;0.05869419;0.7920401;0.4491999;-0.09526087;0.7875133;0.3942164;-0.15395506;-0.0045268;-0.0549835
66.06453;6.957175;0.05902512;0.7923551;0.4484244;-0.09490622;0.787804;0.3933523;-0.15393134;-0.0045511;-0.0550721
66.0892;6.98184;0.05842564;0.7919396;0.4467384;-0.09549942;0.7873734;0.3916354;-0.15392506;-0.0045662;-0.055103
66.11763;7.010274;0.05817673;0.7912438;0.4474801;-0.09575185;0.7866793;0.3924012;-0.15392858;-0.0045645;-0.0550789
66.14028;7.032922;0.0575554;0.7903855;0.4480918;-0.09635681;0.7858347;0.3930055;-0.15391221;-0.0045508;-0.0550863
66.16338;7.056015;0.05707692;0.7899225;0.4475917;-0.09684141;0.7853538;0.3925655;-0.15391833;-0.0045687;-0.0550262
66.18707;7.079703;0.05661653;0.789382;0.4460353;-0.09730172;0.7848428;0.3910699;-0.15391825;-0.0045392;-0.0549654
66.21337;7.106008;0.05598161;0.7881083;0.4462593;-0.09794683;0.7835661;0.3913383;-0.15392844;-0.0045422;-0.054921
66.23845;7.131085;0.05559573;0.7875836;0.4463022;-0.09838352;0.7831962;0.3915384;-0.15397925;-0.0043874;-0.0547638
66.26321;7.15584;0.05528892;0.7877777;0.4463275;-0.09871734;0.7834028;0.3916279;-0.15400626;-0.0043749;-0.0546996
66.28615;7.178785;0.05508427;0.7879806;0.4466094;-0.09892157;0.7835701;0.3918968;-0.15400584;-0.0044105;-0.0547126
66.30885;7.201481;0.05478987;0.7881141;0.4470266;-0.09930205;0.7839641;0.3925823;-0.15409192;-0.00415;-0.0544443
66.33556;7.228201;0.05481238;0.7881841;0.4476014;-0.09941545;0.7842951;0.3935997;-0.15422783;-0.003889;-0.0540017
66.36235;7.25499;0.05489086;0.787863;0.4478309;-0.09936138;0.7840964;0.3938052;-0.15425224;-0.0037666;-0.0540257
66.38699;7.279624;0.05497581;0.7878376;0.448352;-0.09927329;0.7839711;0.3942671;-0.1542491;-0.0038665;-0.0540849
66.40908;7.301717;0.05509745;0.7879744;0.4488578;-0.09915166;0.7841078;0.3947729;-0.15424911;-0.0038666;-0.0540849
66.43441;7.32705;0.05553759;0.7885209;0.4492992;-0.09875095;0.7849388;0.3952674;-0.15428854;-0.0035821;-0.0540318
66.46263;7.355275;0.05623979;0.7891337;0.4491122;-0.09804132;0.7854795;0.3949772;-0.15428111;-0.0036542;-0.054135
66.48462;7.377262;0.05658636;0.7893758;0.4486452;-0.09766996;0.7856083;0.3943754;-0.15425632;-0.0037675;-0.0542698
66.50784;7.400487;0.0565466;0.7890843;0.4483952;-0.09768769;0.7851883;0.3940462;-0.15423429;-0.003896;-0.054349
66.52935;7.421991;0.0562843;0.7887024;0.4485069;-0.09792514;0.7846426;0.3940598;-0.15420944;-0.0040598;-0.0544471
66.5527;7.445348;0.05627149;0.7881004;0.4488707;-0.09787927;0.7832927;0.3941957;-0.15415076;-0.0048077;-0.054675
66.58206;7.474707;0.05594952;0.7879368;0.449132;-0.09820841;0.7833791;0.3944879;-0.15415793;-0.0045577;-0.0546441
66.60519;7.497841;0.05561329;0.7886754;0.4486905;-0.09852807;0.782883;0.3940135;-0.15414136;-0.0057924;-0.054677
66.62881;7.52146;0.05598841;0.789086;0.4480353;-0.09814623;0.7836504;0.3933558;-0.15413464;-0.0054356;-0.0546795
66.65181;7.544452;0.056123;0.7891822;0.4477797;-0.09796783;0.7834494;0.3928905;-0.15409083;-0.0057328;-0.0548892
66.68008;7.572726;0.05623452;0.7889047;0.44783;-0.09785183;0.7832475;0.392944;-0.15408635;-0.0056572;-0.054886
66.69942;7.59206;0.05627993;0.7884325;0.448012;-0.09779283;0.7827338;0.3930883;-0.15407276;-0.0056987;-0.0549237
66.72704;7.619678;0.05607637;0.7880887;0.4482545;-0.09798902;0.7823827;0.393317;-0.15406539;-0.005706;-0.0549375
66.75385;7.646498;0.05589464;0.7880479;0.4484242;-0.0981524;0.7824132;0.3934435;-0.15404704;-0.0056347;-0.0549807
66.77528;7.667922;0.05594252;0.7881504;0.4483058;-0.09810428;0.7824841;0.3933402;-0.1540468;-0.0056663;-0.0549656
66.80026;7.692909;0.05611867;0.7884895;0.4480589;-0.09789927;0.7833244;0.3929809;-0.15401794;-0.0051651;-0.055078
66.8273;7.719949;0.05616695;0.7888205;0.4481272;-0.0978557;0.7836816;0.393051;-0.15402265;-0.0051389;-0.0550762
66.85036;7.743014;0.05604708;0.7891305;0.4480852;-0.09797886;0.7843072;0.3929884;-0.15402594;-0.0048233;-0.0550968
66.87817;7.770819;0.05596728;0.7892223;0.4478815;-0.09806304;0.7843974;0.3927859;-0.15403032;-0.0048249;-0.0550956
66.89637;7.789026;0.05587859;0.7892896;0.4478534;-0.09815833;0.7846883;0.3927592;-0.15403692;-0.0046013;-0.0550942
66.92003;7.812682;0.0555527;0.7892345;0.4478278;-0.09848849;0.7846965;0.3927161;-0.15404119;-0.004538;-0.0551117
66.94682;7.839475;0.05537144;0.7888232;0.4477148;-0.09867399;0.7844363;0.3925923;-0.15404543;-0.0043869;-0.0551225
66.9696;7.862253;0.05535444;0.7887835;0.4477132;-0.0986963;0.7844101;0.3925844;-0.15405074;-0.0043734;-0.0551288
66.99489;7.887538;0.05555739;0.7887749;0.4474559;-0.09848984;0.7844605;0.3923101;-0.15404723;-0.0043144;-0.0551458
67.01839;7.911037;0.05539136;0.7888537;0.447724;-0.09865493;0.7845772;0.3925694;-0.15404629;-0.0042765;-0.0551546
67.04205;7.934692;0.05531505;0.7886893;0.4481127;-0.09872372;0.7845328;0.3929537;-0.15403877;-0.0041565;-0.055159
67.06933;7.961979;0.05483565;0.788519;0.4485272;-0.09920146;0.7843699;0.3933624;-0.15403711;-0.0041491;-0.0551648
67.09451;7.987157;0.05482413;0.7882721;0.4492001;-0.09920694;0.7841362;0.3940282;-0.15403107;-0.0041359;-0.0551719
67.12217;8.014818;0.05540677;0.7883037;0.449923;-0.09861664;0.7841966;0.394742;-0.15402341;-0.0041071;-0.055181
67.14256;8.03521;0.05547022;0.7880279;0.450083;-0.09854569;0.7839796;0.3948969;-0.15401591;-0.0040483;-0.0551861
67.16852;8.061164;0.05533931;0.7882747;0.4507023;-0.09865331;0.7843081;0.3954723;-0.15399262;-0.0039666;-0.05523
67.19463;8.087275;0.0563488;0.7890092;0.4523523;-0.09764226;0.7850375;0.3971318;-0.15399106;-0.0039717;-0.0552205
67.21712;8.10977;0.05847745;0.7892616;0.4520108;-0.09551501;0.7852827;0.396794;-0.15399246;-0.0039789;-0.0552168
67.2466;8.139251;0.06046238;0.788691;0.4506741;-0.09348973;0.7848245;0.3953387;-0.15395211;-0.0038665;-0.0553354
67.26357;8.156226;0.06181153;0.7893612;0.4488983;-0.09213352;0.7855245;0.3935612;-0.15394505;-0.0038367;-0.0553371
67.29111;8.183759;0.06277449;0.7907646;0.4463062;-0.09115677;0.786962;0.3909495;-0.15393126;-0.0038026;-0.0553567
67.31626;8.208916;0.06283633;0.7909758;0.4444038;-0.09110016;0.7871566;0.3890791;-0.15393649;-0.0038192;-0.0553247
67.33926;8.231912;0.06176987;0.7916786;0.4441211;-0.09216794;0.7878677;0.3888073;-0.15393781;-0.0038109;-0.0553138
67.36466;8.257321;0.06245813;0.7914412;0.4464159;-0.09146836;0.7876283;0.3910723;-0.15392649;-0.0038129;-0.0553436
67.38748;8.28014;0.06023565;0.7919673;0.4493718;-0.09367906;0.7881843;0.3940004;-0.15391471;-0.003783;-0.0553714
67.4154;8.308057;0.05974083;0.7925928;0.4508757;-0.09416157;0.7887934;0.3954789;-0.1539024;-0.0037994;-0.0553968
67.43979;8.332445;0.05894954;0.7936049;0.4515946;-0.09494172;0.7898209;0.3961781;-0.15389126;-0.003784;-0.0554165
67.46349;8.356149;0.05878662;0.795077;0.4512733;-0.09509461;0.7913132;0.395834;-0.15388123;-0.0037638;-0.0554393
67.48812;8.380778;0.0594528;0.7963147;0.4497239;-0.09439921;0.7926005;0.3942077;-0.15385201;-0.0037142;-0.0555162
67.5112;8.403858;0.05960677;0.7967761;0.4499141;-0.09423742;0.7930737;0.3943941;-0.15384419;-0.0037024;-0.05552
67.53952;8.432176;0.05961661;0.7968229;0.4507988;-0.09421234;0.7931641;0.395245;-0.15382895;-0.0036588;-0.0555538
67.56312;8.45577;0.05999341;0.7958618;0.4507238;-0.09383227;0.7922332;0.395178;-0.15382568;-0.0036286;-0.0555458
67.58839;8.481039;0.05992586;0.7943972;0.4515035;-0.09388603;0.7908314;0.3959197;-0.15381189;-0.0035658;-0.0555838
67.61053;8.503179;0.06019881;0.7936383;0.4515145;-0.0936183;0.7900759;0.3959498;-0.15381711;-0.0035624;-0.0555647
67.63873;8.531378;0.06148468;0.7939449;0.4512978;-0.09232779;0.790388;0.3957177;-0.15381247;-0.0035569;-0.0555801
67.66304;8.55569;0.06198672;0.7941393;0.4515429;-0.09182171;0.7905809;0.3959563;-0.15380843;-0.0035584;-0.0555866
67.68754;8.58019;0.06297856;0.7945841;0.4507569;-0.0908336;0.7910404;0.3951876;-0.15381216;-0.0035437;-0.0555693
67.71363;8.606284;0.06435293;0.7953427;0.4502965;-0.08945999;0.791804;0.3947309;-0.15381292;-0.0035387;-0.0555656
67.7387;8.631353;0.06474906;0.7957375;0.4513034;-0.08906572;0.7921867;0.3957379;-0.15381478;-0.0035508;-0.0555655
67.76276;8.655416;0.06362423;0.7958169;0.4549721;-0.09019001;0.7922834;0.3993989;-0.15381424;-0.0035335;-0.0555732
67.79124;8.683899;0.06299741;0.7953854;0.456368;-0.09080682;0.7918653;0.4007704;-0.15380423;-0.0035201;-0.0555976
67.81467;8.707332;0.06319694;0.7949377;0.4555883;-0.09060758;0.7914253;0.399994;-0.15380452;-0.0035124;-0.0555943
67.84544;8.738099;0.06327877;0.794536;0.45545;-0.09052775;0.7910404;0.3998609;-0.15380652;-0.0034956;-0.0555891
67.86391;8.75656;0.0632299;0.7941477;0.4558054;-0.0905721;0.7906514;0.4001992;-0.153802;-0.0034963;-0.0556062
67.88845;8.781101;0.06300653;0.7939983;0.4557167;-0.09079663;0.7905118;0.4001195;-0.15380316;-0.0034865;-0.0555972
67.90875;8.801402;0.06313343;0.7942334;0.4555004;-0.0906651;0.7907731;0.3998899;-0.15379853;-0.0034603;-0.0556105
67.92849;8.82114;0.06339255;0.7944897;0.4547259;-0.09040527;0.7910339;0.399114;-0.15379782;-0.0034558;-0.0556119
67.96024;8.852883;0.06403773;0.7944214;0.4554265;-0.08974396;0.7909956;0.3997523;-0.15378169;-0.0034258;-0.0556742
67.98732;8.879967;0.06338228;0.7945131;0.4556762;-0.09039751;0.7911025;0.3999855;-0.15377979;-0.0034106;-0.0556907
68.00983;8.902476;0.06298588;0.7945735;0.4546877;-0.0907955;0.7911502;0.3989936;-0.15378138;-0.0034233;-0.0556941
68.03291;8.925556;0.06283671;0.7943041;0.4545689;-0.09094565;0.7908759;0.3988739;-0.15378236;-0.0034282;-0.055695
68.0588;8.951447;0.0630722;0.7944363;0.4547094;-0.09071009;0.7910234;0.3990129;-0.15378229;-0.0034129;-0.0556965
68.08459;8.977231;0.0638746;0.7948869;0.455049;-0.08990444;0.7914742;0.3993461;-0.15377904;-0.0034127;-0.0557029
68.10862;9.001265;0.06414178;0.7957938;0.4548921;-0.08964102;0.7923873;0.3992007;-0.1537828;-0.0034065;-0.0556914
68.13081;9.023458;0.06378016;0.7957092;0.4545972;-0.09000294;0.7922958;0.398908;-0.1537831;-0.0034134;-0.0556892
68.15496;9.047606;0.06389838;0.7950382;0.4548426;-0.08988902;0.7916293;0.3991599;-0.1537874;-0.0034089;-0.0556827
68.18327;9.075913;0.06417072;0.7948607;0.4551165;-0.08961588;0.791447;0.3994262;-0.1537866;-0.0034137;-0.0556903
68.20681;9.099461;0.06444067;0.7952702;0.455718;-0.08934641;0.7918825;0.4000283;-0.15378708;-0.0033877;-0.0556897
68.2308;9.123451;0.06433399;0.7957537;0.4557648;-0.0894537;0.7923566;0.4000734;-0.15378769;-0.0033971;-0.0556914
68.25169;9.144352;0.06445736;0.7956475;0.4555237;-0.0893344;0.7922581;0.3998401;-0.15379176;-0.0033894;-0.0556836
68.27544;9.168096;0.06491029;0.7950632;0.4549694;-0.08888314;0.7916868;0.3992913;-0.15379343;-0.0033764;-0.0556781
68.29899;9.191648;0.06527586;0.7941078;0.4545561;-0.08851895;0.7907212;0.3988793;-0.15379481;-0.0033866;-0.0556768
68.32722;9.219881;0.06522494;0.7938161;0.4550692;-0.0885694;0.7904239;0.3993866;-0.15379434;-0.0033922;-0.0556826
68.35069;9.243344;0.06454333;0.7938128;0.4556609;-0.08926118;0.7904646;0.4000028;-0.15380451;-0.0033482;-0.0556581
68.37376;9.266416;0.06370589;0.7938925;0.4553339;-0.09009835;0.7907113;0.3996605;-0.15380424;-0.0031812;-0.0556734
68.40456;9.297217;0.06324825;0.7945562;0.4555545;-0.0905674;0.7913296;0.3999054;-0.15381565;-0.0032266;-0.0556491
68.42064;9.313297;0.06247149;0.7946718;0.4563473;-0.09134446;0.7914741;0.4006898;-0.15381595;-0.0031977;-0.0556575
68.44716;9.339815;0.06217723;0.7946351;0.4562378;-0.09163974;0.7914753;0.4005757;-0.15381697;-0.0031598;-0.0556621
68.47126;9.363916;0.06240869;0.7941228;0.4558456;-0.09141535;0.7910182;0.4001975;-0.15382404;-0.0031046;-0.0556481
68.49659;9.389247;0.06307364;0.7937204;0.4553841;-0.09075053;0.7905855;0.3997241;-0.15382417;-0.0031349;-0.05566
68.51831;9.410972;0.06303746;0.793308;0.4558577;-0.09079035;0.790166;0.4002111;-0.15382781;-0.003142;-0.0556466
68.54593;9.438588;0.06217397;0.7935032;0.4553692;-0.09165557;0.7903585;0.3997279;-0.15382954;-0.0031447;-0.0556413
68.56841;9.461063;0.06169999;0.7936413;0.4551778;-0.09213147;0.7904945;0.3995463;-0.15383146;-0.0031468;-0.0556315
68.59158;9.484235;0.06171851;0.7925661;0.454932;-0.09211577;0.7894129;0.399307;-0.15383428;-0.0031532;-0.055625
68.61594;9.508601;0.06170812;0.791755;0.4550495;-0.09215038;0.788635;0.3994914;-0.1538585;-0.00312;-0.0555581
68.63852;9.531173;0.06111003;0.7914842;0.454917;-0.09274711;0.7883532;0.3993384;-0.15385714;-0.003131;-0.0555786
68.66889;9.561544;0.06055804;0.7913519;0.4540036;-0.09329959;0.7882184;0.3984278;-0.15385763;-0.0031335;-0.0555758
68.68703;9.579681;0.05968251;0.7915403;0.4538544;-0.09417394;0.7884076;0.3982719;-0.15385645;-0.0031327;-0.0555825
68.70969;9.60234;0.05993319;0.7919787;0.4531703;-0.09392344;0.788842;0.3975872;-0.15385663;-0.0031367;-0.0555831
68.73538;9.628033;0.05952206;0.7921385;0.4534053;-0.09434821;0.7890244;0.3978549;-0.15387027;-0.0031141;-0.0555504
68.7617;9.654344;0.05923571;0.7927237;0.4535068;-0.09463449;0.7895942;0.3979444;-0.1538702;-0.0031295;-0.0555624
68.78628;9.678928;0.05925676;0.7929885;0.4537036;-0.09461354;0.7898571;0.3981332;-0.1538703;-0.0031314;-0.0555704
68.80733;9.699979;0.05894949;0.7933568;0.4549003;-0.09492195;0.790221;0.3993334;-0.15387144;-0.0031358;-0.0555669
68.83089;9.72355;0.05823711;0.7932647;0.4559326;-0.09563559;0.7901261;0.4003693;-0.1538727;-0.0031386;-0.0555633
68.85734;9.749992;0.05762754;0.7933925;0.4573264;-0.09624644;0.7902463;0.4017651;-0.15387398;-0.0031462;-0.0555613
68.88322;9.775869;0.05743215;0.7935269;0.4569941;-0.09644315;0.7903773;0.4014385;-0.1538753;-0.0031496;-0.0555556
68.90766;9.800313;0.05767062;0.7936506;0.4564997;-0.09621099;0.7904692;0.4009701;-0.15388161;-0.0031814;-0.0555296
68.92967;9.822325;0.05785473;0.7937658;0.456119;-0.09603278;0.7905754;0.4005973;-0.15388751;-0.0031904;-0.0555217
68.95453;9.847184;0.05810215;0.7935014;0.4560282;-0.09580076;0.7902941;0.4005431;-0.15390291;-0.0032073;-0.0554851
68.97727;9.86993;0.05802348;0.7931815;0.4558487;-0.09589341;0.7899624;0.4003982;-0.15391689;-0.0032191;-0.0554505
69.00237;9.895024;0.05794218;0.7924696;0.4557834;-0.09600388;0.7891858;0.4004066;-0.15394606;-0.0032838;-0.0553768
69.02835;9.921012;0.05816319;0.7917287;0.4556319;-0.09578573;0.7884439;0.4002454;-0.15394892;-0.0032848;-0.0553865
69.0529;9.945562;0.05860358;0.7915117;0.4553762;-0.09534508;0.7882309;0.3999884;-0.15394866;-0.0032808;-0.0553878
69.07714;9.969797;0.05912606;0.791725;0.4553635;-0.09484691;0.7883705;0.4000469;-0.15397297;-0.0033545;-0.0553166
69.10062;9.993284;0.05922958;0.7915302;0.4551058;-0.09473891;0.7881964;0.3997654;-0.15396849;-0.0033338;-0.0553404
69.12767;10.02033;0.05900764;0.7910026;0.4554977;-0.09496151;0.7876402;0.4001637;-0.15396915;-0.0033624;-0.055334
69.15177;10.04444;0.05939268;0.7908533;0.4546601;-0.09457675;0.7874988;0.3993341;-0.15396943;-0.0033545;-0.055326
69.17502;10.06769;0.06020105;0.7912266;0.4527065;-0.09377563;0.7878656;0.3973994;-0.15397668;-0.003361;-0.0553071
69.19583;10.0885;0.06110869;0.7911975;0.4506722;-0.09286717;0.7878355;0.3953581;-0.15397586;-0.003362;-0.0553141
69.21877;10.11144;0.06159134;0.7911154;0.4508366;-0.09238316;0.7877489;0.3955212;-0.1539745;-0.0033665;-0.0553154
69.24364;10.13632;0.06207427;0.7908342;0.4510909;-0.09190065;0.7874607;0.3957769;-0.15397492;-0.0033735;-0.055314
69.27453;10.1672;0.06210443;0.7913707;0.4510646;-0.09187379;0.787991;0.3957609;-0.15397822;-0.0033797;-0.0553037
69.29494;10.18762;0.06202662;0.7918582;0.4512561;-0.09195094;0.788473;0.395952;-0.15397756;-0.0033852;-0.0553041
69.31644;10.20911;0.0616909;0.7922455;0.4508495;-0.09228562;0.7888655;0.3955402;-0.15397652;-0.00338;-0.0553093
69.3401;10.23278;0.06095426;0.7919664;0.4507154;-0.09301962;0.7885814;0.3953946;-0.15397388;-0.003385;-0.0553208
69.36359;10.25626;0.05981351;0.7913296;0.4512346;-0.09415838;0.7879457;0.3959092;-0.15397189;-0.0033839;-0.0553254
69.39836;10.29103;0.0590426;0.7913387;0.4512636;-0.09493352;0.7879498;0.3959445;-0.15397612;-0.0033889;-0.0553191
69.42308;10.31575;0.05908178;0.7911818;0.4505972;-0.09491123;0.7878932;0.395311;-0.15399301;-0.0032886;-0.0552862
69.44901;10.34168;0.05901613;0.7913236;0.4506962;-0.09498402;0.7880567;0.3954052;-0.15400015;-0.0032669;-0.055291
69.47064;10.36331;0.05881896;0.7913681;0.4516491;-0.09518185;0.7880723;0.3963426;-0.15400081;-0.0032958;-0.0553065
69.50413;10.39679;0.05899582;0.7915484;0.4521344;-0.09500514;0.7882535;0.3968301;-0.15400096;-0.0032949;-0.0553043
69.52829;10.42096;0.05906202;0.7915727;0.4525378;-0.09494208;0.7882752;0.3972461;-0.1540041;-0.0032975;-0.0552917
69.54807;10.44073;0.05916248;0.7916273;0.4527681;-0.09484208;0.7883322;0.3974781;-0.15400456;-0.0032951;-0.05529
69.57159;10.46426;0.05941395;0.7915761;0.4532017;-0.09459158;0.788273;0.3979104;-0.15400553;-0.0033031;-0.0552913
69.59536;10.48802;0.06015155;0.7915095;0.4532306;-0.09385565;0.7882044;0.3979433;-0.1540072;-0.0033051;-0.0552873
69.6275;10.52017;0.06007495;0.7911011;0.4529678;-0.09394798;0.7877838;0.3977231;-0.15402293;-0.0033173;-0.0552447
69.64935;10.54201;0.0596633;0.7911389;0.4535246;-0.09435742;0.7878224;0.3982591;-0.15402072;-0.0033165;-0.0552655
69.67384;10.56651;0.05991258;0.7909252;0.4533935;-0.09412381;0.7875344;0.398175;-0.15403639;-0.0033908;-0.0552185
69.69595;10.58863;0.06021885;0.7906786;0.4532859;-0.09381653;0.7873062;0.3980526;-0.15403538;-0.0033724;-0.0552333
69.71815;10.61082;0.0605529;0.7907735;0.4529777;-0.09348962;0.7873473;0.3977657;-0.15404252;-0.0034262;-0.055212
69.74207;10.63474;0.0606966;0.7912016;0.4535694;-0.09335624;0.7877347;0.3983825;-0.15405284;-0.0034669;-0.0551869
69.76769;10.66037;0.06098092;0.7909983;0.4535027;-0.09308004;0.7874514;0.3983387;-0.15406096;-0.0035469;-0.055164
69.79363;10.6863;0.06102946;0.7909169;0.4534085;-0.09303923;0.7873683;0.398272;-0.15406869;-0.0035486;-0.0551365
69.81092;10.70359;0.06150345;0.7909541;0.4534925;-0.0925721;0.7873223;0.3983769;-0.15407555;-0.0036318;-0.0551156
69.84008;10.73275;0.06189957;0.7909902;0.4540103;-0.09218276;0.7873681;0.3989077;-0.15408233;-0.0036221;-0.0551026
69.86314;10.75581;0.06194213;0.7907474;0.4545003;-0.09214166;0.7870899;0.3994012;-0.15408379;-0.0036575;-0.0550991
69.88699;10.77966;0.06217069;0.7904973;0.4547234;-0.09191891;0.7868525;0.3996351;-0.1540896;-0.0036448;-0.0550883
69.91306;10.80573;0.06183331;0.790301;0.454165;-0.09225548;0.7866552;0.3990698;-0.15408879;-0.0036458;-0.0550952
69.93831;10.83098;0.06147848;0.7901249;0.4539292;-0.0926121;0.786477;0.3988336;-0.15409058;-0.0036479;-0.0550956
69.9606;10.85328;0.06137433;0.7900426;0.4538522;-0.09271625;0.7863948;0.3987567;-0.15409058;-0.0036478;-0.0550955
69.98598;10.87865;0.06117018;0.790112;0.4534615;-0.09292078;0.7864485;0.3983684;-0.15409096;-0.0036635;-0.0550931
70.00851;10.90118;0.06110249;0.7898011;0.4530967;-0.09298821;0.7861215;0.397999;-0.1540907;-0.0036796;-0.0550977
70.03081;10.92348;0.06144316;0.7898143;0.45294;-0.09264772;0.7861381;0.3978412;-0.15409088;-0.0036762;-0.0550988
70.05418;10.94685;0.06133141;0.7902025;0.4535863;-0.09276643;0.7865124;0.3985058;-0.15409784;-0.0036901;-0.0550805
70.07919;10.97186;0.06093661;0.7903824;0.4536994;-0.09316105;0.7866937;0.3986117;-0.15409766;-0.0036887;-0.0550877
70.10674;10.99941;0.06072005;0.7902236;0.4530134;-0.09339108;0.7864888;0.3979696;-0.15411113;-0.0037348;-0.0550438
70.12901;11.02168;0.06142601;0.7900891;0.4520917;-0.0926833;0.7863652;0.3970338;-0.15410931;-0.0037239;-0.0550579
70.15134;11.044;0.06179326;0.7901441;0.4524248;-0.09232336;0.7864045;0.3973843;-0.15411662;-0.0037396;-0.0550405
70.17486;11.06752;0.06127925;0.7898351;0.4532019;-0.09283662;0.7860799;0.3981606;-0.15411587;-0.0037552;-0.0550413
70.19827;11.09094;0.06052225;0.7901131;0.4530944;-0.09359321;0.7863632;0.3980507;-0.15411546;-0.0037499;-0.0550437
70.22423;11.11689;0.06099434;0.7907434;0.4518708;-0.0931288;0.7869802;0.396849;-0.15412314;-0.0037632;-0.0550218
70.24907;11.14174;0.06150841;0.7903733;0.4515625;-0.09261403;0.7866076;0.3965372;-0.15412244;-0.0037657;-0.0550253
70.27238;11.16505;0.06137878;0.7895311;0.4519731;-0.09275973;0.7857363;0.3969908;-0.15413851;-0.0037948;-0.0549823
70.29581;11.18848;0.06099336;0.7890424;0.4528902;-0.09314394;0.7852526;0.3978944;-0.1541373;-0.0037898;-0.0549958
70.31806;11.21073;0.0607332;0.7897058;0.4537413;-0.09341668;0.7858926;0.3987803;-0.15414988;-0.0038132;-0.054961
70.34087;11.23354;0.06043999;0.7902572;0.4532296;-0.09370832;0.7864486;0.3982546;-0.15414831;-0.0038086;-0.054975
70.36412;11.25679;0.06063768;0.7905316;0.4523275;-0.09352492;0.7866712;0.3973938;-0.1541626;-0.0038604;-0.0549337
70.39333;11.28601;0.06034127;0.7906789;0.4519721;-0.09383215;0.7867721;0.3970587;-0.15417342;-0.0039068;-0.0549134
70.40603;11.2987;0.05846627;0.7902788;0.452518;-0.09571403;0.7863474;0.3976147;-0.1541803;-0.0039314;-0.0549033
70.43734;0.0313094;0.05766163;0.7897252;0.4520257;-0.09652539;0.7857711;0.397144;-0.15418702;-0.0039541;-0.0548817
70.46147;0.0554392;0.05705811;0.7898511;0.4520245;-0.0971292;0.7858654;0.3971352;-0.15418731;-0.0039857;-0.0548893
70.48581;0.0797742;0.05699787;0.7890884;0.4519122;-0.09718864;0.785116;0.3970205;-0.15418651;-0.0039724;-0.0548917
70.50886;0.1028218;0.0577958;0.7891901;0.4513208;-0.09639939;0.7851983;0.3964501;-0.15419519;-0.0039918;-0.0548707
70.53055;0.124515;0.05826294;0.7897672;0.4524146;-0.09593196;0.7857834;0.3975446;-0.1541949;-0.0039838;-0.05487
70.55713;0.1510968;0.05778863;0.789758;0.4527591;-0.09641328;0.7857332;0.3979002;-0.15420191;-0.0040248;-0.0548589
70.58179;0.1757593;0.05772665;0.7894538;0.4521797;-0.09648106;0.7853981;0.3973294;-0.15420771;-0.0040557;-0.0548503
70.60609;0.2000585;0.0579649;0.7890292;0.4520565;-0.09624467;0.7849419;0.3972132;-0.15420957;-0.0040873;-0.0548433
70.62948;0.223443;0.05792172;0.7887394;0.4517474;-0.09628706;0.7846653;0.3969017;-0.15420878;-0.0040741;-0.0548457
70.65115;0.2451182;0.05801938;0.7889265;0.451347;-0.09619803;0.7848339;0.3965214;-0.15421741;-0.0040926;-0.0548256
70.67513;0.2690875;0.058637;0.7893377;0.4515502;-0.09557995;0.785248;0.3967212;-0.15421695;-0.0040897;-0.054829
70.69872;0.292682;0.05857544;0.7897012;0.4517139;-0.09564178;0.7856171;0.3968859;-0.15421722;-0.0040841;-0.054828
70.72365;0.317605;0.05849804;0.7896614;0.4519455;-0.0957332;0.7855064;0.3971626;-0.15423124;-0.004155;-0.0547829
70.74737;0.3413281;0.05812789;0.7894841;0.4525231;-0.09610114;0.7853472;0.397719;-0.15422903;-0.0041369;-0.0548041
70.77028;0.3642365;0.05724434;0.789583;0.4534093;-0.0969925;0.7853907;0.3986293;-0.15423684;-0.0041923;-0.05478
70.79298;0.386935;0.0568093;0.7896733;0.4537904;-0.09743265;0.7854679;0.3990216;-0.15424195;-0.0042054;-0.0547688
70.81606;0.4100146;0.05685894;0.7895464;0.4539906;-0.09738199;0.7852705;0.399217;-0.15424093;-0.0042759;-0.0547736
70.84055;0.4345121;0.05725237;0.7891738;0.4535094;-0.09699626;0.7848612;0.398762;-0.15424863;-0.0043126;-0.0547474
70.86366;0.4576146;0.05756923;0.7891008;0.4530927;-0.09668473;0.7847769;0.3983549;-0.15425396;-0.0043239;-0.0547378
70.88685;0.4808052;0.05783729;0.7891228;0.4527002;-0.09641629;0.7848051;0.3979578;-0.15425358;-0.0043177;-0.0547424
70.90951;0.5034615;0.05805901;0.7891424;0.4524206;-0.09619522;0.7848046;0.3976803;-0.15425423;-0.0043378;-0.0547403
70.93552;0.5294802;0.05802667;0.7891221;0.4525345;-0.09622929;0.7847651;0.3977938;-0.15425596;-0.004357;-0.0547407
70.95898;0.5529321;0.0575546;0.7891688;0.4526485;-0.09670127;0.7848025;0.3979055;-0.15425587;-0.0043663;-0.054743
70.98589;0.5798454;0.05739774;0.7894028;0.4525557;-0.09686455;0.7850059;0.3978314;-0.15426229;-0.0043969;-0.0547243
71.00797;0.6019204;0.05792914;0.7895155;0.4521833;-0.09633363;0.7850938;0.3974599;-0.15426277;-0.0044217;-0.0547234
71.02364;0.6175915;0.0584017;0.7892371;0.4515526;-0.09586755;0.7847933;0.3968489;-0.15426925;-0.0044438;-0.0547037
71.05424;0.6482017;0.05838778;0.7889557;0.4513997;-0.0958866;0.7844479;0.396704;-0.15427438;-0.0045078;-0.0546957
71.07582;0.6697741;0.05829975;0.7887435;0.451281;-0.09597383;0.7842351;0.3965783;-0.15427358;-0.0045084;-0.0547027
71.10112;0.6950718;0.05800065;0.7886282;0.450608;-0.09627184;0.7841321;0.3959019;-0.15427249;-0.0044961;-0.0547061
71.12988;0.7238268;0.05787605;0.7885631;0.450457;-0.0963977;0.784024;0.3957559;-0.15427375;-0.0045391;-0.0547011
71.15038;0.7443374;0.05778485;0.7884094;0.4506183;-0.09649701;0.7838668;0.3959405;-0.15428186;-0.0045426;-0.0546778
71.17358;0.7675331;0.05761974;0.7883479;0.4506586;-0.09666233;0.7837702;0.3959718;-0.15428207;-0.0045777;-0.0546868
71.19596;0.789914;0.05698884;0.7883251;0.4510548;-0.09729501;0.7837173;0.3963784;-0.15428385;-0.0046078;-0.0546764
71.22029;0.814243;0.05652926;0.78874;0.4514938;-0.09775966;0.7841122;0.396834;-0.15428892;-0.0046278;-0.0546598
71.24341;0.8373635;0.05587365;0.7882967;0.4517904;-0.09841451;0.7836601;0.3971242;-0.15428816;-0.0046366;-0.0546662
71.26619;0.8601431;0.05617588;0.7886003;0.4516415;-0.09811273;0.7839502;0.3969821;-0.15428861;-0.0046501;-0.0546594
71.29441;0.8883675;0.05637711;0.7885594;0.4511744;-0.0979195;0.7838749;0.3965368;-0.15429661;-0.0046845;-0.0546376
71.31632;0.9102814;0.05663749;0.7885334;0.4510261;-0.09766095;0.7838228;0.3963928;-0.15429844;-0.0047106;-0.0546333
71.34035;0.9343165;0.05646792;0.7885841;0.451593;-0.09783162;0.7838804;0.3969666;-0.15429954;-0.0047037;-0.0546264
71.36399;0.9579549;0.05615973;0.7887194;0.4525793;-0.09814936;0.7839773;0.3979869;-0.15430909;-0.0047421;-0.0545924
71.38509;0.9790614;0.05709394;0.7891328;0.4516603;-0.0972164;0.7844019;0.3970639;-0.15431034;-0.0047309;-0.0545964
71.40822;1.002183;0.05670997;0.7893708;0.4520942;-0.09760875;0.7845774;0.3975272;-0.15431872;-0.0047934;-0.054567
71.43478;1.028746;0.0568634;0.7895092;0.452011;-0.09746057;0.7846775;0.3974663;-0.15432397;-0.0048317;-0.0545447
71.46069;1.054657;0.0573696;0.7895112;0.4519877;-0.09695254;0.7846851;0.3974331;-0.15432214;-0.0048261;-0.0545546
71.48409;1.078053;0.05786365;0.7897007;0.4519484;-0.09645797;0.7848724;0.397386;-0.15432162;-0.0048283;-0.0545624
71.50783;1.101787;0.05837832;0.7898418;0.452525;-0.09594253;0.7850111;0.3979562;-0.15432085;-0.0048307;-0.0545688
71.52959;1.12355;0.05920433;0.7899214;0.4522682;-0.09512336;0.7850776;0.397716;-0.15432769;-0.0048438;-0.0545522
71.55613;1.150093;0.05945208;0.7900025;0.4525156;-0.09487619;0.7851034;0.3979645;-0.15432827;-0.0048991;-0.0545511
71.57635;1.170313;0.05975784;0.7897515;0.4526628;-0.09456832;0.7848548;0.3981112;-0.15432616;-0.0048967;-0.0545516
71.60205;1.196018;0.05970082;0.789768;0.4527797;-0.09462639;0.7847824;0.3982332;-0.15432721;-0.0049856;-0.0545465
71.62545;1.219415;0.05930201;0.7898305;0.4526562;-0.09502333;0.7848536;0.3981057;-0.15432534;-0.0049769;-0.0545505
71.651;1.244967;0.05926798;0.790354;0.4525363;-0.09505977;0.7853061;0.3979913;-0.15432775;-0.0050479;-0.054545
71.6739;1.267863;0.05965532;0.7910386;0.4519331;-0.0946712;0.7859979;0.3973904;-0.15432652;-0.0050407;-0.0545427
71.69798;1.291946;0.06014967;0.7910482;0.4515135;-0.09418669;0.7859951;0.3969987;-0.15433636;-0.0050531;-0.0545148
71.72357;1.317531;0.06008057;0.790702;0.451472;-0.09425494;0.7855956;0.3969573;-0.15433551;-0.0051064;-0.0545147
71.75293;1.346888;0.0600338;0.7902783;0.4516854;-0.09430902;0.7851722;0.3971943;-0.15434282;-0.0051061;-0.0544911
71.77171;1.365672;0.05989233;0.790034;0.4516239;-0.09445686;0.7848445;0.3971449;-0.15434919;-0.0051895;-0.054479
71.7942;1.388167;0.05980076;0.7898598;0.4514286;-0.09454568;0.78466;0.3969421;-0.15434644;-0.0051998;-0.0544865
71.81799;1.411949;0.05974457;0.7898672;0.4513799;-0.09460984;0.7846206;0.3969216;-0.15435441;-0.0052466;-0.0544583
71.84145;1.435408;0.05947451;0.7899011;0.4511952;-0.09488095;0.7846131;0.3967392;-0.15435546;-0.005288;-0.054456
71.86702;1.460982;0.05924113;0.7897979;0.450793;-0.0951131;0.7845116;0.3963371;-0.15435423;-0.0052863;-0.0544559
71.89712;1.491081;0.05916357;0.7895883;0.4507379;-0.09519768;0.784289;0.3963008;-0.15436125;-0.0052993;-0.0544371
71.91937;1.513332;0.05905423;0.7892922;0.4509559;-0.09530546;0.7839782;0.3965099;-0.15435969;-0.005314;-0.054446
71.94349;1.537449;0.05915767;0.7890875;0.4510379;-0.09520441;0.783756;0.3965944;-0.15436208;-0.0053315;-0.0544435
71.96397;1.557929;0.05956274;0.7892358;0.4509481;-0.09479842;0.783892;0.3965012;-0.15436116;-0.0053438;-0.0544469
71.99071;1.584668;0.05985519;0.789591;0.4508462;-0.0945128;0.7842145;0.3964207;-0.15436799;-0.0053765;-0.0544255
72.01537;1.609331;0.05983448;0.7898356;0.4507426;-0.09453259;0.7844558;0.3963126;-0.15436707;-0.0053798;-0.05443
72.039;1.63296;0.05964483;0.7901314;0.4506488;-0.09472194;0.7846979;0.3962141;-0.15436677;-0.0054335;-0.0544347
72.0621;1.656062;0.05924544;0.7904226;0.450826;-0.09512132;0.7849857;0.3963941;-0.15436676;-0.0054369;-0.0544319
72.08498;1.678939;0.05904827;0.7906693;0.451149;-0.09531894;0.7851973;0.3967156;-0.15436721;-0.005472;-0.0544334
72.10748;1.701434;0.05919023;0.7905226;0.4513199;-0.09517355;0.7850281;0.3968752;-0.15436378;-0.0054945;-0.0544447
72.1326;1.726554;0.05916904;0.7902355;0.4512159;-0.09519346;0.784716;0.3967719;-0.1543625;-0.0055195;-0.054444
72.15456;1.748515;0.05915936;0.7900034;0.4508011;-0.09520519;0.7844538;0.3963645;-0.15436455;-0.0055496;-0.0544366
72.17985;1.773805;0.05927473;0.7897612;0.4503764;-0.09508768;0.7842069;0.3959309;-0.15436241;-0.0055543;-0.0544455
72.20694;1.800898;0.05931438;0.789651;0.4506092;-0.09504699;0.7840636;0.3961555;-0.15436137;-0.0055874;-0.0544537
72.22923;1.823194;0.05945359;0.789607;0.4511286;-0.09491301;0.7839617;0.3966945;-0.1543666;-0.0056453;-0.0544341
72.25052;1.844476;0.05953023;0.7893184;0.4512368;-0.09483323;0.7836776;0.396787;-0.15436346;-0.0056408;-0.0544498
72.2738;1.867755;0.05928626;0.7894024;0.4510535;-0.09507795;0.783686;0.396615;-0.15436421;-0.0057164;-0.0544385
72.29815;1.892107;0.05887184;0.7898518;0.4508218;-0.09549014;0.7841202;0.3963796;-0.15436198;-0.0057316;-0.0544422
72.31912;1.913078;0.05858675;0.7901561;0.450972;-0.0957678;0.784303;0.3965185;-0.15435455;-0.0058531;-0.0544535
72.34374;1.937699;0.05837509;0.790127;0.4510463;-0.09598036;0.7842752;0.3966042;-0.15435545;-0.0058518;-0.0544421
72.37033;1.964289;0.05845957;0.7899824;0.4509932;-0.09589534;0.7840506;0.3965527;-0.15435491;-0.0059318;-0.0544405
72.39441;1.988366;0.05851104;0.7898686;0.4508192;-0.09584273;0.7839442;0.3963798;-0.15435377;-0.0059244;-0.0544394
72.41782;2.011773;0.0583505;0.7897666;0.4507567;-0.09600314;0.7838297;0.3963103;-0.15435364;-0.0059369;-0.0544464
72.44025;2.034205;0.05825635;0.789758;0.450513;-0.09609839;0.7838241;0.3960696;-0.15435474;-0.0059339;-0.0544434
72.46316;2.057119;0.0581394;0.7896862;0.4505395;-0.09621534;0.7837523;0.3960961;-0.15435474;-0.0059339;-0.0544434
72.47932;2.073279;0.05809229;0.7896961;0.4505387;-0.09626272;0.783764;0.3960925;-0.15435501;-0.0059321;-0.0544462
72.50808;2.102045;0.05831601;0.7897596;0.450525;-0.09603974;0.7838086;0.3960817;-0.15435575;-0.005951;-0.0544433
72.53345;2.127417;0.05890967;0.7898957;0.4508472;-0.09544608;0.7839521;0.3964033;-0.15435575;-0.0059436;-0.0544439
72.56065;2.15461;0.05954029;0.7896886;0.4507398;-0.09482243;0.7837034;0.3963148;-0.15436272;-0.0059852;-0.054425
72.5843;2.178272;0.05965754;0.7895998;0.4505983;-0.09470189;0.7835728;0.3961622;-0.15435943;-0.006027;-0.0544361
72.60607;2.20004;0.05956552;0.7898107;0.450535;-0.09479508;0.7837793;0.3961082;-0.1543606;-0.0060314;-0.0544268
72.62973;2.223702;0.05925001;0.7902402;0.450554;-0.09511064;0.7841777;0.3961257;-0.15436065;-0.0060625;-0.0544283
72.65199;2.245963;0.05916485;0.790646;0.4508482;-0.09519625;0.7845889;0.3964183;-0.1543611;-0.0060571;-0.0544299
72.67428;2.268245;0.05916594;0.7906477;0.4504757;-0.09519437;0.7845929;0.3960426;-0.15436031;-0.0060548;-0.0544331
72.69822;2.292183;0.05947628;0.7903957;0.4501078;-0.09488437;0.7843419;0.3956715;-0.15436065;-0.0060538;-0.0544363
72.72453;2.318496;0.05984924;0.7901554;0.4501228;-0.09451192;0.7840992;0.3956928;-0.15436116;-0.0060562;-0.05443
72.74961;2.343573;0.0599833;0.790222;0.4504226;-0.09437947;0.7841644;0.3959929;-0.15436277;-0.0060576;-0.0544297
72.76897;2.36293;0.0602293;0.790464;0.4506029;-0.09413426;0.7844015;0.3961765;-0.15436356;-0.0060625;-0.0544264
72.79408;2.388046;0.06048793;0.7907495;0.450655;-0.09387518;0.7846892;0.3962284;-0.15436311;-0.0060603;-0.0544266
72.81558;2.409543;0.06068101;0.7909683;0.4506085;-0.09368318;0.7849042;0.3961832;-0.15436419;-0.0060641;-0.0544253
72.8391;2.433054;0.06091174;0.7909515;0.450521;-0.09345236;0.7848884;0.3960907;-0.1543641;-0.0060631;-0.0544303
72.8622;2.456158;0.06145125;0.7911943;0.45033;-0.09291374;0.7851307;0.3959004;-0.15436499;-0.0060636;-0.0544296
72.88612;2.480085;0.06178021;0.7913028;0.4501618;-0.09258513;0.7852356;0.3957362;-0.15436534;-0.0060672;-0.0544256
72.90887;2.502832;0.06155596;0.7912664;0.4499646;-0.09281015;0.7851945;0.3955423;-0.15436611;-0.0060719;-0.0544223
72.93558;2.529533;0.06136589;0.791244;0.4500574;-0.09299931;0.7851766;0.3956364;-0.1543652;-0.0060674;-0.054421
72.96058;2.554534;0.06142973;0.7912674;0.4501538;-0.09293412;0.7851953;0.3957276;-0.15436385;-0.0060721;-0.0544262
72.98501;2.578962;0.06151585;0.7912405;0.4502513;-0.09284746;0.785166;0.3958261;-0.15436331;-0.0060745;-0.0544252
73.00665;2.60061;0.06109969;0.7911185;0.4500039;-0.09326456;0.7850401;0.3955827;-0.15436425;-0.0060784;-0.0544212
73.02993;2.623889;0.06069497;0.7908354;0.4502328;-0.09366928;0.7847571;0.3958117;-0.15436425;-0.0060783;-0.0544211
73.05965;2.653615;0.0604623;0.7910429;0.4506;-0.09390388;0.7849584;0.3961909;-0.15436618;-0.0060845;-0.0544091
73.07538;2.66934;0.06009942;0.7913067;0.451133;-0.09426734;0.7852247;0.3967228;-0.15436676;-0.006082;-0.0544102
73.09822;2.692183;0.05984314;0.7911327;0.4508981;-0.09452362;0.7850507;0.3964879;-0.15436676;-0.006082;-0.0544102
73.12504;2.718999;0.05975481;0.7910689;0.4504884;-0.09461197;0.7849872;0.3960796;-0.15436678;-0.0060817;-0.0544088
73.15366;2.747627;0.05969464;0.7909588;0.4504321;-0.09467214;0.7848771;0.3960233;-0.15436678;-0.0060817;-0.0544088
73.1701;2.764064;0.05984078;0.7909891;0.4505138;-0.09452865;0.7849001;0.3961167;-0.15436943;-0.006089;-0.0543971
73.19794;2.791904;0.05987285;0.7910683;0.4513218;-0.09449559;0.7849803;0.3969178;-0.15436844;-0.006088;-0.054404
73.21996;2.813923;0.06057725;0.7909756;0.4516743;-0.09379227;0.7848837;0.3972716;-0.15436952;-0.0060919;-0.0544027
73.24361;2.837568;0.06129922;0.7908241;0.4514587;-0.0930703;0.7847322;0.397056;-0.15436952;-0.0060919;-0.0544027
73.27213;2.866096;0.06068514;0.7906432;0.4508652;-0.09368463;0.7845524;0.3964621;-0.15436977;-0.0060908;-0.0544031
73.29372;2.887677;0.05938268;0.7906875;0.4510366;-0.09498625;0.7845973;0.3966327;-0.15436893;-0.0060902;-0.0544039
73.31691;2.910867;0.05848148;0.790406;0.4499086;-0.09588945;0.784311;0.3955129;-0.15437093;-0.006095;-0.0543957
73.3409;2.934864;0.05837759;0.7902187;0.4494008;-0.0959961;0.7841251;0.3950157;-0.15437369;-0.0060936;-0.0543851
73.36383;2.957791;0.05812034;0.790216;0.4503819;-0.0962543;0.7841214;0.3960037;-0.15437464;-0.0060946;-0.0543782
73.38974;2.983698;0.05841462;0.7899521;0.4503152;-0.09595977;0.7838565;0.3959374;-0.15437439;-0.0060956;-0.0543778
73.40881;3.002761;0.05885153;0.7897153;0.4505513;-0.09552311;0.7836207;0.3961731;-0.15437464;-0.0060946;-0.0543782
73.43121;3.02516;0.05877116;0.7897143;0.4510958;-0.09560256;0.783621;0.3967121;-0.15437372;-0.0060933;-0.0543837
73.45797;3.051921;0.05864819;0.7897245;0.4515937;-0.09572426;0.7836308;0.3972038;-0.15437245;-0.0060937;-0.0543899
73.48325;3.077202;0.05852399;0.7897853;0.4514638;-0.09584736;0.7836927;0.3970713;-0.15437135;-0.0060926;-0.0543925
73.50684;3.100794;0.05842609;0.7897166;0.4511998;-0.09594624;0.7836235;0.3968053;-0.15437233;-0.0060931;-0.0543945
73.52927;3.12322;0.05796748;0.7896427;0.4510524;-0.0964044;0.783545;0.3966545;-0.15437188;-0.0060977;-0.0543979
73.5524;3.146354;0.05743875;0.789766;0.4504483;-0.09693338;0.7836655;0.396046;-0.15437213;-0.0061005;-0.0544023
73.57439;3.168348;0.05751742;0.7899492;0.4500345;-0.09685607;0.7838454;0.3956353;-0.15437349;-0.0061038;-0.0543992
73.59051;3.184463;0.05789422;0.7904116;0.4500134;-0.09647918;0.7843102;0.3956185;-0.1543734;-0.0061014;-0.0543949
73.62422;3.218175;0.05813851;0.7906851;0.4508344;-0.09623428;0.7845618;0.3964401;-0.15437279;-0.0061233;-0.0543943
73.64725;3.241202;0.05822742;0.7904828;0.4516767;-0.09615034;0.7843523;0.3972916;-0.15437776;-0.0061305;-0.0543851
73.67328;3.267232;0.05828639;0.7902542;0.4521505;-0.09609508;0.784084;0.3977605;-0.15438147;-0.0061702;-0.05439
73.69506;3.289011;0.05817658;0.790208;0.4518113;-0.09620246;0.7840266;0.3974076;-0.15437904;-0.0061814;-0.0544037
73.71812;3.312066;0.05808959;0.7901587;0.4512835;-0.09629543;0.7839497;0.3968993;-0.15438502;-0.006209;-0.0543842
73.73441;3.328358;0.0574433;0.7893414;0.4506215;-0.09694044;0.7831407;0.3962292;-0.15438374;-0.0062007;-0.0543923
73.76417;3.358117;0.05717325;0.7889519;0.4502945;-0.09721093;0.7827342;0.3959084;-0.15438418;-0.0062177;-0.0543861
73.78968;3.383627;0.05733609;0.7889246;0.4503627;-0.09705576;0.7827163;0.3960025;-0.15439185;-0.0062083;-0.0543602
73.81464;3.408591;0.05762587;0.789242;0.4506229;-0.09676483;0.7830325;0.3962524;-0.1543907;-0.0062095;-0.0543705
73.83829;3.432235;0.05787469;0.7896546;0.4508236;-0.0965201;0.7833961;0.3964755;-0.15439479;-0.0062585;-0.0543481
73.86233;3.456274;0.05832803;0.7900076;0.4511855;-0.09606624;0.783766;0.3968314;-0.15439427;-0.0062416;-0.0543541
73.88634;3.48029;0.05865816;0.7903804;0.4515224;-0.09573632;0.7841123;0.3971651;-0.15439448;-0.0062681;-0.0543573
73.9091;3.503052;0.05856354;0.7901984;0.4516353;-0.0958306;0.7839322;0.3972765;-0.15439414;-0.0062662;-0.0543588
73.9323;3.526245;0.05877446;0.790141;0.4515576;-0.09562426;0.7838874;0.397213;-0.15439872;-0.0062536;-0.0543446
73.95497;3.548921;0.05886476;0.7900014;0.4512826;-0.09553261;0.7837446;0.3969282;-0.15439737;-0.0062568;-0.0543544
73.97874;3.572692;0.05866702;0.7899073;0.4505776;-0.09572889;0.7836326;0.3962168;-0.15439591;-0.0062747;-0.0543608
74.00459;3.598537;0.05866094;0.7895834;0.4504442;-0.09573375;0.7833136;0.396075;-0.15439469;-0.0062698;-0.0543692
74.02894;3.622882;0.05877621;0.7893928;0.4504316;-0.09562317;0.7831311;0.396075;-0.15439938;-0.0062617;-0.0543566
74.05122;3.645159;0.05875858;0.789165;0.450515;-0.09564285;0.7829014;0.3961604;-0.15440143;-0.0062636;-0.0543546
74.07521;3.66915;0.05857769;0.7890668;0.4504256;-0.0958242;0.7828029;0.3960682;-0.15440189;-0.0062639;-0.0543574
74.09624;3.690184;0.05853463;0.7889981;0.4502889;-0.09586756;0.7827278;0.3959292;-0.15440219;-0.0062703;-0.0543597
74.12095;3.714891;0.05860063;0.7892103;0.4505009;-0.09580229;0.7829249;0.3961446;-0.15440292;-0.0062854;-0.0543563
74.14245;3.736391;0.05875497;0.7895875;0.4505718;-0.09565303;0.7833148;0.3962324;-0.154408;-0.0062727;-0.0543394
74.16969;3.763629;0.05886121;0.7898902;0.4507113;-0.09554745;0.7836163;0.3963693;-0.15440866;-0.0062739;-0.054342
74.1941;3.788047;0.05885264;0.7900144;0.451093;-0.09555746;0.7837374;0.396758;-0.1544101;-0.006277;-0.054335
74.21627;3.810216;0.05904578;0.7900522;0.4515054;-0.09536324;0.783779;0.3971691;-0.15440902;-0.0062732;-0.0543363
74.23981;3.833759;0.05907191;0.7899078;0.4516913;-0.09533919;0.783631;0.3973554;-0.1544111;-0.0062768;-0.0543359
74.26296;3.856906;0.05900483;0.7898813;0.4518898;-0.09540626;0.7836044;0.3975539;-0.15441109;-0.0062769;-0.0543359
74.28767;3.881611;0.05907019;0.789995;0.4518906;-0.09534092;0.7837143;0.3975509;-0.15441111;-0.0062807;-0.0543397
74.30893;3.902875;0.05932362;0.790032;0.4512486;-0.09508902;0.7837515;0.3969157;-0.15441264;-0.0062805;-0.0543329
74.33546;3.929406;0.05916836;0.7898469;0.4509904;-0.09525175;0.7835674;0.3966843;-0.15442011;-0.0062795;-0.0543061
74.36233;3.956275;0.05910156;0.7896039;0.4507266;-0.09531769;0.7833254;0.3964121;-0.15441925;-0.0062785;-0.0543145
74.38403;3.977978;0.05883413;0.7894252;0.4505455;-0.09559009;0.7831486;0.3962452;-0.15442422;-0.0062766;-0.0543003
74.40665;4.000589;0.05863519;0.7894651;0.4504501;-0.0957876;0.7831887;0.396142;-0.15442279;-0.0062764;-0.0543081
74.42932;4.023265;0.0585084;0.7894057;0.4501637;-0.09591376;0.7831281;0.3958516;-0.15442216;-0.0062776;-0.0543121
74.45198;4.045925;0.05841333;0.789747;0.4496837;-0.09600994;0.7834682;0.3953818;-0.15442327;-0.0062788;-0.0543019
74.47449;4.06844;0.05848646;0.7902429;0.4498717;-0.09593655;0.7839631;0.3955703;-0.15442301;-0.0062798;-0.0543014
74.50336;4.097306;0.05888888;0.7906551;0.4502789;-0.09553538;0.7843729;0.3959824;-0.15442426;-0.0062822;-0.0542965
74.52815;4.122103;0.05961715;0.7908463;0.4502618;-0.09480679;0.7845678;0.3959621;-0.15442394;-0.0062785;-0.0542997
74.55063;4.144579;0.06048398;0.7905577;0.450675;-0.09393959;0.7842795;0.3963798;-0.15442357;-0.0062782;-0.0542952
74.57195;4.1659;0.06102946;0.7904876;0.4511468;-0.09339531;0.7842066;0.3968553;-0.15442477;-0.006281;-0.0542915
74.59706;4.191011;0.06074256;0.7901525;0.4509035;-0.09368837;0.7838767;0.3966312;-0.15443093;-0.0062758;-0.0542723
74.62469;4.218637;0.05996496;0.789465;0.4507512;-0.09447961;0.7831726;0.3965194;-0.15444457;-0.0062924;-0.0542318
74.64297;4.236917;0.0598049;0.7892404;0.4509849;-0.0946444;0.7829469;0.3967599;-0.1544493;-0.0062935;-0.054225
74.66377;4.257719;0.05941954;0.7894383;0.4512396;-0.09503917;0.7831279;0.3970416;-0.15445871;-0.0063104;-0.054198
74.68751;4.281451;0.05873258;0.7897581;0.4507603;-0.09572612;0.7834343;0.3965627;-0.1544587;-0.0063238;-0.0541976
74.71346;4.307399;0.0589517;0.789614;0.4500476;-0.09551415;0.7832943;0.3958684;-0.15446585;-0.0063197;-0.0541792
74.73801;4.331957;0.05960733;0.7894781;0.449395;-0.0948585;0.7831523;0.3952107;-0.15446583;-0.0063258;-0.0541843
74.76127;4.355209;0.05983409;0.7896634;0.4491502;-0.09463261;0.7833406;0.3949666;-0.1544667;-0.0063228;-0.0541836
74.78566;4.379601;0.05968713;0.789829;0.4488245;-0.09477968;0.783503;0.394638;-0.15446681;-0.006326;-0.0541865
74.80814;4.402083;0.0589934;0.7900501;0.4488714;-0.09547289;0.7837222;0.3946873;-0.15446629;-0.0063279;-0.0541841
74.83408;4.428019;0.05827291;0.7897965;0.4479197;-0.09619366;0.7834656;0.3937373;-0.15446657;-0.0063309;-0.0541824
74.8589;4.452841;0.05796697;0.7892646;0.4477112;-0.09649893;0.7829363;0.3935226;-0.1544659;-0.0063283;-0.0541886
74.88216;4.476094;0.05873727;0.7902399;0.4492422;-0.09573545;0.7838968;0.3950764;-0.15447272;-0.0063431;-0.0541658
74.90513;4.499063;0.05862158;0.7898906;0.4505429;-0.0958567;0.7835543;0.3963881;-0.15447828;-0.0063363;-0.0541548
74.92656;4.520496;0.05847107;0.7897397;0.4511662;-0.09600684;0.7834046;0.3970062;-0.15447791;-0.0063351;-0.05416
74.95004;4.543968;0.05886895;0.7895557;0.4515874;-0.09561586;0.7832003;0.3974468;-0.15448481;-0.0063554;-0.0541406
