TotalTime;SegmentTime;XTran1
5.558564;0.0345979;-0.1351407
5.576429;0.0524629;-0.1351468
5.598881;0.07491469;-0.1350099
5.622984;0.0990179;-0.1347496
5.653445;0.1294794;-0.1344692
5.675567;0.1516007;-0.1346048
5.698842;0.174876;-0.1346641
5.720057;0.1960906;-0.1353549
5.752935;0.2289695;-0.1354666
5.774967;0.2510014;-0.135342
5.798759;0.2747934;-0.1351
5.825517;0.3015511;-0.1348354
5.851966;0.3280009;-0.1346928
5.875025;0.3510598;-0.1347573
5.899855;0.3758898;-0.1349313
5.925272;0.401307;-0.135119
5.945015;0.4210499;-0.135181
5.975663;0.4516977;-0.1349958
6.003149;0.4791833;-0.1346686
6.027454;0.5034887;-0.1344958
6.053893;0.5299279;-0.1341424
6.076713;0.5527479;-0.1336665
6.100168;0.5762024;-0.1332891
6.122225;0.5982601;-0.1338086
6.148056;0.6240903;-0.1345676
6.173916;0.6499505;-0.1348356
6.197806;0.6738405;-0.1349744
6.221241;0.697275;-0.1348198
6.245324;0.7213581;-0.1346407
6.274361;0.7503955;-0.1344665
6.298115;0.7741492;-0.1343203
6.317971;0.7940052;-0.1338738
6.347551;0.8235859;-0.1337465
6.372746;0.8487805;-0.1336698
6.393934;0.8699687;-0.1337469
6.430592;0.9066259;-0.1337878
6.452173;0.928207;-0.1337379
6.47617;0.9522037;-0.1336923
6.505554;0.9815882;-0.134004
6.53954;1.015574;-0.1341089
6.564957;1.040991;-0.1341492
6.591506;1.06754;-0.1340788
6.610406;1.08644;-0.1341452
6.631704;1.107738;-0.1343588
6.658215;1.134249;-0.134302
6.675599;1.151634;-0.1335175
6.706741;1.182776;-0.1329593
6.734571;1.210606;-0.1328895
6.758143;1.234178;-0.1331252
6.782587;1.258621;-0.1331637
6.806648;1.282682;-0.1332778
6.829478;1.305512;-0.1340092
6.852267;1.328301;-0.1340681
6.880165;1.356199;-0.1338729
6.905511;1.381545;-0.133632
6.930473;1.406507;-0.1336664
6.957202;1.433236;-0.1339093
6.981465;1.4575;-0.1342885
7.004383;1.480417;-0.1345794
7.028151;1.504185;-0.1347747
7.050711;1.526745;-0.1347154
7.083811;1.559846;-0.1344405
7.10497;1.581004;-0.1344297
7.127225;1.60326;-0.1338332
7.151084;1.627119;-0.1335928
7.180781;1.656815;-0.1333174
7.204758;1.680792;-0.1329002
7.228164;1.704198;-0.1327643
7.250929;1.726963;-0.1324213
7.279238;1.755272;-0.1324927
7.303793;1.779827;-0.132384
7.327755;1.803789;-0.1325519
7.350499;1.826532;-0.1330445
7.375866;1.8519;-0.1327141
7.403065;1.879098;-0.1324266
7.426156;1.902189;-0.1324239
7.454367;1.930401;-0.1326075
7.474285;1.950319;-0.1329803
7.508811;1.984845;-0.1335138
7.539223;2.015257;-0.133613
7.561914;2.037948;-0.1336485
7.58534;2.061373;-0.1335595
7.610451;2.086485;-0.1334102
7.637269;2.113303;-0.1332379
7.660493;2.136528;-0.1334145
7.684674;2.160708;-0.1340699
7.707722;2.183756;-0.1346285
7.736856;2.212889;-0.1342276
7.759426;2.235459;-0.1334808
7.785219;2.261252;-0.1330919
7.807141;2.283175;-0.1332399
7.829327;2.305361;-0.1333031
7.856017;2.332051;-0.133179
7.883081;2.359115;-0.1328764
7.906314;2.382348;-0.1326152
7.929182;2.405216;-0.1322095
7.9531;2.429134;-0.1319481
7.981628;2.457662;-0.1319335
8.005424;2.481458;-0.1321549
8.02918;2.505213;-0.1325755
8.068779;2.544812;-0.1327098
8.093719;2.569751;-0.1326488
8.118019;2.594052;-0.1322659
8.139233;2.615265;-0.1320266
8.158559;2.634591;-0.1320319
8.178399;2.654431;-0.132193
8.210011;2.686044;-0.1316885
8.235204;2.711236;-0.1313731
8.258814;2.734846;-0.1314126
8.283292;2.759324;-0.1317684
8.30641;2.782442;-0.132076
8.335444;2.811476;-0.1326717
8.358813;2.834845;-0.1331086
8.383581;2.859613;-0.1332736
8.40638;2.882412;-0.133322
8.436107;2.912139;-0.1329756
8.462735;2.938767;-0.1325916
8.484512;2.960544;-0.1323491
8.507193;2.983225;-0.132034
8.529862;3.005894;-0.1318029
8.559706;3.035738;-0.1321647
8.584357;3.060389;-0.1325657
8.607916;3.083948;-0.1326385
8.62928;3.105312;-0.1327586
8.661301;0.0320206;-0.1327792
8.682767;0.0534869;-0.1329065
8.706984;0.0777034;-0.1330257
8.730923;0.1016427;-0.1332055
8.75446;0.1251808;-0.1329806
8.781553;0.1522739;-0.1330705
8.805905;0.1766257;-0.1330222
8.828891;0.1996114;-0.1331175
8.85487;0.2255907;-0.1330764
8.874289;0.2450092;-0.1332327
8.903664;0.2743838;-0.1333925
8.927367;0.2980872;-0.1328535
8.94985;0.3205702;-0.1322054
8.974248;0.3449681;-0.1320025
8.989897;0.3606166;-0.130951
9.036572;0.4072921;-0.1292227
9.061649;0.4323694;-0.1278231
9.082539;0.4532591;-0.1263937
9.106223;0.476944;-0.1246541
9.129376;0.5000973;-0.122184
9.164675;0.5353955;-0.1191189
9.186905;0.5576254;-0.1151159
9.214908;0.585628;-0.1114545
9.238854;0.6095752;-0.1080285
9.254394;0.6251147;-0.1034285
9.281158;0.6518793;-0.09819662
9.305398;0.6761191;-0.09304402
9.328299;0.6990194;-0.08793171
9.351397;0.7221177;-0.08203186
9.379464;0.7501857;-0.07588542
9.402914;0.7736353;-0.06867813
9.427439;0.7981598;-0.06135952
9.450183;0.8209038;-0.05145155
9.487178;0.8578985;-0.04472864
9.511282;0.8820024;-0.03721221
9.537922;0.9086424;-0.03004909
9.561188;0.9319081;-0.02002136
9.59485;0.9655704;-0.01360708
9.617366;0.9880863;-0.01054242
9.636706;1.007427;-0.000511289
9.670485;1.041205;0.004647799
9.694603;1.065324;0.009125203
9.716975;1.087695;0.01370411
9.739636;1.110357;0.01847425
9.769095;1.139815;0.02183564
9.793562;1.164282;0.0246375
9.815456;1.186176;0.02768658
9.843594;1.214313;0.0309627
9.865455;1.236174;0.0342292
9.888527;1.259246;0.03689544
9.915449;1.286168;0.03929994
9.938591;1.30931;0.0424638
9.962647;1.333366;0.04515508
9.98875;1.359469;0.04753357
10.0036;1.374321;0.05004181
10.02885;1.399572;0.05196293
10.05176;1.422478;0.05458759
10.07992;1.450637;0.05635658
10.10403;1.474749;0.05768797
10.12507;1.495791;0.05788128
10.14362;1.514342;0.05803689
10.17183;1.542556;0.05754298
10.20094;1.571657;0.05698183
10.21928;1.589997;0.05554521
10.25132;1.622042;0.05502369
10.27101;1.641733;0.05459242
10.29519;1.665908;0.05414294
10.31746;1.688179;0.05342083
10.34693;1.717651;0.05306552
10.37108;1.741797;0.05293052
10.39507;1.765788;0.05258635
10.41676;1.787483;0.05207228
10.45889;1.829605;0.05199827
10.48347;1.854186;0.05193377
10.50574;1.876464;0.05179565
10.52885;1.899573;0.05183034
10.56581;1.936525;0.05172418
10.59249;1.96321;0.05152519
10.61636;1.987076;0.05142819
10.64011;2.010833;0.05096649
10.66356;2.034277;0.05040606
10.68882;2.059539;0.05065592
10.71554;2.08626;0.05099111
10.73832;2.109035;0.05109458
10.77555;2.146266;0.05181703
10.80107;2.17179;0.05234694
10.82626;2.196976;0.05293782
10.84986;2.220582;0.05357221
10.86934;2.240059;0.05379844
10.88995;2.260664;0.0535044
10.91872;2.289435;0.05342792
10.93649;2.307212;0.05342384
10.9636;2.334321;0.05398387
10.99779;2.368504;0.05419188
11.01691;2.387628;0.0542703
11.04154;2.412259;0.05435712
11.0649;2.43562;0.05448576
11.08113;2.451845;0.05483686
11.11835;2.489067;0.05491658
11.13887;2.509591;0.05496272
11.16153;2.53225;0.055375
11.18533;2.556044;0.05543151
11.20779;2.578512;0.05540217
11.23229;2.603006;0.05518684
11.25533;2.626044;0.0549457
11.2834;2.654114;0.05466677
11.31009;0.0266947;0.05449662
11.33;0.0466041;0.05428904
11.35304;0.0696472;0.05401167
11.37357;0.0901784;0.05345381
11.40191;0.1185191;0.0532249
11.43734;0.1539481;0.05324775
11.4598;0.1764055;0.053544
11.48298;0.1995866;0.0533517
11.50944;0.2260431;0.0529829
11.5296;0.2462099;0.05227075
11.55271;0.2693128;0.05196657
11.58072;0.2973248;0.0519129
11.59797;0.314578;0.05166359
11.62661;0.3432192;0.05173643
11.65933;0.3759327;0.05183274
11.68101;0.3976133;0.05174553
11.70649;0.4230929;0.05168407
11.72784;0.4444472;0.05140726
11.7517;0.4683091;0.05197741
11.78111;0.4977174;0.05227184
11.80423;0.5208338;0.05228459
11.82337;0.5399789;0.05214179
11.86123;0.5778317;0.05187277
11.88626;0.6028695;0.05175899
11.90761;0.6242113;0.05168851
11.92511;0.6417112;0.05139207
11.95571;0.6723161;0.05078007
11.98287;0.6994765;0.05054013
12.00557;0.7221717;0.05049786
12.02487;0.7414781;0.05087101
12.05697;0.7735734;0.051286
12.07792;0.7945257;0.05153296
12.10538;0.8219819;0.05208782
12.12817;0.8447724;0.05241559
12.15404;0.8706427;0.0527252
12.17435;0.8909545;0.05313407
12.20259;0.9191958;0.05287205
12.22604;0.9426472;0.05239148
12.24817;0.964776;0.05212586
12.27411;0.9907191;0.05216899
12.30659;1.023194;0.05197874
12.33236;1.048967;0.05186266
12.35491;1.071514;0.0518548
12.38206;1.098666;0.05176897
12.41525;1.131856;0.05202655
12.43691;1.153511;0.05236188
12.45997;1.17657;0.05263292
12.48292;1.199525;0.05284188
12.51714;1.233742;0.05289826
12.53825;1.25485;0.05289304
12.56168;1.278288;0.05263263
12.58582;1.302429;0.0522437
12.61046;1.32706;0.0522654
12.63673;1.353339;0.05243227
12.66079;1.377394;0.05265208
12.68635;1.402951;0.05266633
12.71151;1.42811;0.05280626
12.73708;1.453683;0.0528602
12.75693;1.473533;0.05279684
12.78623;1.502837;0.05267055
12.81172;1.528319;0.05258507
12.83888;1.555482;0.05233241
12.86257;1.57917;0.05203718
12.88585;1.60245;0.05163248
12.91729;1.633889;0.05143553
12.93972;1.656318;0.05155815
12.96369;1.680288;0.05152734
12.98273;1.699331;0.0513492
13.01642;1.733023;0.05118028
13.03965;1.75625;0.05099656
13.05574;1.772347;0.05096201
13.08298;1.799579;0.05136182
13.10544;1.822047;0.05175395
13.13471;1.851312;0.05204629
13.16241;1.879017;0.05212851
13.18297;1.899575;0.05218252
13.20063;1.917234;0.05209816
13.23547;1.952076;0.05185276
13.25988;1.976481;0.05202859
13.28276;1.99936;0.05217558
13.30727;2.023872;0.05230831
13.33753;2.054134;0.05221186
13.36146;2.078062;0.05202661
13.37948;2.09608;0.05176118
13.39995;2.116551;0.05135041
13.43322;2.149824;0.05137169
13.45915;2.175753;0.05158407
13.48437;2.200973;0.05191965
13.50652;2.223124;0.05221466
13.53414;2.250747;0.05228904
13.5586;2.275198;0.0521384
13.58314;2.299744;0.05189868
13.61021;2.326812;0.05156994
13.63666;2.353263;0.05146065
13.65477;2.371377;0.05106551
13.68355;2.400156;0.05097631
13.71378;2.430385;0.05113143
13.73221;2.448812;0.05161232
13.76093;2.477528;0.05186998
13.78684;2.503438;0.05188168
13.80828;2.524878;0.05171931
13.82769;2.544295;0.05154827
13.85421;2.570815;0.05159459
13.88249;2.599094;0.05183814
13.90535;2.621952;0.05200015
13.92288;2.639485;0.05185514
13.95219;2.668796;0.05173555
13.97271;2.689313;0.05194379
14.0021;2.718707;0.05228405
14.02941;2.74601;0.05256568
14.05744;2.774038;0.05282761
14.08179;2.798388;0.05273467
14.10582;2.82242;0.05232108
14.12801;2.844617;0.05219141
14.15972;2.876326;0.05178551
14.18201;2.898612;0.05166228
14.20749;2.924097;0.05179447
14.23052;2.947123;0.05158143
14.25851;2.97511;0.0514748
14.27712;2.993723;0.05163531
14.30679;0.0296728;0.05221869
14.3323;0.0551773;0.0523539
14.35186;0.0747434;0.05237816
14.3814;0.1042754;0.05226471
14.40634;0.1292245;0.05235009
14.42807;0.1509525;0.05244964
14.45398;0.1768605;0.05141541
14.48505;0.2079311;0.05081493
14.50779;0.2306698;0.05040899
14.53058;0.2534565;0.05011567
14.55957;0.28245;0.05028614
14.58533;0.3082068;0.05037224
14.61076;0.3336385;0.05030745
14.63656;0.3594378;0.05034073
14.65991;0.382789;0.05046465
14.68483;0.4077126;0.05031858
14.71228;0.4351582;0.0498447
14.73597;0.4588494;0.04923505
14.75924;0.4821241;0.04864998
14.78837;0.5112464;0.04775171
14.80704;0.5299188;0.04703279
14.8296;0.552475;0.04543883
14.85984;0.5827202;0.04444427
14.88257;0.6054522;0.04402535
14.89966;0.6225381;0.04304918
14.9279;0.6507776;0.042477
14.95217;0.6750481;0.04229603
14.97845;0.7013286;0.0427646
15.0014;0.7242787;0.04241036
15.02641;0.7492952;0.04186263
15.04794;0.7708212;0.04061367
15.0719;0.7947769;0.03669033
15.10315;0.8260316;0.03279447
15.12486;0.8477415;0.02994183
15.14897;0.8718541;0.02730139
15.1725;0.8953779;0.02402407
15.19806;0.9209387;0.02221638
15.21816;0.9410365;0.01525312
15.24845;0.9713272;0.01127047
15.27347;0.9963543;0.006493028
15.2984;1.02128;0.00467385
15.31867;1.041549;-0.001554191
15.34993;1.072811;-0.005363632
15.3736;1.096475;-0.009099465
15.39652;1.119405;-0.01393074
15.42311;1.145994;-0.01913466
15.44743;1.170311;-0.02340643
15.47523;1.198107;-0.02760934
15.49419;1.217067;-0.03170156
15.51809;1.240969;-0.03545447
15.54324;1.266125;-0.04208098
15.57658;1.299461;-0.0466315
15.60154;1.324423;-0.05063969
15.62584;1.348723;-0.05408615
15.64944;1.372324;-0.05759736
15.67244;1.395319;-0.06161765
15.6999;1.422777;-0.0650694
15.72607;1.448949;-0.06851676
15.74936;1.472237;-0.07209481
15.77281;1.495688;-0.07669753
15.79912;1.521999;-0.08100175
15.8262;1.549077;-0.08420739
15.85097;1.573854;-0.08717369
15.87349;1.596369;-0.09049578
15.89779;1.620673;-0.09440406
15.92659;1.649475;-0.0961494
15.94079;1.663676;-0.1014313
15.97575;1.698627;-0.1045306
15.99714;1.720016;-0.1077555
16.02742;1.750305;-0.1108921
16.05222;1.775103;-0.1139986
16.07448;1.797359;-0.1193107
16.10596;1.828841;-0.1239813
16.12873;1.851614;-0.1284767
16.15233;1.875215;-0.1300044
16.17245;1.89533;-0.1348662
16.20874;1.931622;-0.1362341
16.23161;1.954488;-0.1373159
16.2594;1.982285;-0.1387979
16.28341;2.006296;-0.1397862
16.30762;2.030498;-0.1409176
16.3274;2.05028;-0.1426517
16.35128;2.074165;-0.1447852
16.38081;2.103697;-0.1458367
16.40342;2.126304;-0.1465944
16.4271;2.14999;-0.146786
16.45009;2.172971;-0.1468973
16.47437;2.197254;-0.1468408
16.49711;2.219995;-0.146191
16.52577;2.248654;-0.1456001
16.54985;2.272738;-0.1454228
16.57356;2.296444;-0.1448853
16.59656;2.31944;-0.1446001
16.62151;2.34439;-0.1441657
16.66109;2.383972;-0.1441283
16.6838;2.406682;-0.1440907
16.70713;2.430011;-0.14477
16.73267;2.455555;-0.1452394
16.76164;2.484527;-0.1438812
16.78564;2.508527;-0.1424819
16.81628;2.539165;-0.1416572
16.83823;2.561108;-0.1398497
16.85747;2.580351;-0.1374327
16.88226;2.605139;-0.1354902
16.90638;2.629263;-0.1358869
16.93226;2.655146;-0.1332919
16.95769;2.680569;-0.1316442
16.9793;2.702177;-0.1297087
17.00356;2.726439;-0.1272747
17.02778;2.750658;-0.1249561
17.05733;2.780217;-0.1247253
17.07646;2.799343;-0.1218112
17.1041;2.826985;-0.1194055
17.12727;2.850152;-0.1169661
17.15118;2.87406;-0.1151082
17.18011;2.902988;-0.1141721
17.19773;2.920615;-0.1125462
17.22396;2.946838;-0.1084534
17.25883;2.981707;-0.1052622
17.28354;3.006418;-0.1010336
17.30602;3.028896;-0.09493759
17.33528;3.058157;-0.09029299
17.36035;3.08323;-0.08632335
17.38303;3.105911;-0.08477847
17.40404;3.126924;-0.08193027
17.43025;3.153135;-0.07627969
17.45957;3.182454;-0.07365073
17.48399;3.206871;-0.06934597
17.5141;3.236984;-0.06583555
17.53319;3.256067;-0.06126401
17.56033;3.283205;-0.05715031
17.58494;3.307816;-0.05503646
17.6076;3.33048;-0.04747108
17.63817;3.361054;-0.04266167
17.66152;3.384397;-0.03792959
17.68585;3.40873;-0.03233379
17.71444;3.437321;-0.02859832
17.73826;3.461135;-0.02555323
17.76332;3.486202;-0.02177236
17.78794;3.510817;-0.01769765
17.81731;3.540191;-0.01426303
17.84392;3.566802;-0.01068282
17.86376;3.58664;-0.006042592
17.88843;3.611309;-0.001167573
17.91556;3.638438;0.002428249
17.9384;3.66128;0.005821556
17.96678;3.689658;0.01018276
17.98955;3.712427;0.0140667
18.01548;3.738362;0.01779053
18.03896;3.761838;0.0199042
18.06561;3.78849;0.02682642
18.09664;3.819523;0.029764
18.12105;3.843928;0.0326065
18.14494;3.867823;0.03358341
18.17125;3.89413;0.03727147
18.2033;3.926182;0.04127312
18.22833;3.951212;0.04406045
18.25263;3.975514;0.0467609
18.2781;4.000983;0.04947672
18.30379;4.02667;0.05104179
18.32116;4.044044;0.05537418
18.35075;4.073636;0.05778647
18.37454;4.097421;0.05987815
18.39544;4.11832;0.06219503
18.41888;4.141763;0.06450823
18.44485;4.167734;0.06645037
18.47076;4.193641;0.06727996
18.48363;4.20651;0.06722146
18.51563;4.238511;0.0662972
18.53922;4.262101;0.06454643
18.56228;4.285165;0.0633724
18.58679;4.309674;0.06246705
18.62665;4.34953;0.06211166
18.65033;4.373214;0.06220272
18.67262;4.395507;0.06193963
18.69691;4.419797;0.06219771
18.74396;4.466843;0.06226064
18.76259;4.485472;0.06235491
18.77779;4.500674;0.06209844
18.8016;4.52448;0.06257802
18.83436;4.557247;0.0631939
18.86124;4.584119;0.06287827
18.88613;4.609014;0.06235819
18.9081;4.630982;0.06187223
18.93141;4.654293;0.0612479
18.9606;4.683481;0.06014508
18.98488;4.70776;0.05909607
19.00794;4.73082;0.05740859
19.04154;4.764418;0.05619673
19.06394;4.786817;0.05496888
19.08722;4.810095;0.05281821
19.11774;4.840619;0.0506022
19.13919;4.862071;0.0480793
19.16399;4.886873;0.04577485
19.18684;4.909716;0.04315601
19.21331;4.936188;0.04058958
19.23775;4.960635;0.03820437
19.25844;4.981317;0.03465889
19.28213;5.005007;0.03118832
19.30645;5.029334;0.02782427
19.32948;5.052364;0.02465495
19.35352;5.076395;0.02091105
19.38177;5.104645;0.01926541
19.39809;5.120972;0.01710147
19.42254;5.145424;0.01205292
19.45376;5.176635;0.008653156
19.4796;5.202482;0.005094364
19.50229;5.225166;0.000343084
19.53184;5.254721;-0.003728412
19.55322;5.276102;-0.007627062
19.5757;5.298575;-0.01170527
19.60032;5.323201;-0.01641438
19.62885;5.351727;-0.02043751
19.6514;5.374281;-0.024275
19.68038;5.403265;-0.02866254
19.70212;5.425001;-0.03226268
19.72763;5.450511;-0.03523357
19.75294;5.475817;-0.03824157
19.77542;5.498302;-0.0433601
19.80557;5.528447;-0.04650296
19.82835;5.55123;-0.04927755
19.852;5.574875;-0.05187556
19.87246;5.595341;-0.0555925
19.8965;5.619378;-0.05943055
19.92022;5.643103;-0.06351696
19.94888;5.671755;-0.06705478
19.97459;5.697472;-0.06989433
20.00221;5.725092;-0.07313457
20.02759;5.750471;-0.07583702
20.05162;5.774504;-0.07789984
20.07654;5.79942;-0.08000032
20.10199;5.824867;-0.08292469
20.12934;5.852225;-0.0855772
20.1542;5.877081;-0.08800089
20.17567;5.898557;-0.09058261
20.20198;5.924861;-0.09275612
20.22383;5.94671;-0.0962399
20.25289;5.975768;-0.09895112
20.27473;5.997615;-0.1004397
20.29456;6.017444;-0.1058041
20.32796;6.050846;-0.1090353
20.35261;6.075489;-0.1126373
20.37535;6.098229;-0.1163617
20.40213;6.12501;-0.1194336
20.42842;6.151303;-0.1204742
20.44763;6.170517;-0.1227394
20.48139;6.204277;-0.1230294
20.50244;6.225326;-0.1226159
20.52944;6.252322;-0.1223532
20.55975;6.282634;-0.1222893
20.57997;6.302855;-0.1223444
20.61491;6.337796;-0.122831
20.63857;6.361459;-0.123315
20.66211;6.38499;-0.1239607
20.68651;6.409397;-0.1245168
20.71211;6.434995;-0.1247038
20.73961;6.462497;-0.1247512
20.76407;6.486959;-0.1249765
20.78675;6.509631;-0.1254899
20.81195;6.534831;-0.1258614
20.83985;6.56273;-0.1258879
20.86476;6.587641;-0.1255538
20.88779;6.61068;-0.1249172
20.9146;6.637486;-0.124655
20.94115;6.66404;-0.1243908
20.96615;6.689033;-0.1254344
20.98554;6.708424;-0.1284889
21.01132;6.73421;-0.1294099
21.03788;6.760767;-0.1299348
21.06189;6.784777;-0.1292603
21.09175;6.81464;-0.1293468
21.11396;6.836848;-0.1297962
21.14076;6.863647;-0.130722
21.16297;6.885855;-0.1301619
21.19018;6.913068;-0.1293765
21.22213;6.94502;-0.1287406
21.24515;6.96804;-0.1287169
21.27432;6.997206;-0.1295647
21.29499;7.017875;-0.1292999
21.31365;7.036532;-0.1292625
21.343;7.06589;-0.1289988
21.36628;7.089162;-0.1288752
21.39276;7.115641;-0.1287888
21.42492;7.147803;-0.1280301
21.4628;7.185683;-0.1275031
21.48433;7.207211;-0.1268324
21.50642;7.229302;-0.1262437
21.527;7.249885;-0.1242734
21.55861;7.281497;-0.1221752
21.58077;7.30366;-0.1204217
21.60571;7.328598;-0.1199361
21.62226;7.345147;-0.1157319
21.66098;7.383871;-0.1141366
21.68084;7.403728;-0.1090316
21.71102;7.433905;-0.1053994
21.73652;7.459408;-0.1030934
21.7578;7.480685;-0.1003452
21.78244;7.505325;-0.09913069
21.80019;7.523077;-0.09353353
21.83348;7.556369;-0.09153727
21.858;7.580893;-0.08557368
21.89319;7.616081;-0.08240134
21.91672;7.639608;-0.0788126
21.9414;7.664292;-0.07666433
21.96495;7.687837;-0.07183568
21.99357;7.716456;-0.0679134
22.01792;7.740812;-0.06326658
22.04308;7.765972;-0.05786047
22.07187;7.794758;-0.05396341
22.09596;7.818846;-0.05027788
22.12059;7.843476;-0.04655063
22.1485;7.871392;-0.04348178
22.17302;7.895907;-0.0417317
22.18961;7.912496;-0.03707702
22.22105;7.94394;-0.03271104
22.24882;7.971711;-0.0281209
22.2737;7.996584;-0.02149613
22.3053;8.028184;-0.01672887
22.32872;8.051608;-0.01187956
22.3512;8.074086;-0.00950681
22.37347;8.096362;-0.002481245
22.40635;8.129241;0.000478491
22.43036;8.153252;0.004550472
22.459;8.181887;0.008478619
22.48313;8.20602;0.01426967
22.51086;8.233746;0.01924702
22.53583;8.25872;0.0235332
22.56006;8.282948;0.02757161
22.58439;8.307278;0.03113897
22.60667;8.329555;0.03420443
22.63084;8.353723;0.03766467
22.6599;8.382792;0.0401412
22.68195;8.40484;0.04345576
22.7062;8.429088;0.04658567
22.73175;8.454634;0.04933751
22.75452;8.477401;0.05241094
22.78202;8.504909;0.05474763
22.8062;8.529082;0.05735889
22.82895;8.551831;0.05967322
22.85331;8.576198;0.06195571
22.87828;8.60117;0.06377118
22.90363;8.626519;0.06420851
22.92103;8.64392;0.06476329
22.95116;8.674051;0.06390255
22.9744;8.697291;0.06324963
23.00165;8.724543;0.0631604
23.0277;8.750592;0.06295999
23.04525;8.768142;0.06260757
23.07302;8.79591;0.06256221
23.09651;8.819403;0.06219541
23.12035;8.843239;0.06192844
23.14945;8.87234;0.06212579
23.1741;8.896987;0.06231739
23.19634;8.919232;0.06263401
23.22311;8.945995;0.0625687
23.24396;8.96685;0.06201297
23.27221;8.995101;0.06234568
23.29494;9.017827;0.0633063
23.31952;9.042409;0.06409075
23.34176;9.064652;0.06345038
23.36477;9.087658;0.06254405
23.39087;9.113758;0.06238886
23.41796;9.140854;0.06240561
23.44069;9.163582;0.06225128
23.46424;9.187127;0.06204193
23.4875;9.210391;0.0614569
23.5111;9.233986;0.06126016
23.53784;9.260728;0.0610686
23.55687;9.27976;0.06073026
23.58486;9.307751;0.0596532
23.60822;9.331111;0.05833135
23.63099;9.353872;0.05690207
23.65562;9.378507;0.05599026
23.68443;9.407317;0.05488946
23.70898;9.431869;0.05316968
23.73479;9.457678;0.05089385
23.76255;9.48544;0.04874267
23.78419;9.50708;0.04787684
23.79818;9.521063;0.04638353
23.82634;9.549224;0.04517489
23.85045;9.573334;0.04285246
23.87889;9.601772;0.04024373
23.90647;9.629358;0.03777458
23.92779;9.650676;0.03539051
23.95125;9.674136;0.03279512
23.97833;9.701215;0.03078696
24.00199;9.724877;0.02914236
24.0234;9.746286;0.02598912
24.04907;9.77196;0.02201258
24.07447;9.797359;0.01785185
24.1033;9.82619;0.01432694
24.12532;9.848206;0.01017343
24.14906;9.871948;0.006506346
24.17256;9.895449;0.002648383
24.19807;9.920958;-0.001478381
24.22488;9.947767;-0.007131048
24.25901;9.981899;-0.01076026
24.28207;10.00496;-0.01371383
24.30547;10.02836;-0.01626388
24.33142;10.0543;-0.01964245
24.35927;10.08215;-0.02271759
24.38235;10.10523;-0.02577537
24.40622;10.1291;-0.02890202
24.43382;10.1567;-0.03279012
24.46169;10.18458;-0.03598766
24.48499;10.20787;-0.03906292
24.50752;10.23041;-0.04301412
24.53917;10.26206;-0.04646695
24.56085;10.28373;-0.05022369
24.58549;10.30837;-0.05407407
24.61157;10.33446;-0.05862627
24.63864;10.36153;-0.06246136
24.66196;10.38484;-0.06614106
24.68792;10.4108;-0.06991781
24.71063;10.43351;-0.07407256
24.73795;10.46084;-0.0757532
24.75639;10.47927;-0.08148394
24.79591;10.51879;-0.08471631
24.81735;10.54023;-0.08807968
24.84104;10.56392;-0.09253185
24.87091;10.5938;-0.09573638
24.89138;10.61427;-0.1011352
24.91712;10.64;-0.105879
24.94157;10.66446;-0.1114451
24.97033;10.69321;-0.115703
24.9948;10.71769;-0.1204073
25.02786;10.75074;-0.1233852
25.05151;10.77439;-0.1253402
25.07503;10.79791;-0.1276577
25.10421;10.8271;-0.1289972
25.1229;10.84579;-0.1306442
25.14714;10.87002;-0.1317345
25.17041;10.89329;-0.1331815
25.19506;10.91794;-0.1335069
25.21928;10.94216;-0.133599
25.23849;10.96138;-0.1342569
25.26436;10.98724;-0.1337593
25.29255;11.01544;-0.1335228
25.3112;11.03409;-0.1328748
25.33353;11.05641;-0.1329173
25.3595;11.08238;-0.132025
25.38313;11.10602;-0.131028
25.40761;11.13049;-0.1303354
25.44404;11.16692;-0.1296897
25.46798;11.19086;-0.1297446
25.49183;11.21471;-0.1304534
25.51599;11.23886;-0.1309804
25.53963;11.26251;-0.1313165
25.56919;11.29207;-0.1302478
25.59386;11.31674;-0.1299371
25.61198;11.33486;-0.1287434
25.64634;11.36922;-0.1302333
25.67133;11.39421;-0.1300635
25.6957;11.41857;-0.1291869
25.72482;11.4477;-0.1289654
25.74866;11.47154;-0.1289587
25.77182;11.4947;-0.1308117
25.79619;11.51907;-0.1292217
25.82537;11.54825;-0.1289642
25.85196;11.57484;-0.1286125
25.88671;11.6096;-0.1281521
25.91228;11.63516;-0.1273937
25.93732;11.6602;-0.1269288
25.96021;11.68309;-0.1265148
26.00151;11.72439;-0.1254027
26.02706;11.74994;-0.1251979
26.05051;11.77339;-0.1242392
26.07455;11.79744;-0.1221324
26.10572;11.8286;-0.1203583
26.1274;11.85029;-0.1187983
26.14868;11.87156;-0.1169622
26.17354;11.89642;-0.1151283
26.19702;11.9199;-0.1134329
26.22649;11.94937;-0.1118624
26.25023;11.97312;-0.1099246
26.27454;11.99742;-0.1068921
26.29667;12.01955;-0.1008331
26.33808;12.06096;-0.09917662
26.36157;12.08446;-0.09721091
26.38507;12.10796;-0.09467521
26.4078;12.13068;-0.09037685
26.43824;12.16112;-0.0873541
26.46281;12.1857;-0.08422949
26.48649;12.20938;-0.0811249
26.50911;12.23199;-0.07668924
26.53758;12.26046;-0.07476356
26.55612;12.27901;-0.06820303
26.58544;12.30832;-0.06387784
26.6136;12.33648;-0.061037
26.63206;12.35495;-0.05752545
26.65844;12.38133;-0.05426488
26.68215;12.40503;-0.05100704
26.70637;12.42925;-0.04826925
26.73226;12.45515;-0.04587753
26.74765;12.47054;-0.04271897
26.77246;12.49534;-0.03983302
26.80114;12.52402;-0.03756331
26.82598;12.54887;-0.03560062
26.84822;12.57111;-0.03224006
26.87247;12.59535;-0.02855141
26.89615;12.61903;-0.02660122
26.92585;12.64873;-0.02557657
26.94996;12.67285;-0.02396972
26.98262;12.70551;-0.02293231
27.00592;12.72881;-0.02269201
27.03084;12.75372;-0.02397308
27.05735;12.78024;-0.02418216
27.07795;12.80084;-0.02395691
27.10916;12.83205;-0.02383333
27.1276;12.85049;-0.02424668
27.15898;12.88187;-0.0245912
27.18241;12.90529;-0.02456799
27.20567;12.92855;-0.02459401
27.22907;12.95196;-0.02474738
27.25214;12.97503;-0.02490167
27.27847;13.00136;-0.02524916
27.30333;13.02621;-0.02610953
27.3276;13.05049;-0.02674826
27.34963;13.07252;-0.02673614
27.37272;13.09561;-0.02682554
27.39669;13.11958;-0.0269764
27.42155;13.14444;-0.02621926
27.44884;13.17173;-0.02601425
27.47113;13.19402;-0.02655136
27.49358;13.21647;-0.02723094
27.52085;13.24374;-0.02733009
27.53478;13.25767;-0.02737031
27.56882;13.29171;-0.02704934
27.59271;13.3156;-0.02689045
27.61227;13.33516;-0.02674208
27.63591;13.3588;-0.02626646
27.65947;13.38235;-0.02553753
27.68263;13.40552;-0.02533773
27.7083;13.43118;-0.0253763
27.72904;13.45193;-0.02571853
27.75132;13.47421;-0.02609468
27.77033;13.49322;-0.02671468
27.8026;13.52549;-0.0262087
27.82588;13.54877;-0.02600869
27.83815;13.56104;-0.02596793
27.86329;13.58618;-0.02559824
27.89303;13.61592;-0.02564826
27.91719;13.64009;-0.02601036
27.94299;13.66588;-0.02745653
27.96947;13.69236;-0.02854026
27.99313;13.71602;-0.02834635
28.01449;13.73739;-0.02759465
28.03855;13.76144;-0.02762635
28.06177;13.78466;-0.02748776
28.09224;13.81513;-0.02680322
28.11658;13.83947;-0.02587511
28.13654;13.85943;-0.02479613
28.1619;13.8848;-0.02444185
28.18483;13.90772;-0.0246415
28.20738;13.93027;-0.0253832
28.23186;13.95475;-0.02599411
28.25826;13.98116;-0.0265935
28.28122;14.00411;-0.02689273
28.3049;14.02779;-0.02696239
28.32753;14.05042;-0.02698769
28.35034;14.07323;-0.02625795
28.37435;14.09724;-0.02511665
28.39742;14.12032;-0.02490928
28.41845;14.14134;-0.02412675
28.44725;14.17014;-0.02399963
28.47161;14.19451;-0.02427474
